-- MySQL dump 10.13  Distrib 8.4.3, for Win64 (x86_64)
--
-- Host: localhost    Database: sagis
-- ------------------------------------------------------
-- Server version	8.4.3

/*!40101 SET @OLD_CHARACTER_SET_CLIENT=@@CHARACTER_SET_CLIENT */;
/*!40101 SET @OLD_CHARACTER_SET_RESULTS=@@CHARACTER_SET_RESULTS */;
/*!40101 SET @OLD_COLLATION_CONNECTION=@@COLLATION_CONNECTION */;
/*!50503 SET NAMES utf8mb4 */;
/*!40103 SET @OLD_TIME_ZONE=@@TIME_ZONE */;
/*!40103 SET TIME_ZONE='+00:00' */;
/*!40014 SET @OLD_UNIQUE_CHECKS=@@UNIQUE_CHECKS, UNIQUE_CHECKS=0 */;
/*!40014 SET @OLD_FOREIGN_KEY_CHECKS=@@FOREIGN_KEY_CHECKS, FOREIGN_KEY_CHECKS=0 */;
/*!40101 SET @OLD_SQL_MODE=@@SQL_MODE, SQL_MODE='NO_AUTO_VALUE_ON_ZERO' */;
/*!40111 SET @OLD_SQL_NOTES=@@SQL_NOTES, SQL_NOTES=0 */;

--
-- Table structure for table `academic_levels`
--

DROP TABLE IF EXISTS `academic_levels`;
/*!40101 SET @saved_cs_client     = @@character_set_client */;
/*!50503 SET character_set_client = utf8mb4 */;
CREATE TABLE `academic_levels` (
  `id` tinyint unsigned NOT NULL AUTO_INCREMENT,
  `name` varchar(191) COLLATE utf8mb4_unicode_ci NOT NULL,
  `description` varchar(191) COLLATE utf8mb4_unicode_ci DEFAULT NULL,
  `created_at` timestamp NULL DEFAULT NULL,
  `updated_at` timestamp NULL DEFAULT NULL,
  PRIMARY KEY (`id`)
) ENGINE=InnoDB AUTO_INCREMENT=5 DEFAULT CHARSET=utf8mb4 COLLATE=utf8mb4_unicode_ci;
/*!40101 SET character_set_client = @saved_cs_client */;

--
-- Dumping data for table `academic_levels`
--

LOCK TABLES `academic_levels` WRITE;
/*!40000 ALTER TABLE `academic_levels` DISABLE KEYS */;
INSERT INTO `academic_levels` VALUES (1,'pregrado',NULL,'2025-04-25 06:42:19','2025-04-25 06:42:19'),(2,'especialización',NULL,'2025-04-25 06:42:19','2025-04-25 06:42:19'),(3,'maestría',NULL,'2025-04-25 06:42:19','2025-04-25 06:42:19'),(4,'doctorado',NULL,'2025-04-25 06:42:19','2025-04-25 06:42:19');
/*!40000 ALTER TABLE `academic_levels` ENABLE KEYS */;
UNLOCK TABLES;

--
-- Table structure for table `admins`
--

DROP TABLE IF EXISTS `admins`;
/*!40101 SET @saved_cs_client     = @@character_set_client */;
/*!50503 SET character_set_client = utf8mb4 */;
CREATE TABLE `admins` (
  `id` smallint unsigned NOT NULL AUTO_INCREMENT,
  `person_id` bigint unsigned NOT NULL,
  `email` varchar(191) COLLATE utf8mb4_unicode_ci NOT NULL,
  `password` varchar(191) COLLATE utf8mb4_unicode_ci NOT NULL,
  `created_at` timestamp NULL DEFAULT NULL,
  `updated_at` timestamp NULL DEFAULT NULL,
  PRIMARY KEY (`id`),
  UNIQUE KEY `admins_person_id_unique` (`person_id`),
  UNIQUE KEY `admins_email_unique` (`email`),
  CONSTRAINT `admins_person_id_foreign` FOREIGN KEY (`person_id`) REFERENCES `people` (`id`) ON DELETE CASCADE ON UPDATE CASCADE
) ENGINE=InnoDB AUTO_INCREMENT=3 DEFAULT CHARSET=utf8mb4 COLLATE=utf8mb4_unicode_ci;
/*!40101 SET character_set_client = @saved_cs_client */;

--
-- Dumping data for table `admins`
--

LOCK TABLES `admins` WRITE;
/*!40000 ALTER TABLE `admins` DISABLE KEYS */;
INSERT INTO `admins` VALUES (1,1,'jarlinandresfb@ufps.edu.co','$2y$10$Dhk8XRr.hoCWOOQVSrbntuxOhmx/HZhWdJYCb3R3yk2X4FlZrYO2q','2025-04-25 06:42:36','2025-04-25 06:42:36'),(2,2,'ingsistemas@ufps.edu.co','$2y$10$5C7fCmBZR.H3p4H3Nwx8aeFjA099.uGBYVig/hFp51F0gi33FwiaO','2025-04-25 06:42:36','2025-04-25 06:42:36');
/*!40000 ALTER TABLE `admins` ENABLE KEYS */;
UNLOCK TABLES;

--
-- Table structure for table `cities`
--

DROP TABLE IF EXISTS `cities`;
/*!40101 SET @saved_cs_client     = @@character_set_client */;
/*!50503 SET character_set_client = utf8mb4 */;
CREATE TABLE `cities` (
  `id` bigint unsigned NOT NULL AUTO_INCREMENT,
  `state_id` int unsigned DEFAULT NULL,
  `name` varchar(80) COLLATE utf8mb4_unicode_ci NOT NULL,
  `slug` varchar(191) COLLATE utf8mb4_unicode_ci NOT NULL,
  `created_at` timestamp NULL DEFAULT NULL,
  `updated_at` timestamp NULL DEFAULT NULL,
  PRIMARY KEY (`id`),
  UNIQUE KEY `unique_cities` (`state_id`,`name`),
  CONSTRAINT `cities_state_id_foreign` FOREIGN KEY (`state_id`) REFERENCES `states` (`id`) ON DELETE SET NULL ON UPDATE CASCADE
) ENGINE=InnoDB AUTO_INCREMENT=116 DEFAULT CHARSET=utf8mb4 COLLATE=utf8mb4_unicode_ci;
/*!40101 SET character_set_client = @saved_cs_client */;

--
-- Dumping data for table `cities`
--

LOCK TABLES `cities` WRITE;
/*!40000 ALTER TABLE `cities` DISABLE KEYS */;
INSERT INTO `cities` VALUES (1,1,'Cúcuta','cuc','2025-04-25 06:42:18','2025-04-25 06:42:18'),(2,1,'Mayertfurt','doloribus-aut','2025-04-25 06:42:18','2025-04-25 06:42:18'),(3,2,'South Ameliaview','sed','2025-04-25 06:42:18','2025-04-25 06:42:18'),(4,2,'Giovannyfort','accusantium-aliquid','2025-04-25 06:42:18','2025-04-25 06:42:18'),(5,3,'Delilahburgh','veniam-molestias','2025-04-25 06:42:18','2025-04-25 06:42:18'),(6,4,'Port Sallytown','reiciendis','2025-04-25 06:42:18','2025-04-25 06:42:18'),(7,5,'West Courtney','veritatis','2025-04-25 06:42:18','2025-04-25 06:42:18'),(8,6,'Lake Mylesport','assumenda-odit','2025-04-25 06:42:18','2025-04-25 06:42:18'),(9,6,'Franciscoborough','in','2025-04-25 06:42:18','2025-04-25 06:42:18'),(10,7,'South Rodmouth','eum-quibusdam','2025-04-25 06:42:18','2025-04-25 06:42:18'),(11,7,'Kalebchester','sunt-perspiciatis','2025-04-25 06:42:18','2025-04-25 06:42:18'),(12,8,'New Maryjane','voluptatibus','2025-04-25 06:42:18','2025-04-25 06:42:18'),(13,8,'West Titoville','commodi-non','2025-04-25 06:42:18','2025-04-25 06:42:18'),(14,9,'Gibsonchester','sunt','2025-04-25 06:42:18','2025-04-25 06:42:18'),(15,10,'Deionshire','repudiandae-ducimus','2025-04-25 06:42:18','2025-04-25 06:42:18'),(16,11,'Leuschketown','ratione','2025-04-25 06:42:18','2025-04-25 06:42:18'),(17,11,'South Robbbury','esse','2025-04-25 06:42:18','2025-04-25 06:42:18'),(18,12,'North Tierra','ipsam','2025-04-25 06:42:18','2025-04-25 06:42:18'),(19,13,'South Missouri','consequuntur-voluptates','2025-04-25 06:42:18','2025-04-25 06:42:18'),(20,13,'Port Myrnachester','quam-et','2025-04-25 06:42:18','2025-04-25 06:42:18'),(21,14,'West Maggie','aliquam-quam','2025-04-25 06:42:18','2025-04-25 06:42:18'),(22,14,'Macymouth','mollitia-doloribus','2025-04-25 06:42:18','2025-04-25 06:42:18'),(23,15,'New Mozelleshire','repellat-voluptatem','2025-04-25 06:42:18','2025-04-25 06:42:18'),(24,15,'Tysonside','ducimus-in','2025-04-25 06:42:18','2025-04-25 06:42:18'),(25,16,'Ziemefort','distinctio-illo','2025-04-25 06:42:18','2025-04-25 06:42:18'),(26,16,'North Dylanchester','eaque-deserunt','2025-04-25 06:42:18','2025-04-25 06:42:18'),(27,17,'West Jamison','eum-voluptas','2025-04-25 06:42:18','2025-04-25 06:42:18'),(28,17,'Laynemouth','eos','2025-04-25 06:42:18','2025-04-25 06:42:18'),(29,18,'New Tabithaton','iste','2025-04-25 06:42:18','2025-04-25 06:42:18'),(30,18,'Yvettebury','in-ea','2025-04-25 06:42:18','2025-04-25 06:42:18'),(31,19,'South Evelynshire','dolore-dolores','2025-04-25 06:42:18','2025-04-25 06:42:18'),(32,19,'Christyshire','est-aliquam','2025-04-25 06:42:18','2025-04-25 06:42:18'),(33,20,'East Gaylordtown','provident','2025-04-25 06:42:18','2025-04-25 06:42:18'),(34,21,'Kristinashire','quia-voluptas','2025-04-25 06:42:18','2025-04-25 06:42:18'),(35,22,'South Lia','corporis','2025-04-25 06:42:18','2025-04-25 06:42:18'),(36,22,'Effertzchester','nesciunt','2025-04-25 06:42:18','2025-04-25 06:42:18'),(37,23,'Cortneymouth','nihil','2025-04-25 06:42:18','2025-04-25 06:42:18'),(38,24,'Reynoldsshire','ut-qui','2025-04-25 06:42:18','2025-04-25 06:42:18'),(39,24,'Quigleymouth','velit','2025-04-25 06:42:18','2025-04-25 06:42:18'),(40,25,'South Maximillia','illum','2025-04-25 06:42:18','2025-04-25 06:42:18'),(41,26,'Langworthland','quod-est','2025-04-25 06:42:18','2025-04-25 06:42:18'),(42,27,'Veumburgh','pariatur-nihil','2025-04-25 06:42:18','2025-04-25 06:42:18'),(43,28,'Irmafort','enim-qui','2025-04-25 06:42:18','2025-04-25 06:42:18'),(44,29,'North Tomville','asperiores-doloremque','2025-04-25 06:42:18','2025-04-25 06:42:18'),(45,29,'Judgeview','earum-eos','2025-04-25 06:42:18','2025-04-25 06:42:18'),(46,30,'Lake Rebeka','architecto','2025-04-25 06:42:18','2025-04-25 06:42:18'),(47,31,'East Cecilborough','qui-quia','2025-04-25 06:42:18','2025-04-25 06:42:18'),(48,32,'Annetown','qui-omnis','2025-04-25 06:42:18','2025-04-25 06:42:18'),(49,33,'New Euna','error-dolores','2025-04-25 06:42:18','2025-04-25 06:42:18'),(50,33,'Eichmannberg','ratione-in','2025-04-25 06:42:18','2025-04-25 06:42:18'),(51,34,'Meredithside','iste-expedita','2025-04-25 06:42:18','2025-04-25 06:42:18'),(52,35,'Port Hester','ex-eum','2025-04-25 06:42:18','2025-04-25 06:42:18'),(53,36,'Ronnyland','in-recusandae','2025-04-25 06:42:18','2025-04-25 06:42:18'),(54,36,'Magdalenamouth','quam','2025-04-25 06:42:18','2025-04-25 06:42:18'),(55,37,'South Daphne','molestiae-ad','2025-04-25 06:42:18','2025-04-25 06:42:18'),(56,37,'Port Stevieport','sit','2025-04-25 06:42:18','2025-04-25 06:42:18'),(57,38,'Domenicashire','deleniti-fugiat','2025-04-25 06:42:18','2025-04-25 06:42:18'),(58,38,'Bartellberg','modi','2025-04-25 06:42:18','2025-04-25 06:42:18'),(59,39,'Parkerborough','cupiditate','2025-04-25 06:42:18','2025-04-25 06:42:18'),(60,40,'Mozelleberg','quia-explicabo','2025-04-25 06:42:18','2025-04-25 06:42:18'),(61,40,'Keeblerfort','autem-et','2025-04-25 06:42:18','2025-04-25 06:42:18'),(62,41,'West Estevanfort','excepturi-exercitationem','2025-04-25 06:42:18','2025-04-25 06:42:18'),(63,41,'Lake Krystinastad','odio-sed','2025-04-25 06:42:18','2025-04-25 06:42:18'),(64,42,'East Stevetown','numquam-doloremque','2025-04-25 06:42:18','2025-04-25 06:42:18'),(65,43,'Lake Nicoletteville','ex-blanditiis','2025-04-25 06:42:18','2025-04-25 06:42:18'),(66,43,'Richmondmouth','est-vel','2025-04-25 06:42:18','2025-04-25 06:42:18'),(67,44,'Armstrongside','illum-et','2025-04-25 06:42:18','2025-04-25 06:42:18'),(68,44,'Lindseyland','alias','2025-04-25 06:42:18','2025-04-25 06:42:18'),(69,45,'Haroldhaven','saepe','2025-04-25 06:42:18','2025-04-25 06:42:18'),(70,45,'Runolfsdottirburgh','quibusdam-nobis','2025-04-25 06:42:18','2025-04-25 06:42:18'),(71,46,'Angushaven','et-quas','2025-04-25 06:42:18','2025-04-25 06:42:18'),(72,46,'North Idellaburgh','cumque-molestiae','2025-04-25 06:42:18','2025-04-25 06:42:18'),(73,47,'New Charles','dicta','2025-04-25 06:42:18','2025-04-25 06:42:18'),(74,48,'Port Mariechester','vero','2025-04-25 06:42:18','2025-04-25 06:42:18'),(75,49,'Kuhicstad','officiis-ducimus','2025-04-25 06:42:18','2025-04-25 06:42:18'),(76,50,'East Macy','labore-dolorem','2025-04-25 06:42:18','2025-04-25 06:42:18'),(77,51,'Hansborough','ducimus-hic','2025-04-25 06:42:18','2025-04-25 06:42:18'),(78,51,'New Marjory','nobis','2025-04-25 06:42:18','2025-04-25 06:42:18'),(79,52,'Kirlintown','beatae-odit','2025-04-25 06:42:18','2025-04-25 06:42:18'),(80,52,'Heaneyborough','deserunt','2025-04-25 06:42:18','2025-04-25 06:42:18'),(81,53,'Brakushaven','rerum-voluptates','2025-04-25 06:42:18','2025-04-25 06:42:18'),(82,54,'Ernsertown','quae','2025-04-25 06:42:18','2025-04-25 06:42:18'),(83,55,'North Estrellaborough','blanditiis','2025-04-25 06:42:18','2025-04-25 06:42:18'),(84,55,'Zboncakbury','eligendi-sed','2025-04-25 06:42:18','2025-04-25 06:42:18'),(85,56,'New Kelleyshire','corrupti','2025-04-25 06:42:18','2025-04-25 06:42:18'),(86,57,'Mayatown','error-consequatur','2025-04-25 06:42:18','2025-04-25 06:42:18'),(87,57,'New Laurenport','suscipit-est','2025-04-25 06:42:18','2025-04-25 06:42:18'),(88,58,'East Loren','non-sint','2025-04-25 06:42:18','2025-04-25 06:42:18'),(89,58,'New Kimberlytown','est-aut','2025-04-25 06:42:18','2025-04-25 06:42:18'),(90,59,'Baileystad','perspiciatis','2025-04-25 06:42:18','2025-04-25 06:42:18'),(91,60,'North Camilla','dolorem-dolor','2025-04-25 06:42:18','2025-04-25 06:42:18'),(92,61,'Carolinechester','veritatis-architecto','2025-04-25 06:42:18','2025-04-25 06:42:18'),(93,62,'Lake Merlin','necessitatibus','2025-04-25 06:42:18','2025-04-25 06:42:18'),(94,63,'Port Israelfort','velit-possimus','2025-04-25 06:42:18','2025-04-25 06:42:18'),(95,64,'Ociemouth','dignissimos','2025-04-25 06:42:18','2025-04-25 06:42:18'),(96,64,'East Vestabury','non-sed','2025-04-25 06:42:18','2025-04-25 06:42:18'),(97,65,'Dantemouth','ea-expedita','2025-04-25 06:42:18','2025-04-25 06:42:18'),(98,65,'East Fritz','iure','2025-04-25 06:42:18','2025-04-25 06:42:18'),(99,66,'Lebsackshire','laborum-hic','2025-04-25 06:42:18','2025-04-25 06:42:18'),(100,67,'Jackyhaven','numquam','2025-04-25 06:42:18','2025-04-25 06:42:18'),(101,67,'Cristburgh','inventore-pariatur','2025-04-25 06:42:18','2025-04-25 06:42:18'),(102,68,'South Marquis','sed-voluptates','2025-04-25 06:42:18','2025-04-25 06:42:18'),(103,69,'Lake Brody','vel-qui','2025-04-25 06:42:18','2025-04-25 06:42:18'),(104,70,'North Camillashire','et-aut','2025-04-25 06:42:18','2025-04-25 06:42:18'),(105,71,'Rustyside','quis','2025-04-25 06:42:18','2025-04-25 06:42:18'),(106,72,'North Francescoberg','consequuntur','2025-04-25 06:42:18','2025-04-25 06:42:18'),(107,73,'North Briahaven','blanditiis-ab','2025-04-25 06:42:18','2025-04-25 06:42:18'),(108,73,'Port Faetown','ut-voluptas','2025-04-25 06:42:18','2025-04-25 06:42:18'),(109,74,'Gusikowskiville','voluptatem-harum','2025-04-25 06:42:18','2025-04-25 06:42:18'),(110,74,'Mitchellhaven','exercitationem-vero','2025-04-25 06:42:18','2025-04-25 06:42:18'),(111,75,'West Bernardport','odit','2025-04-25 06:42:18','2025-04-25 06:42:18'),(112,76,'Izabellaview','illo','2025-04-25 06:42:18','2025-04-25 06:42:18'),(113,77,'North Mandy','officia-modi','2025-04-25 06:42:18','2025-04-25 06:42:18'),(114,78,'Lake Sallie','harum-perspiciatis','2025-04-25 06:42:18','2025-04-25 06:42:18'),(115,78,'South Mariannahaven','aliquid-laudantium','2025-04-25 06:42:18','2025-04-25 06:42:18');
/*!40000 ALTER TABLE `cities` ENABLE KEYS */;
UNLOCK TABLES;

--
-- Table structure for table `companies`
--

DROP TABLE IF EXISTS `companies`;
/*!40101 SET @saved_cs_client     = @@character_set_client */;
/*!50503 SET character_set_client = utf8mb4 */;
CREATE TABLE `companies` (
  `id` smallint unsigned NOT NULL AUTO_INCREMENT,
  `city_id` bigint unsigned DEFAULT NULL,
  `name` varchar(191) COLLATE utf8mb4_unicode_ci NOT NULL,
  `email` varchar(191) COLLATE utf8mb4_unicode_ci NOT NULL,
  `address` varchar(191) COLLATE utf8mb4_unicode_ci DEFAULT NULL,
  `phone` varchar(191) COLLATE utf8mb4_unicode_ci DEFAULT NULL,
  `created_at` timestamp NULL DEFAULT NULL,
  `updated_at` timestamp NULL DEFAULT NULL,
  PRIMARY KEY (`id`),
  UNIQUE KEY `companies_email_unique` (`email`),
  UNIQUE KEY `unique_companies` (`city_id`,`name`,`email`),
  CONSTRAINT `companies_city_id_foreign` FOREIGN KEY (`city_id`) REFERENCES `cities` (`id`) ON DELETE SET NULL ON UPDATE CASCADE
) ENGINE=InnoDB AUTO_INCREMENT=116 DEFAULT CHARSET=utf8mb4 COLLATE=utf8mb4_unicode_ci;
/*!40101 SET character_set_client = @saved_cs_client */;

--
-- Dumping data for table `companies`
--

LOCK TABLES `companies` WRITE;
/*!40000 ALTER TABLE `companies` DISABLE KEYS */;
INSERT INTO `companies` VALUES (1,1,'Nicolas-Aufderhar','katelyn19@christiansen.com','966 Arnoldo Ports\nEast Edward, ID 36541','(651) 907-0795','2025-04-25 06:42:18','2025-04-25 06:42:18'),(2,2,'Kulas, Sanford and Robel','hauck.garrison@lueilwitz.org','602 Maggio Canyon\nGarfieldburgh, SC 19959-0029','+1.323.671.2269','2025-04-25 06:42:18','2025-04-25 06:42:18'),(3,3,'Walter Inc','betty16@johnston.com','40846 Padberg Square Apt. 623\nTremblayville, NY 43160-5953','+1-820-948-5993','2025-04-25 06:42:18','2025-04-25 06:42:18'),(4,4,'Romaguera-Spencer','fadel.weldon@corwin.info','35172 Bergstrom Fort\nLake Tyramouth, IN 53068-5614','+19733356790','2025-04-25 06:42:19','2025-04-25 06:42:19'),(5,5,'Kohler, Kuhic and Oberbrunner','felix01@kessler.com','91603 Beverly Forge Suite 834\nKuvalisborough, OR 96029-0721','+1-563-360-0228','2025-04-25 06:42:19','2025-04-25 06:42:19'),(6,6,'Johnston Inc','nicolas30@legros.com','9801 Cesar Forks\nSouth Rorymouth, TN 27897-6733','+1-530-586-7434','2025-04-25 06:42:19','2025-04-25 06:42:19'),(7,7,'Weimann, Rodriguez and Stokes','champlin.sofia@rodriguez.com','550 Effertz Cape\nDooleyport, ME 40611','720.944.1824','2025-04-25 06:42:19','2025-04-25 06:42:19'),(8,8,'Eichmann Group','hiram.harber@marks.com','76659 Brisa Rest Apt. 579\nJanaside, MS 41153','629-580-9535','2025-04-25 06:42:19','2025-04-25 06:42:19'),(9,9,'Reinger PLC','ilockman@rosenbaum.org','572 Harry Throughway Apt. 135\nSouth Kip, MA 92031','+12838785153','2025-04-25 06:42:19','2025-04-25 06:42:19'),(10,10,'Klein PLC','cruickshank.violette@stehr.org','32788 Tito Mountain\nLeannland, ID 39730-5424','580-761-6378','2025-04-25 06:42:19','2025-04-25 06:42:19'),(11,11,'Marks, Ledner and Keeling','eloise03@oconnell.com','8485 Margaret Drive\nSchmittstad, GA 95381','715.439.2415','2025-04-25 06:42:19','2025-04-25 06:42:19'),(12,12,'Maggio-Kuhn','lueilwitz.kamron@rath.org','111 Cesar Canyon Suite 726\nWest Joanaview, IL 45352','283.603.8815','2025-04-25 06:42:19','2025-04-25 06:42:19'),(13,13,'Borer, Bergnaum and Rippin','rath.kelvin@kozey.biz','9234 Grace Manor\nNorth Kristina, FL 03239','972-941-6736','2025-04-25 06:42:19','2025-04-25 06:42:19'),(14,14,'Witting Inc','adelbert.funk@schuster.com','58594 Amara Valley\nDevynburgh, TN 86253','+13614395838','2025-04-25 06:42:19','2025-04-25 06:42:19'),(15,15,'Flatley and Sons','hegmann.sven@walsh.com','15120 Verda Estate\nElsatown, TX 96048-5403','(279) 972-0275','2025-04-25 06:42:19','2025-04-25 06:42:19'),(16,16,'Balistreri PLC','wilkinson.alena@ritchie.com','198 Stoltenberg Grove\nEast Madisynland, MI 10123','252.451.7932','2025-04-25 06:42:19','2025-04-25 06:42:19'),(17,17,'Strosin-Schulist','shanelle.cummerata@davis.info','47358 Rhiannon Orchard\nPort Ebba, MS 05647-6667','628-215-0014','2025-04-25 06:42:19','2025-04-25 06:42:19'),(18,18,'Simonis, McGlynn and Ullrich','rhoeger@beer.org','5044 Mohr Estate\nCreminfort, NH 38855-6190','862-807-7640','2025-04-25 06:42:19','2025-04-25 06:42:19'),(19,19,'Hettinger Ltd','clinton.swaniawski@mcglynn.com','6352 Keaton Run\nPaucekstad, CA 86648-2184','(585) 939-8874','2025-04-25 06:42:19','2025-04-25 06:42:19'),(20,20,'Jerde, Schmitt and Heaney','mueller.amaya@raynor.net','1283 Maegan Courts Apt. 311\nDorthaton, PA 52979-2396','339-406-5712','2025-04-25 06:42:19','2025-04-25 06:42:19'),(21,21,'Kertzmann LLC','greyson.pfannerstill@sipes.com','57148 Megane Flats Apt. 170\nCarmeloview, IA 85608-7466','940.214.7712','2025-04-25 06:42:19','2025-04-25 06:42:19'),(22,22,'Kshlerin PLC','kitty.zemlak@gutkowski.com','662 Melba Hollow Apt. 748\nCarrollbury, CA 98071-2071','1-331-450-3679','2025-04-25 06:42:19','2025-04-25 06:42:19'),(23,23,'Maggio PLC','jefferey.kshlerin@halvorson.com','30345 Stamm Wall Apt. 583\nLuistown, WY 91881','+1-540-516-4860','2025-04-25 06:42:19','2025-04-25 06:42:19'),(24,24,'Wolf Ltd','lemke.gregorio@renner.com','7853 Huel Road Suite 041\nHaileyview, AR 17274-5098','+1-716-770-5803','2025-04-25 06:42:19','2025-04-25 06:42:19'),(25,25,'Jacobi, Price and Blick','rachael86@kreiger.info','30564 Boyle Rest Suite 108\nBraunchester, FL 47177','(760) 630-8817','2025-04-25 06:42:19','2025-04-25 06:42:19'),(26,26,'Sporer LLC','tweimann@oconnell.com','59685 Gulgowski Village\nWest Madelynn, AK 19612','+18643203754','2025-04-25 06:42:19','2025-04-25 06:42:19'),(27,27,'Ward-Sanford','hyatt.janelle@kemmer.org','422 Frederick Prairie Suite 338\nNorth Burdette, SC 17135-0469','(609) 698-9961','2025-04-25 06:42:19','2025-04-25 06:42:19'),(28,28,'Macejkovic PLC','otho85@medhurst.info','696 Ashton Junction\nO\'Konshire, WI 43462','1-820-883-6003','2025-04-25 06:42:19','2025-04-25 06:42:19'),(29,29,'Harris PLC','zchristiansen@kuhlman.com','66231 Annamae Island Suite 976\nPort Nikitamouth, NJ 42814','+1 (586) 467-9239','2025-04-25 06:42:19','2025-04-25 06:42:19'),(30,30,'Heathcote Inc','xhermiston@rath.com','8643 Cormier Spurs\nWest Zoeyberg, LA 40199-5080','+1-754-428-9028','2025-04-25 06:42:19','2025-04-25 06:42:19'),(31,31,'Torphy, Dickens and Herzog','mertz.ara@hill.com','1390 Witting Squares Suite 221\nDuncanview, PA 06155','253-348-2537','2025-04-25 06:42:19','2025-04-25 06:42:19'),(32,32,'Koepp-Torphy','granville.considine@glover.info','1733 Kovacek Alley\nGorczanyshire, TX 00699','+1 (361) 710-1130','2025-04-25 06:42:19','2025-04-25 06:42:19'),(33,33,'Kunde, Waelchi and Altenwerth','piper.leffler@goodwin.com','36096 Jacobs Island Suite 032\nWest Immanuel, AR 82546-8888','(415) 969-2954','2025-04-25 06:42:19','2025-04-25 06:42:19'),(34,34,'Kilback PLC','dorothy.simonis@ferry.com','1708 Asia Forge\nNew Laurettahaven, MN 20884-9072','564.896.5951','2025-04-25 06:42:19','2025-04-25 06:42:19'),(35,35,'Breitenberg, Block and Heaney','olin.vandervort@mcglynn.com','703 McGlynn Isle\nEast Mistyland, UT 71085-2136','781-303-0163','2025-04-25 06:42:19','2025-04-25 06:42:19'),(36,36,'Gibson and Sons','bailey.chadrick@welch.net','535 Bins Orchard Apt. 101\nNew Zelmaport, TX 49376-1548','223.969.6315','2025-04-25 06:42:19','2025-04-25 06:42:19'),(37,37,'Price-Baumbach','leatha25@doyle.com','9169 Kub Camp Suite 498\nSouth Vern, KS 20336-4805','239-551-8149','2025-04-25 06:42:19','2025-04-25 06:42:19'),(38,38,'Auer-Walter','emoore@will.com','69100 Luther Estate\nNorth Devynfort, TN 68548','+1-941-352-3833','2025-04-25 06:42:19','2025-04-25 06:42:19'),(39,39,'Bahringer, Schmitt and Fadel','gleichner.tressie@brown.org','136 Gutmann Drive\nNew Adonistown, NY 22915-6671','605.200.2703','2025-04-25 06:42:19','2025-04-25 06:42:19'),(40,40,'Brakus, Hudson and Buckridge','jarvis.effertz@mcdermott.com','197 Carroll Place\nSouth Masontown, MO 11022-2150','+1.810.342.1194','2025-04-25 06:42:19','2025-04-25 06:42:19'),(41,41,'O\'Conner, Johns and Gusikowski','fratke@johnson.com','3875 Buckridge Track Apt. 646\nLake Alfredafurt, FL 33084-7480','1-409-797-4744','2025-04-25 06:42:19','2025-04-25 06:42:19'),(42,42,'Rosenbaum, Kuhic and Torphy','lindgren.sophia@carter.com','90590 Maxie Plains\nNorth Christine, MI 01252','603.614.4698','2025-04-25 06:42:19','2025-04-25 06:42:19'),(43,43,'Gleason Ltd','oblock@paucek.com','33627 Peggie Crescent\nOnashire, WV 42886-8807','+16615070427','2025-04-25 06:42:19','2025-04-25 06:42:19'),(44,44,'Mayer-Hackett','jflatley@lang.com','285 Chloe Haven\nToyville, DE 15466','1-817-214-1779','2025-04-25 06:42:19','2025-04-25 06:42:19'),(45,45,'Morar-Fahey','buckridge.dawn@denesik.com','259 Ollie Mission\nLake Brisa, NJ 32009','+1-432-314-7516','2025-04-25 06:42:19','2025-04-25 06:42:19'),(46,46,'Crist, Graham and Ebert','geraldine40@windler.com','30568 Schamberger Shore\nPort Ellisview, NC 77419-0265','+1 (865) 534-6750','2025-04-25 06:42:19','2025-04-25 06:42:19'),(47,47,'Swaniawski Ltd','vcummerata@volkman.com','326 Boehm Fort Suite 438\nFelipaville, CA 81075-7724','1-810-398-6464','2025-04-25 06:42:19','2025-04-25 06:42:19'),(48,48,'Jenkins-Kautzer','qstanton@kub.com','6244 Scot Mission Apt. 343\nLake Pabloborough, TN 20139','1-878-652-1338','2025-04-25 06:42:19','2025-04-25 06:42:19'),(49,49,'Hyatt and Sons','rowe.hanna@connelly.com','244 Forest Turnpike Suite 634\nWest Gerardoborough, TX 40172','+18049230372','2025-04-25 06:42:19','2025-04-25 06:42:19'),(50,50,'Bruen and Sons','qconn@funk.org','192 Hettinger Mill\nNorth Leonard, GA 57388-5404','1-540-255-1818','2025-04-25 06:42:19','2025-04-25 06:42:19'),(51,51,'Kris-Macejkovic','phoeger@reinger.info','3893 Jenkins Mill\nPadbergfort, AL 67342-5547','+12838790852','2025-04-25 06:42:19','2025-04-25 06:42:19'),(52,52,'Blanda-O\'Connell','sigurd.rempel@oreilly.com','8815 Schmitt Locks Suite 834\nGerholdfort, TX 78894-6458','904-361-7035','2025-04-25 06:42:19','2025-04-25 06:42:19'),(53,53,'Steuber-Walker','heath.kautzer@barrows.info','4894 Alena Brook\nLake Domenico, NY 20270-7030','708-777-9159','2025-04-25 06:42:19','2025-04-25 06:42:19'),(54,54,'Shanahan Ltd','hflatley@schmidt.com','4037 Daphnee Brooks\nFlavioborough, AL 05539-4549','667-764-6292','2025-04-25 06:42:19','2025-04-25 06:42:19'),(55,55,'O\'Reilly, Beahan and Ankunding','ericka11@botsford.org','43585 Becker Plains\nGabriellestad, NJ 57940-3856','225.678.1380','2025-04-25 06:42:19','2025-04-25 06:42:19'),(56,56,'Goldner Ltd','lelah21@hartmann.info','6370 Emerald Station Suite 494\nWest Ivoryside, AZ 73635','+12813234743','2025-04-25 06:42:19','2025-04-25 06:42:19'),(57,57,'Hill-Sipes','ikeebler@towne.biz','501 Melvina Keys\nSchmidtfort, MS 46840-6820','484-922-2279','2025-04-25 06:42:19','2025-04-25 06:42:19'),(58,58,'Gusikowski-Schamberger','padberg.mark@haag.net','653 Cassin Lights Suite 196\nNorth Maximilianhaven, NY 95925','+1 (531) 309-5084','2025-04-25 06:42:19','2025-04-25 06:42:19'),(59,59,'Stroman-Smith','nlockman@schneider.com','114 Arnulfo Fords\nBeckerhaven, IL 84739-6704','+1 (850) 630-5519','2025-04-25 06:42:19','2025-04-25 06:42:19'),(60,60,'Champlin, Morissette and Balistreri','tony79@kling.com','59396 Hoyt Manors Apt. 565\nPort Annabellhaven, OR 54233','+1-262-725-2360','2025-04-25 06:42:19','2025-04-25 06:42:19'),(61,61,'Tillman PLC','shany.bartell@rodriguez.com','817 Wilburn Spurs\nEast Viola, AZ 92006','+1-630-717-5340','2025-04-25 06:42:19','2025-04-25 06:42:19'),(62,62,'Wisoky LLC','fritsch.mohamed@boyer.com','353 Howell Fork\nWest Annaville, TN 17407','1-828-979-1020','2025-04-25 06:42:19','2025-04-25 06:42:19'),(63,63,'Cartwright, Emard and Herman','araceli21@schulist.com','323 Claudia Ridge\nSouth Kim, MD 37607-4221','+1 (347) 396-3117','2025-04-25 06:42:19','2025-04-25 06:42:19'),(64,64,'Glover, Crooks and Bechtelar','mosciski.gloria@willms.com','96991 Baumbach Springs\nElmirachester, NC 80810-4854','731-229-5367','2025-04-25 06:42:19','2025-04-25 06:42:19'),(65,65,'Rau-Murray','xhilpert@white.com','87459 Cronin Drive Suite 118\nHomenickmouth, SD 19516','385-229-1634','2025-04-25 06:42:19','2025-04-25 06:42:19'),(66,66,'West and Sons','benny.bailey@runolfsdottir.com','437 Dickens Crossing Apt. 612\nDarleneshire, MD 06456','1-501-229-8334','2025-04-25 06:42:19','2025-04-25 06:42:19'),(67,67,'Rosenbaum-Marks','susanna10@purdy.com','4671 Leonor Pass\nEast Selmer, RI 06192-7153','(240) 627-4882','2025-04-25 06:42:19','2025-04-25 06:42:19'),(68,68,'Emmerich, Swaniawski and Cummings','omarks@boyle.com','24320 Jaiden Gardens Suite 140\nGibsonfurt, GA 97741-8094','(571) 999-1539','2025-04-25 06:42:19','2025-04-25 06:42:19'),(69,69,'VonRueden-Jaskolski','alene.cormier@leffler.com','638 Adams Greens Apt. 866\nNorth Avery, DE 74739-6909','+1 (845) 748-5935','2025-04-25 06:42:19','2025-04-25 06:42:19'),(70,70,'Kertzmann, Balistreri and Langworth','khalid.waelchi@mcglynn.com','952 Marjory Locks\nPort Carmela, IA 86176-9174','540-985-0423','2025-04-25 06:42:19','2025-04-25 06:42:19'),(71,71,'Koch, Wyman and O\'Connell','ohuel@predovic.info','1122 Bobbie Trafficway\nSouth Halieborough, PA 34950','+12297171968','2025-04-25 06:42:19','2025-04-25 06:42:19'),(72,72,'Rau PLC','uboehm@mcdermott.org','93544 Jackson Terrace\nLuettgenchester, MA 07470-4622','+1-559-607-4015','2025-04-25 06:42:19','2025-04-25 06:42:19'),(73,73,'Green, Cronin and Heathcote','charlotte70@ondricka.com','8439 Richie Passage Suite 211\nKrystelchester, UT 96405','+1-262-640-0772','2025-04-25 06:42:19','2025-04-25 06:42:19'),(74,74,'Haag-Thompson','aufderhar.gilbert@schinner.com','76517 Emard Divide\nNorth Keon, WY 77181-8464','302.766.1675','2025-04-25 06:42:19','2025-04-25 06:42:19'),(75,75,'Ryan, Watsica and Runolfsdottir','hillard.pfeffer@bechtelar.com','7669 Sonny River\nKarolannland, SC 38039','831.372.6536','2025-04-25 06:42:19','2025-04-25 06:42:19'),(76,76,'Hermiston, Gusikowski and Kovacek','blittle@heidenreich.com','202 Newton Parks Apt. 172\nBarrowsstad, OK 89150','512.495.7669','2025-04-25 06:42:19','2025-04-25 06:42:19'),(77,77,'Funk, Sauer and Brekke','isobel.barrows@koss.biz','667 Hettie Crossing\nLabadiestad, WV 55163','1-959-908-3455','2025-04-25 06:42:19','2025-04-25 06:42:19'),(78,78,'Nitzsche and Sons','brekke.elyssa@tromp.com','4046 Mann Mountains Suite 912\nRaynorshire, WA 22819','432-214-5121','2025-04-25 06:42:19','2025-04-25 06:42:19'),(79,79,'Hoeger-Schoen','wbogisich@dooley.com','52259 Sawayn Ranch Suite 483\nHardyberg, WI 55857','+12086987587','2025-04-25 06:42:19','2025-04-25 06:42:19'),(80,80,'Reichert-Streich','sshields@kling.info','83992 Aliyah Brooks\nBayerton, MA 97304-3880','475.406.2721','2025-04-25 06:42:19','2025-04-25 06:42:19'),(81,81,'Schmeler-Rippin','oleta.yundt@blick.com','278 Wendell Forges Apt. 487\nSabinaton, RI 58477','986.368.2539','2025-04-25 06:42:19','2025-04-25 06:42:19'),(82,82,'Pfannerstill-Terry','shanahan.nichole@johnson.org','19207 Elissa Prairie\nEast Rafael, MD 43794-8935','351.977.3820','2025-04-25 06:42:19','2025-04-25 06:42:19'),(83,83,'Gislason, Schimmel and Hirthe','saige.connelly@keebler.com','19899 Rigoberto Island Apt. 299\nMarcelleville, RI 06722-1544','+1-680-755-9562','2025-04-25 06:42:19','2025-04-25 06:42:19'),(84,84,'Kirlin and Sons','collins.pansy@lowe.org','393 Buddy Land Apt. 334\nNorth Goldenfort, IA 91937-6980','(318) 992-5815','2025-04-25 06:42:19','2025-04-25 06:42:19'),(85,85,'Cummerata-Emmerich','murray.cassidy@cartwright.biz','21534 Morar Courts Suite 893\nStrosinburgh, ID 30166','929-253-7684','2025-04-25 06:42:19','2025-04-25 06:42:19'),(86,86,'Little Group','jace78@langworth.com','1430 Gertrude Fort\nDietrichmouth, WI 98425-7016','301-523-2142','2025-04-25 06:42:19','2025-04-25 06:42:19'),(87,87,'Reynolds Ltd','wondricka@cummerata.com','28737 Neha Camp Apt. 103\nPort Rosalyn, TN 85682','+16464678429','2025-04-25 06:42:19','2025-04-25 06:42:19'),(88,88,'Turcotte-Hodkiewicz','elegros@satterfield.biz','85198 Gutkowski Lakes Apt. 279\nJeramieborough, VA 45857','+1.934.285.5335','2025-04-25 06:42:19','2025-04-25 06:42:19'),(89,89,'Borer, Keebler and Gerlach','alfred98@gaylord.com','55698 Darren Freeway Apt. 236\nMyronborough, CA 68293-2783','1-810-364-0284','2025-04-25 06:42:19','2025-04-25 06:42:19'),(90,90,'Denesik, Morar and Casper','jbogisich@schmitt.com','66683 Patricia Shore Apt. 543\nRicardoview, TX 73914-4078','1-731-822-0831','2025-04-25 06:42:19','2025-04-25 06:42:19'),(91,91,'Zulauf LLC','elmore.ferry@okuneva.com','47550 Schoen Forges Apt. 902\nShanahanville, SC 23433','629.748.4721','2025-04-25 06:42:19','2025-04-25 06:42:19'),(92,92,'Bins Inc','dlabadie@harvey.com','3413 Miller Garden Suite 877\nEast Mitchel, OK 52456-7166','240.459.7486','2025-04-25 06:42:19','2025-04-25 06:42:19'),(93,93,'Greenfelder-Jones','pschaden@veum.net','4606 Moshe Turnpike Apt. 649\nNew Noelia, NM 17449','+15025823864','2025-04-25 06:42:19','2025-04-25 06:42:19'),(94,94,'Kunde LLC','yokon@ernser.info','5779 Marcus Plaza Apt. 887\nNew Fordmouth, FL 74635','(605) 904-9171','2025-04-25 06:42:19','2025-04-25 06:42:19'),(95,95,'Lindgren, Heaney and Kutch','kirlin.savannah@corkery.com','64032 Thad Prairie\nNorth Loyceton, SC 89651','+19898279776','2025-04-25 06:42:19','2025-04-25 06:42:19'),(96,96,'Stark, Hirthe and Brekke','hand.alphonso@fadel.net','9354 Clement Dam Suite 060\nPercyland, PA 73978-2775','+1-623-409-6274','2025-04-25 06:42:19','2025-04-25 06:42:19'),(97,97,'Kautzer and Sons','nkshlerin@mitchell.com','4744 Oberbrunner Ridges\nEldridgeport, IA 51745','+1-713-376-8988','2025-04-25 06:42:19','2025-04-25 06:42:19'),(98,98,'Feest-Heathcote','ratke.osborne@douglas.net','73231 Robel Crossing Suite 550\nEast Torrey, NV 97241-7332','1-949-980-0192','2025-04-25 06:42:19','2025-04-25 06:42:19'),(99,99,'Torp, McCullough and Kutch','furman57@will.org','6911 Aurore Hill Apt. 302\nWest Leoneview, CT 90483-5116','1-641-966-9658','2025-04-25 06:42:19','2025-04-25 06:42:19'),(100,100,'Kutch and Sons','molly93@baumbach.com','6643 Brody Camp\nSouth Marianna, CT 41440','351-672-3089','2025-04-25 06:42:19','2025-04-25 06:42:19'),(101,101,'Ledner Ltd','rogahn.jamal@collier.org','34799 Fidel Harbors\nWest Elizaburgh, HI 33880','478.874.7711','2025-04-25 06:42:19','2025-04-25 06:42:19'),(102,102,'Schaefer LLC','bkshlerin@gusikowski.net','5955 Otha Mountain Suite 657\nManteberg, VT 58185','1-479-899-2242','2025-04-25 06:42:19','2025-04-25 06:42:19'),(103,103,'Bailey, Mosciski and Russel','goodwin.cathy@hills.net','2865 Fay Groves Apt. 228\nKatherynview, RI 97159-7992','+1.323.252.8985','2025-04-25 06:42:19','2025-04-25 06:42:19'),(104,104,'Runte and Sons','jennifer60@ondricka.com','228 Schuppe Village\nFeestburgh, DE 97567-7953','(201) 555-7303','2025-04-25 06:42:19','2025-04-25 06:42:19'),(105,105,'Mraz Ltd','awindler@homenick.com','16843 Dianna Fall\nHuelshaven, MI 27780','479.601.8966','2025-04-25 06:42:19','2025-04-25 06:42:19'),(106,106,'Johnson, Hartmann and Abernathy','jayne.monahan@hills.com','7893 Lottie Mews\nAidaberg, HI 94295-4316','+1 (248) 989-0847','2025-04-25 06:42:19','2025-04-25 06:42:19'),(107,107,'Moen-Crist','rmertz@dooley.net','501 Nader River Apt. 529\nKendrickbury, AK 87745','(651) 561-3529','2025-04-25 06:42:19','2025-04-25 06:42:19'),(108,108,'Botsford LLC','ramona.von@cronin.com','33669 Evie Point\nLake Lenoreview, MO 74777-1719','(757) 907-0777','2025-04-25 06:42:19','2025-04-25 06:42:19'),(109,109,'Walter, Jones and Kerluke','myrna.frami@fadel.net','82635 Balistreri Creek\nNorth Concepcionside, SC 74374-4841','870-983-6982','2025-04-25 06:42:19','2025-04-25 06:42:19'),(110,110,'Goldner LLC','alvena.ratke@koepp.com','88523 Nitzsche View\nVandervortport, IL 12934-6430','+13618319303','2025-04-25 06:42:19','2025-04-25 06:42:19'),(111,111,'Walsh, Kerluke and Gaylord','kirk11@emmerich.biz','5851 Rempel Village\nBrookberg, MO 45626','+1-520-867-8795','2025-04-25 06:42:19','2025-04-25 06:42:19'),(112,112,'Dicki-Beier','ladarius.zulauf@corkery.com','55201 Megane Pine\nSouth Mekhiberg, NV 31832','+15708109682','2025-04-25 06:42:19','2025-04-25 06:42:19'),(113,113,'Hahn Ltd','alanna.upton@yost.com','959 Bednar Camp\nPort Jackelinestad, ID 81056','336-823-0182','2025-04-25 06:42:19','2025-04-25 06:42:19'),(114,114,'Watsica, Mills and Hand','micaela.mclaughlin@predovic.biz','7676 Rita Fall\nKertzmannside, KS 17173','+1-831-370-4836','2025-04-25 06:42:19','2025-04-25 06:42:19'),(115,115,'Jenkins and Sons','schmeler.lloyd@schimmel.com','48131 Dallin Wall\nLake Shea, VT 04998','+1 (302) 813-5175','2025-04-25 06:42:19','2025-04-25 06:42:19');
/*!40000 ALTER TABLE `companies` ENABLE KEYS */;
UNLOCK TABLES;

--
-- Table structure for table `countries`
--

DROP TABLE IF EXISTS `countries`;
/*!40101 SET @saved_cs_client     = @@character_set_client */;
/*!50503 SET character_set_client = utf8mb4 */;
CREATE TABLE `countries` (
  `id` mediumint unsigned NOT NULL AUTO_INCREMENT,
  `name` varchar(80) COLLATE utf8mb4_unicode_ci NOT NULL,
  `slug` varchar(191) COLLATE utf8mb4_unicode_ci NOT NULL,
  `created_at` timestamp NULL DEFAULT NULL,
  `updated_at` timestamp NULL DEFAULT NULL,
  PRIMARY KEY (`id`),
  UNIQUE KEY `countries_name_unique` (`name`)
) ENGINE=InnoDB AUTO_INCREMENT=31 DEFAULT CHARSET=utf8mb4 COLLATE=utf8mb4_unicode_ci;
/*!40101 SET character_set_client = @saved_cs_client */;

--
-- Dumping data for table `countries`
--

LOCK TABLES `countries` WRITE;
/*!40000 ALTER TABLE `countries` DISABLE KEYS */;
INSERT INTO `countries` VALUES (1,'wallis and futuna','nostrum','2025-04-25 06:42:17','2025-04-25 06:42:17'),(2,'cayman islands','consectetur','2025-04-25 06:42:17','2025-04-25 06:42:17'),(3,'brunei darussalam','quo','2025-04-25 06:42:17','2025-04-25 06:42:17'),(4,'germany','omnis-voluptate','2025-04-25 06:42:17','2025-04-25 06:42:17'),(5,'dominica','aut-itaque','2025-04-25 06:42:17','2025-04-25 06:42:17'),(6,'anguilla','adipisci','2025-04-25 06:42:17','2025-04-25 06:42:17'),(7,'netherlands antilles','nulla','2025-04-25 06:42:17','2025-04-25 06:42:17'),(8,'burundi','et','2025-04-25 06:42:17','2025-04-25 06:42:17'),(9,'guyana','nobis-aut','2025-04-25 06:42:17','2025-04-25 06:42:17'),(10,'syrian arab republic','unde-quae','2025-04-25 06:42:17','2025-04-25 06:42:17'),(11,'monaco','omnis','2025-04-25 06:42:17','2025-04-25 06:42:17'),(12,'pakistan','aut','2025-04-25 06:42:17','2025-04-25 06:42:17'),(13,'bangladesh','rem-et','2025-04-25 06:42:17','2025-04-25 06:42:17'),(14,'switzerland','qui','2025-04-25 06:42:17','2025-04-25 06:42:17'),(15,'moldova','est','2025-04-25 06:42:17','2025-04-25 06:42:17'),(16,'holy see (vatican city state)','porro','2025-04-25 06:42:17','2025-04-25 06:42:17'),(17,'madagascar','modi-error','2025-04-25 06:42:17','2025-04-25 06:42:17'),(18,'ghana','sint-tempore','2025-04-25 06:42:17','2025-04-25 06:42:17'),(19,'austria','voluptas-et','2025-04-25 06:42:17','2025-04-25 06:42:17'),(20,'san marino','deserunt-enim','2025-04-25 06:42:17','2025-04-25 06:42:17'),(21,'morocco','voluptate','2025-04-25 06:42:17','2025-04-25 06:42:17'),(22,'samoa','minus-iste','2025-04-25 06:42:17','2025-04-25 06:42:17'),(23,'kyrgyz republic','quia','2025-04-25 06:42:17','2025-04-25 06:42:17'),(24,'bhutan','facilis','2025-04-25 06:42:17','2025-04-25 06:42:17'),(25,'cambodia','quos','2025-04-25 06:42:17','2025-04-25 06:42:17'),(26,'benin','voluptatem','2025-04-25 06:42:17','2025-04-25 06:42:17'),(27,'iraq','consequatur','2025-04-25 06:42:17','2025-04-25 06:42:17'),(28,'maldives','est-voluptatem','2025-04-25 06:42:17','2025-04-25 06:42:17'),(29,'trinidad and tobago','libero','2025-04-25 06:42:17','2025-04-25 06:42:17'),(30,'colombia','co','2025-04-25 06:42:17','2025-04-25 06:42:17');
/*!40000 ALTER TABLE `countries` ENABLE KEYS */;
UNLOCK TABLES;

--
-- Table structure for table `document_types`
--

DROP TABLE IF EXISTS `document_types`;
/*!40101 SET @saved_cs_client     = @@character_set_client */;
/*!50503 SET character_set_client = utf8mb4 */;
CREATE TABLE `document_types` (
  `id` tinyint unsigned NOT NULL AUTO_INCREMENT,
  `name` varchar(191) COLLATE utf8mb4_unicode_ci NOT NULL,
  `slug` varchar(191) COLLATE utf8mb4_unicode_ci NOT NULL,
  `description` varchar(191) COLLATE utf8mb4_unicode_ci DEFAULT NULL,
  `created_at` timestamp NULL DEFAULT NULL,
  `updated_at` timestamp NULL DEFAULT NULL,
  PRIMARY KEY (`id`)
) ENGINE=InnoDB AUTO_INCREMENT=4 DEFAULT CHARSET=utf8mb4 COLLATE=utf8mb4_unicode_ci;
/*!40101 SET character_set_client = @saved_cs_client */;

--
-- Dumping data for table `document_types`
--

LOCK TABLES `document_types` WRITE;
/*!40000 ALTER TABLE `document_types` DISABLE KEYS */;
INSERT INTO `document_types` VALUES (1,'cédula de ciudadanía','c.c',NULL,'2025-04-25 06:42:31','2025-04-25 06:42:31'),(2,'cédula de extranjería','c.e',NULL,'2025-04-25 06:42:31','2025-04-25 06:42:31'),(3,'tarjeta de identidad','t.i',NULL,'2025-04-25 06:42:31','2025-04-25 06:42:31');
/*!40000 ALTER TABLE `document_types` ENABLE KEYS */;
UNLOCK TABLES;

--
-- Table structure for table `faculties`
--

DROP TABLE IF EXISTS `faculties`;
/*!40101 SET @saved_cs_client     = @@character_set_client */;
/*!50503 SET character_set_client = utf8mb4 */;
CREATE TABLE `faculties` (
  `id` bigint unsigned NOT NULL AUTO_INCREMENT,
  `university_id` bigint unsigned DEFAULT NULL,
  `name` varchar(191) COLLATE utf8mb4_unicode_ci NOT NULL,
  `created_at` timestamp NULL DEFAULT NULL,
  `updated_at` timestamp NULL DEFAULT NULL,
  PRIMARY KEY (`id`),
  KEY `faculties_university_id_foreign` (`university_id`),
  CONSTRAINT `faculties_university_id_foreign` FOREIGN KEY (`university_id`) REFERENCES `universities` (`id`) ON DELETE SET NULL ON UPDATE CASCADE
) ENGINE=InnoDB AUTO_INCREMENT=341 DEFAULT CHARSET=utf8mb4 COLLATE=utf8mb4_unicode_ci;
/*!40101 SET character_set_client = @saved_cs_client */;

--
-- Dumping data for table `faculties`
--

LOCK TABLES `faculties` WRITE;
/*!40000 ALTER TABLE `faculties` DISABLE KEYS */;
INSERT INTO `faculties` VALUES (1,1,'Facultad de Ingeniería','2025-04-25 06:42:21','2025-04-25 06:42:21'),(2,1,'Facultad facere','2025-04-25 06:42:21','2025-04-25 06:42:21'),(3,2,'Facultad est','2025-04-25 06:42:21','2025-04-25 06:42:21'),(4,3,'Facultad inventore','2025-04-25 06:42:21','2025-04-25 06:42:21'),(5,3,'Facultad optio','2025-04-25 06:42:21','2025-04-25 06:42:21'),(6,4,'Facultad quibusdam','2025-04-25 06:42:21','2025-04-25 06:42:21'),(7,5,'Facultad consequuntur','2025-04-25 06:42:21','2025-04-25 06:42:21'),(8,6,'Facultad totam','2025-04-25 06:42:21','2025-04-25 06:42:21'),(9,7,'Facultad ducimus','2025-04-25 06:42:21','2025-04-25 06:42:21'),(10,7,'Facultad inventore','2025-04-25 06:42:21','2025-04-25 06:42:21'),(11,8,'Facultad vel','2025-04-25 06:42:21','2025-04-25 06:42:21'),(12,8,'Facultad fugiat','2025-04-25 06:42:21','2025-04-25 06:42:21'),(13,9,'Facultad repudiandae','2025-04-25 06:42:21','2025-04-25 06:42:21'),(14,10,'Facultad omnis','2025-04-25 06:42:21','2025-04-25 06:42:21'),(15,10,'Facultad doloribus','2025-04-25 06:42:21','2025-04-25 06:42:21'),(16,11,'Facultad perferendis','2025-04-25 06:42:21','2025-04-25 06:42:21'),(17,12,'Facultad voluptatem','2025-04-25 06:42:21','2025-04-25 06:42:21'),(18,13,'Facultad sit','2025-04-25 06:42:21','2025-04-25 06:42:21'),(19,13,'Facultad est','2025-04-25 06:42:21','2025-04-25 06:42:21'),(20,14,'Facultad quo','2025-04-25 06:42:21','2025-04-25 06:42:21'),(21,15,'Facultad ea','2025-04-25 06:42:21','2025-04-25 06:42:21'),(22,16,'Facultad quia','2025-04-25 06:42:21','2025-04-25 06:42:21'),(23,16,'Facultad maiores','2025-04-25 06:42:21','2025-04-25 06:42:21'),(24,17,'Facultad sit','2025-04-25 06:42:21','2025-04-25 06:42:21'),(25,17,'Facultad impedit','2025-04-25 06:42:21','2025-04-25 06:42:21'),(26,18,'Facultad repellendus','2025-04-25 06:42:21','2025-04-25 06:42:21'),(27,19,'Facultad voluptas','2025-04-25 06:42:21','2025-04-25 06:42:21'),(28,20,'Facultad error','2025-04-25 06:42:21','2025-04-25 06:42:21'),(29,21,'Facultad unde','2025-04-25 06:42:21','2025-04-25 06:42:21'),(30,21,'Facultad ut','2025-04-25 06:42:21','2025-04-25 06:42:21'),(31,22,'Facultad deleniti','2025-04-25 06:42:21','2025-04-25 06:42:21'),(32,23,'Facultad quia','2025-04-25 06:42:21','2025-04-25 06:42:21'),(33,23,'Facultad ullam','2025-04-25 06:42:21','2025-04-25 06:42:21'),(34,24,'Facultad itaque','2025-04-25 06:42:22','2025-04-25 06:42:22'),(35,25,'Facultad aut','2025-04-25 06:42:22','2025-04-25 06:42:22'),(36,25,'Facultad qui','2025-04-25 06:42:22','2025-04-25 06:42:22'),(37,26,'Facultad veritatis','2025-04-25 06:42:22','2025-04-25 06:42:22'),(38,27,'Facultad quisquam','2025-04-25 06:42:22','2025-04-25 06:42:22'),(39,28,'Facultad eum','2025-04-25 06:42:22','2025-04-25 06:42:22'),(40,28,'Facultad a','2025-04-25 06:42:22','2025-04-25 06:42:22'),(41,29,'Facultad voluptas','2025-04-25 06:42:22','2025-04-25 06:42:22'),(42,30,'Facultad hic','2025-04-25 06:42:22','2025-04-25 06:42:22'),(43,31,'Facultad aspernatur','2025-04-25 06:42:22','2025-04-25 06:42:22'),(44,31,'Facultad nesciunt','2025-04-25 06:42:22','2025-04-25 06:42:22'),(45,32,'Facultad quo','2025-04-25 06:42:22','2025-04-25 06:42:22'),(46,33,'Facultad vel','2025-04-25 06:42:22','2025-04-25 06:42:22'),(47,33,'Facultad mollitia','2025-04-25 06:42:22','2025-04-25 06:42:22'),(48,34,'Facultad enim','2025-04-25 06:42:22','2025-04-25 06:42:22'),(49,35,'Facultad eum','2025-04-25 06:42:22','2025-04-25 06:42:22'),(50,36,'Facultad doloribus','2025-04-25 06:42:22','2025-04-25 06:42:22'),(51,36,'Facultad saepe','2025-04-25 06:42:22','2025-04-25 06:42:22'),(52,37,'Facultad culpa','2025-04-25 06:42:22','2025-04-25 06:42:22'),(53,37,'Facultad nihil','2025-04-25 06:42:22','2025-04-25 06:42:22'),(54,38,'Facultad qui','2025-04-25 06:42:22','2025-04-25 06:42:22'),(55,38,'Facultad voluptas','2025-04-25 06:42:22','2025-04-25 06:42:22'),(56,39,'Facultad praesentium','2025-04-25 06:42:22','2025-04-25 06:42:22'),(57,39,'Facultad nisi','2025-04-25 06:42:22','2025-04-25 06:42:22'),(58,40,'Facultad quas','2025-04-25 06:42:22','2025-04-25 06:42:22'),(59,41,'Facultad quod','2025-04-25 06:42:22','2025-04-25 06:42:22'),(60,42,'Facultad consequatur','2025-04-25 06:42:22','2025-04-25 06:42:22'),(61,43,'Facultad fugiat','2025-04-25 06:42:22','2025-04-25 06:42:22'),(62,44,'Facultad velit','2025-04-25 06:42:22','2025-04-25 06:42:22'),(63,45,'Facultad placeat','2025-04-25 06:42:22','2025-04-25 06:42:22'),(64,45,'Facultad delectus','2025-04-25 06:42:22','2025-04-25 06:42:22'),(65,46,'Facultad iusto','2025-04-25 06:42:22','2025-04-25 06:42:22'),(66,47,'Facultad fugit','2025-04-25 06:42:22','2025-04-25 06:42:22'),(67,48,'Facultad et','2025-04-25 06:42:22','2025-04-25 06:42:22'),(68,49,'Facultad dolorem','2025-04-25 06:42:22','2025-04-25 06:42:22'),(69,49,'Facultad quia','2025-04-25 06:42:22','2025-04-25 06:42:22'),(70,50,'Facultad est','2025-04-25 06:42:22','2025-04-25 06:42:22'),(71,51,'Facultad ut','2025-04-25 06:42:22','2025-04-25 06:42:22'),(72,52,'Facultad quaerat','2025-04-25 06:42:22','2025-04-25 06:42:22'),(73,52,'Facultad ratione','2025-04-25 06:42:22','2025-04-25 06:42:22'),(74,53,'Facultad eum','2025-04-25 06:42:22','2025-04-25 06:42:22'),(75,53,'Facultad laboriosam','2025-04-25 06:42:22','2025-04-25 06:42:22'),(76,54,'Facultad ut','2025-04-25 06:42:22','2025-04-25 06:42:22'),(77,55,'Facultad aut','2025-04-25 06:42:22','2025-04-25 06:42:22'),(78,55,'Facultad voluptas','2025-04-25 06:42:22','2025-04-25 06:42:22'),(79,56,'Facultad occaecati','2025-04-25 06:42:22','2025-04-25 06:42:22'),(80,57,'Facultad dolore','2025-04-25 06:42:22','2025-04-25 06:42:22'),(81,57,'Facultad et','2025-04-25 06:42:22','2025-04-25 06:42:22'),(82,58,'Facultad laudantium','2025-04-25 06:42:22','2025-04-25 06:42:22'),(83,58,'Facultad minus','2025-04-25 06:42:22','2025-04-25 06:42:22'),(84,59,'Facultad adipisci','2025-04-25 06:42:22','2025-04-25 06:42:22'),(85,59,'Facultad perspiciatis','2025-04-25 06:42:22','2025-04-25 06:42:22'),(86,60,'Facultad eligendi','2025-04-25 06:42:22','2025-04-25 06:42:22'),(87,60,'Facultad sed','2025-04-25 06:42:22','2025-04-25 06:42:22'),(88,61,'Facultad quis','2025-04-25 06:42:22','2025-04-25 06:42:22'),(89,62,'Facultad illo','2025-04-25 06:42:22','2025-04-25 06:42:22'),(90,62,'Facultad illo','2025-04-25 06:42:22','2025-04-25 06:42:22'),(91,63,'Facultad et','2025-04-25 06:42:22','2025-04-25 06:42:22'),(92,64,'Facultad beatae','2025-04-25 06:42:22','2025-04-25 06:42:22'),(93,65,'Facultad dolorem','2025-04-25 06:42:22','2025-04-25 06:42:22'),(94,65,'Facultad repellat','2025-04-25 06:42:22','2025-04-25 06:42:22'),(95,66,'Facultad in','2025-04-25 06:42:22','2025-04-25 06:42:22'),(96,67,'Facultad hic','2025-04-25 06:42:22','2025-04-25 06:42:22'),(97,68,'Facultad possimus','2025-04-25 06:42:22','2025-04-25 06:42:22'),(98,68,'Facultad sequi','2025-04-25 06:42:22','2025-04-25 06:42:22'),(99,69,'Facultad nesciunt','2025-04-25 06:42:22','2025-04-25 06:42:22'),(100,70,'Facultad et','2025-04-25 06:42:22','2025-04-25 06:42:22'),(101,71,'Facultad quis','2025-04-25 06:42:22','2025-04-25 06:42:22'),(102,72,'Facultad ea','2025-04-25 06:42:22','2025-04-25 06:42:22'),(103,72,'Facultad quasi','2025-04-25 06:42:22','2025-04-25 06:42:22'),(104,73,'Facultad hic','2025-04-25 06:42:22','2025-04-25 06:42:22'),(105,74,'Facultad doloribus','2025-04-25 06:42:22','2025-04-25 06:42:22'),(106,75,'Facultad optio','2025-04-25 06:42:22','2025-04-25 06:42:22'),(107,76,'Facultad minima','2025-04-25 06:42:22','2025-04-25 06:42:22'),(108,76,'Facultad est','2025-04-25 06:42:22','2025-04-25 06:42:22'),(109,77,'Facultad labore','2025-04-25 06:42:22','2025-04-25 06:42:22'),(110,77,'Facultad ut','2025-04-25 06:42:22','2025-04-25 06:42:22'),(111,78,'Facultad assumenda','2025-04-25 06:42:22','2025-04-25 06:42:22'),(112,78,'Facultad maxime','2025-04-25 06:42:22','2025-04-25 06:42:22'),(113,79,'Facultad ratione','2025-04-25 06:42:22','2025-04-25 06:42:22'),(114,79,'Facultad excepturi','2025-04-25 06:42:22','2025-04-25 06:42:22'),(115,80,'Facultad corrupti','2025-04-25 06:42:22','2025-04-25 06:42:22'),(116,81,'Facultad sapiente','2025-04-25 06:42:22','2025-04-25 06:42:22'),(117,82,'Facultad impedit','2025-04-25 06:42:22','2025-04-25 06:42:22'),(118,82,'Facultad maxime','2025-04-25 06:42:22','2025-04-25 06:42:22'),(119,83,'Facultad aliquam','2025-04-25 06:42:22','2025-04-25 06:42:22'),(120,84,'Facultad non','2025-04-25 06:42:22','2025-04-25 06:42:22'),(121,85,'Facultad minima','2025-04-25 06:42:22','2025-04-25 06:42:22'),(122,86,'Facultad minima','2025-04-25 06:42:22','2025-04-25 06:42:22'),(123,86,'Facultad sit','2025-04-25 06:42:22','2025-04-25 06:42:22'),(124,87,'Facultad fuga','2025-04-25 06:42:22','2025-04-25 06:42:22'),(125,87,'Facultad ut','2025-04-25 06:42:22','2025-04-25 06:42:22'),(126,88,'Facultad ducimus','2025-04-25 06:42:22','2025-04-25 06:42:22'),(127,88,'Facultad impedit','2025-04-25 06:42:22','2025-04-25 06:42:22'),(128,89,'Facultad eveniet','2025-04-25 06:42:22','2025-04-25 06:42:22'),(129,89,'Facultad ut','2025-04-25 06:42:22','2025-04-25 06:42:22'),(130,90,'Facultad rerum','2025-04-25 06:42:22','2025-04-25 06:42:22'),(131,90,'Facultad occaecati','2025-04-25 06:42:22','2025-04-25 06:42:22'),(132,91,'Facultad soluta','2025-04-25 06:42:22','2025-04-25 06:42:22'),(133,92,'Facultad explicabo','2025-04-25 06:42:22','2025-04-25 06:42:22'),(134,93,'Facultad eum','2025-04-25 06:42:22','2025-04-25 06:42:22'),(135,94,'Facultad doloribus','2025-04-25 06:42:22','2025-04-25 06:42:22'),(136,95,'Facultad sint','2025-04-25 06:42:22','2025-04-25 06:42:22'),(137,96,'Facultad deserunt','2025-04-25 06:42:22','2025-04-25 06:42:22'),(138,97,'Facultad sit','2025-04-25 06:42:22','2025-04-25 06:42:22'),(139,98,'Facultad dolorem','2025-04-25 06:42:22','2025-04-25 06:42:22'),(140,99,'Facultad eos','2025-04-25 06:42:22','2025-04-25 06:42:22'),(141,99,'Facultad eum','2025-04-25 06:42:22','2025-04-25 06:42:22'),(142,100,'Facultad facilis','2025-04-25 06:42:22','2025-04-25 06:42:22'),(143,101,'Facultad laborum','2025-04-25 06:42:22','2025-04-25 06:42:22'),(144,102,'Facultad repellendus','2025-04-25 06:42:22','2025-04-25 06:42:22'),(145,102,'Facultad tempora','2025-04-25 06:42:22','2025-04-25 06:42:22'),(146,103,'Facultad accusantium','2025-04-25 06:42:22','2025-04-25 06:42:22'),(147,103,'Facultad provident','2025-04-25 06:42:22','2025-04-25 06:42:22'),(148,104,'Facultad cumque','2025-04-25 06:42:22','2025-04-25 06:42:22'),(149,105,'Facultad rem','2025-04-25 06:42:22','2025-04-25 06:42:22'),(150,106,'Facultad quis','2025-04-25 06:42:22','2025-04-25 06:42:22'),(151,106,'Facultad ullam','2025-04-25 06:42:22','2025-04-25 06:42:22'),(152,107,'Facultad optio','2025-04-25 06:42:22','2025-04-25 06:42:22'),(153,108,'Facultad doloribus','2025-04-25 06:42:22','2025-04-25 06:42:22'),(154,108,'Facultad incidunt','2025-04-25 06:42:22','2025-04-25 06:42:22'),(155,109,'Facultad ea','2025-04-25 06:42:22','2025-04-25 06:42:22'),(156,109,'Facultad quo','2025-04-25 06:42:22','2025-04-25 06:42:22'),(157,110,'Facultad perferendis','2025-04-25 06:42:22','2025-04-25 06:42:22'),(158,110,'Facultad ea','2025-04-25 06:42:22','2025-04-25 06:42:22'),(159,111,'Facultad qui','2025-04-25 06:42:22','2025-04-25 06:42:22'),(160,111,'Facultad dicta','2025-04-25 06:42:22','2025-04-25 06:42:22'),(161,112,'Facultad optio','2025-04-25 06:42:22','2025-04-25 06:42:22'),(162,112,'Facultad et','2025-04-25 06:42:22','2025-04-25 06:42:22'),(163,113,'Facultad soluta','2025-04-25 06:42:22','2025-04-25 06:42:22'),(164,113,'Facultad velit','2025-04-25 06:42:22','2025-04-25 06:42:22'),(165,114,'Facultad voluptatibus','2025-04-25 06:42:22','2025-04-25 06:42:22'),(166,115,'Facultad omnis','2025-04-25 06:42:22','2025-04-25 06:42:22'),(167,115,'Facultad voluptas','2025-04-25 06:42:22','2025-04-25 06:42:22'),(168,116,'Facultad inventore','2025-04-25 06:42:22','2025-04-25 06:42:22'),(169,117,'Facultad quis','2025-04-25 06:42:22','2025-04-25 06:42:22'),(170,117,'Facultad eos','2025-04-25 06:42:22','2025-04-25 06:42:22'),(171,118,'Facultad eveniet','2025-04-25 06:42:22','2025-04-25 06:42:22'),(172,118,'Facultad omnis','2025-04-25 06:42:22','2025-04-25 06:42:22'),(173,119,'Facultad dolorem','2025-04-25 06:42:22','2025-04-25 06:42:22'),(174,119,'Facultad voluptatem','2025-04-25 06:42:22','2025-04-25 06:42:22'),(175,120,'Facultad nobis','2025-04-25 06:42:22','2025-04-25 06:42:22'),(176,121,'Facultad molestias','2025-04-25 06:42:23','2025-04-25 06:42:23'),(177,121,'Facultad ratione','2025-04-25 06:42:23','2025-04-25 06:42:23'),(178,122,'Facultad qui','2025-04-25 06:42:23','2025-04-25 06:42:23'),(179,122,'Facultad ad','2025-04-25 06:42:23','2025-04-25 06:42:23'),(180,123,'Facultad nemo','2025-04-25 06:42:23','2025-04-25 06:42:23'),(181,124,'Facultad voluptas','2025-04-25 06:42:23','2025-04-25 06:42:23'),(182,124,'Facultad saepe','2025-04-25 06:42:23','2025-04-25 06:42:23'),(183,125,'Facultad dolorum','2025-04-25 06:42:23','2025-04-25 06:42:23'),(184,126,'Facultad et','2025-04-25 06:42:23','2025-04-25 06:42:23'),(185,126,'Facultad dignissimos','2025-04-25 06:42:23','2025-04-25 06:42:23'),(186,127,'Facultad aut','2025-04-25 06:42:23','2025-04-25 06:42:23'),(187,128,'Facultad asperiores','2025-04-25 06:42:23','2025-04-25 06:42:23'),(188,129,'Facultad magni','2025-04-25 06:42:23','2025-04-25 06:42:23'),(189,130,'Facultad omnis','2025-04-25 06:42:23','2025-04-25 06:42:23'),(190,130,'Facultad libero','2025-04-25 06:42:23','2025-04-25 06:42:23'),(191,131,'Facultad et','2025-04-25 06:42:23','2025-04-25 06:42:23'),(192,132,'Facultad magnam','2025-04-25 06:42:23','2025-04-25 06:42:23'),(193,133,'Facultad porro','2025-04-25 06:42:23','2025-04-25 06:42:23'),(194,134,'Facultad error','2025-04-25 06:42:23','2025-04-25 06:42:23'),(195,135,'Facultad placeat','2025-04-25 06:42:23','2025-04-25 06:42:23'),(196,136,'Facultad sed','2025-04-25 06:42:23','2025-04-25 06:42:23'),(197,137,'Facultad nostrum','2025-04-25 06:42:23','2025-04-25 06:42:23'),(198,137,'Facultad explicabo','2025-04-25 06:42:23','2025-04-25 06:42:23'),(199,138,'Facultad aspernatur','2025-04-25 06:42:23','2025-04-25 06:42:23'),(200,139,'Facultad doloribus','2025-04-25 06:42:23','2025-04-25 06:42:23'),(201,140,'Facultad molestias','2025-04-25 06:42:23','2025-04-25 06:42:23'),(202,140,'Facultad sed','2025-04-25 06:42:23','2025-04-25 06:42:23'),(203,141,'Facultad nesciunt','2025-04-25 06:42:23','2025-04-25 06:42:23'),(204,141,'Facultad dicta','2025-04-25 06:42:23','2025-04-25 06:42:23'),(205,142,'Facultad porro','2025-04-25 06:42:23','2025-04-25 06:42:23'),(206,142,'Facultad fugit','2025-04-25 06:42:23','2025-04-25 06:42:23'),(207,143,'Facultad earum','2025-04-25 06:42:23','2025-04-25 06:42:23'),(208,144,'Facultad totam','2025-04-25 06:42:23','2025-04-25 06:42:23'),(209,144,'Facultad nihil','2025-04-25 06:42:23','2025-04-25 06:42:23'),(210,145,'Facultad ullam','2025-04-25 06:42:23','2025-04-25 06:42:23'),(211,146,'Facultad voluptatem','2025-04-25 06:42:23','2025-04-25 06:42:23'),(212,147,'Facultad qui','2025-04-25 06:42:23','2025-04-25 06:42:23'),(213,147,'Facultad rem','2025-04-25 06:42:23','2025-04-25 06:42:23'),(214,148,'Facultad quia','2025-04-25 06:42:23','2025-04-25 06:42:23'),(215,149,'Facultad architecto','2025-04-25 06:42:23','2025-04-25 06:42:23'),(216,149,'Facultad voluptatem','2025-04-25 06:42:23','2025-04-25 06:42:23'),(217,150,'Facultad deserunt','2025-04-25 06:42:23','2025-04-25 06:42:23'),(218,151,'Facultad omnis','2025-04-25 06:42:23','2025-04-25 06:42:23'),(219,152,'Facultad non','2025-04-25 06:42:23','2025-04-25 06:42:23'),(220,152,'Facultad voluptates','2025-04-25 06:42:23','2025-04-25 06:42:23'),(221,153,'Facultad reprehenderit','2025-04-25 06:42:23','2025-04-25 06:42:23'),(222,154,'Facultad laudantium','2025-04-25 06:42:23','2025-04-25 06:42:23'),(223,154,'Facultad in','2025-04-25 06:42:23','2025-04-25 06:42:23'),(224,155,'Facultad consequuntur','2025-04-25 06:42:23','2025-04-25 06:42:23'),(225,155,'Facultad nobis','2025-04-25 06:42:23','2025-04-25 06:42:23'),(226,156,'Facultad et','2025-04-25 06:42:23','2025-04-25 06:42:23'),(227,157,'Facultad voluptates','2025-04-25 06:42:23','2025-04-25 06:42:23'),(228,157,'Facultad numquam','2025-04-25 06:42:23','2025-04-25 06:42:23'),(229,158,'Facultad aperiam','2025-04-25 06:42:23','2025-04-25 06:42:23'),(230,159,'Facultad numquam','2025-04-25 06:42:23','2025-04-25 06:42:23'),(231,159,'Facultad placeat','2025-04-25 06:42:23','2025-04-25 06:42:23'),(232,160,'Facultad dolorum','2025-04-25 06:42:23','2025-04-25 06:42:23'),(233,161,'Facultad nihil','2025-04-25 06:42:23','2025-04-25 06:42:23'),(234,162,'Facultad quis','2025-04-25 06:42:23','2025-04-25 06:42:23'),(235,162,'Facultad doloremque','2025-04-25 06:42:23','2025-04-25 06:42:23'),(236,163,'Facultad fugiat','2025-04-25 06:42:23','2025-04-25 06:42:23'),(237,164,'Facultad quam','2025-04-25 06:42:23','2025-04-25 06:42:23'),(238,164,'Facultad quia','2025-04-25 06:42:23','2025-04-25 06:42:23'),(239,165,'Facultad ipsam','2025-04-25 06:42:23','2025-04-25 06:42:23'),(240,166,'Facultad libero','2025-04-25 06:42:23','2025-04-25 06:42:23'),(241,167,'Facultad fugiat','2025-04-25 06:42:23','2025-04-25 06:42:23'),(242,168,'Facultad nemo','2025-04-25 06:42:23','2025-04-25 06:42:23'),(243,168,'Facultad nesciunt','2025-04-25 06:42:23','2025-04-25 06:42:23'),(244,169,'Facultad fugit','2025-04-25 06:42:23','2025-04-25 06:42:23'),(245,170,'Facultad fugit','2025-04-25 06:42:23','2025-04-25 06:42:23'),(246,170,'Facultad ea','2025-04-25 06:42:23','2025-04-25 06:42:23'),(247,171,'Facultad sed','2025-04-25 06:42:23','2025-04-25 06:42:23'),(248,171,'Facultad ratione','2025-04-25 06:42:23','2025-04-25 06:42:23'),(249,172,'Facultad amet','2025-04-25 06:42:23','2025-04-25 06:42:23'),(250,173,'Facultad dolorem','2025-04-25 06:42:23','2025-04-25 06:42:23'),(251,173,'Facultad est','2025-04-25 06:42:23','2025-04-25 06:42:23'),(252,174,'Facultad consequatur','2025-04-25 06:42:23','2025-04-25 06:42:23'),(253,175,'Facultad nesciunt','2025-04-25 06:42:23','2025-04-25 06:42:23'),(254,175,'Facultad sit','2025-04-25 06:42:23','2025-04-25 06:42:23'),(255,176,'Facultad laborum','2025-04-25 06:42:23','2025-04-25 06:42:23'),(256,177,'Facultad dolorem','2025-04-25 06:42:23','2025-04-25 06:42:23'),(257,177,'Facultad quia','2025-04-25 06:42:23','2025-04-25 06:42:23'),(258,178,'Facultad saepe','2025-04-25 06:42:23','2025-04-25 06:42:23'),(259,179,'Facultad aut','2025-04-25 06:42:23','2025-04-25 06:42:23'),(260,180,'Facultad voluptate','2025-04-25 06:42:23','2025-04-25 06:42:23'),(261,180,'Facultad enim','2025-04-25 06:42:23','2025-04-25 06:42:23'),(262,181,'Facultad optio','2025-04-25 06:42:23','2025-04-25 06:42:23'),(263,181,'Facultad autem','2025-04-25 06:42:23','2025-04-25 06:42:23'),(264,182,'Facultad maxime','2025-04-25 06:42:23','2025-04-25 06:42:23'),(265,183,'Facultad eligendi','2025-04-25 06:42:23','2025-04-25 06:42:23'),(266,183,'Facultad sint','2025-04-25 06:42:23','2025-04-25 06:42:23'),(267,184,'Facultad officia','2025-04-25 06:42:23','2025-04-25 06:42:23'),(268,185,'Facultad soluta','2025-04-25 06:42:23','2025-04-25 06:42:23'),(269,186,'Facultad eos','2025-04-25 06:42:23','2025-04-25 06:42:23'),(270,186,'Facultad ut','2025-04-25 06:42:23','2025-04-25 06:42:23'),(271,187,'Facultad rerum','2025-04-25 06:42:23','2025-04-25 06:42:23'),(272,188,'Facultad nemo','2025-04-25 06:42:23','2025-04-25 06:42:23'),(273,188,'Facultad labore','2025-04-25 06:42:23','2025-04-25 06:42:23'),(274,189,'Facultad officia','2025-04-25 06:42:23','2025-04-25 06:42:23'),(275,189,'Facultad suscipit','2025-04-25 06:42:23','2025-04-25 06:42:23'),(276,190,'Facultad labore','2025-04-25 06:42:23','2025-04-25 06:42:23'),(277,191,'Facultad dolores','2025-04-25 06:42:23','2025-04-25 06:42:23'),(278,191,'Facultad est','2025-04-25 06:42:23','2025-04-25 06:42:23'),(279,192,'Facultad dolorem','2025-04-25 06:42:23','2025-04-25 06:42:23'),(280,192,'Facultad mollitia','2025-04-25 06:42:23','2025-04-25 06:42:23'),(281,193,'Facultad quia','2025-04-25 06:42:23','2025-04-25 06:42:23'),(282,193,'Facultad corporis','2025-04-25 06:42:23','2025-04-25 06:42:23'),(283,194,'Facultad harum','2025-04-25 06:42:23','2025-04-25 06:42:23'),(284,194,'Facultad aut','2025-04-25 06:42:23','2025-04-25 06:42:23'),(285,195,'Facultad eum','2025-04-25 06:42:24','2025-04-25 06:42:24'),(286,196,'Facultad veniam','2025-04-25 06:42:24','2025-04-25 06:42:24'),(287,196,'Facultad tenetur','2025-04-25 06:42:24','2025-04-25 06:42:24'),(288,197,'Facultad odit','2025-04-25 06:42:24','2025-04-25 06:42:24'),(289,197,'Facultad et','2025-04-25 06:42:24','2025-04-25 06:42:24'),(290,198,'Facultad non','2025-04-25 06:42:24','2025-04-25 06:42:24'),(291,198,'Facultad laboriosam','2025-04-25 06:42:24','2025-04-25 06:42:24'),(292,199,'Facultad minus','2025-04-25 06:42:24','2025-04-25 06:42:24'),(293,199,'Facultad voluptatem','2025-04-25 06:42:24','2025-04-25 06:42:24'),(294,200,'Facultad facere','2025-04-25 06:42:24','2025-04-25 06:42:24'),(295,201,'Facultad rerum','2025-04-25 06:42:24','2025-04-25 06:42:24'),(296,201,'Facultad ut','2025-04-25 06:42:24','2025-04-25 06:42:24'),(297,202,'Facultad maxime','2025-04-25 06:42:24','2025-04-25 06:42:24'),(298,203,'Facultad vitae','2025-04-25 06:42:24','2025-04-25 06:42:24'),(299,204,'Facultad dolor','2025-04-25 06:42:24','2025-04-25 06:42:24'),(300,204,'Facultad molestias','2025-04-25 06:42:24','2025-04-25 06:42:24'),(301,205,'Facultad error','2025-04-25 06:42:24','2025-04-25 06:42:24'),(302,205,'Facultad non','2025-04-25 06:42:24','2025-04-25 06:42:24'),(303,206,'Facultad sit','2025-04-25 06:42:24','2025-04-25 06:42:24'),(304,207,'Facultad saepe','2025-04-25 06:42:24','2025-04-25 06:42:24'),(305,207,'Facultad perferendis','2025-04-25 06:42:24','2025-04-25 06:42:24'),(306,208,'Facultad pariatur','2025-04-25 06:42:24','2025-04-25 06:42:24'),(307,208,'Facultad sit','2025-04-25 06:42:24','2025-04-25 06:42:24'),(308,209,'Facultad et','2025-04-25 06:42:24','2025-04-25 06:42:24'),(309,210,'Facultad repellendus','2025-04-25 06:42:24','2025-04-25 06:42:24'),(310,210,'Facultad odio','2025-04-25 06:42:24','2025-04-25 06:42:24'),(311,211,'Facultad tempore','2025-04-25 06:42:24','2025-04-25 06:42:24'),(312,212,'Facultad vero','2025-04-25 06:42:24','2025-04-25 06:42:24'),(313,213,'Facultad deserunt','2025-04-25 06:42:24','2025-04-25 06:42:24'),(314,214,'Facultad fugit','2025-04-25 06:42:24','2025-04-25 06:42:24'),(315,215,'Facultad et','2025-04-25 06:42:24','2025-04-25 06:42:24'),(316,215,'Facultad quisquam','2025-04-25 06:42:24','2025-04-25 06:42:24'),(317,216,'Facultad ut','2025-04-25 06:42:24','2025-04-25 06:42:24'),(318,217,'Facultad sed','2025-04-25 06:42:24','2025-04-25 06:42:24'),(319,218,'Facultad omnis','2025-04-25 06:42:24','2025-04-25 06:42:24'),(320,219,'Facultad eos','2025-04-25 06:42:24','2025-04-25 06:42:24'),(321,220,'Facultad sunt','2025-04-25 06:42:24','2025-04-25 06:42:24'),(322,220,'Facultad aut','2025-04-25 06:42:24','2025-04-25 06:42:24'),(323,221,'Facultad iure','2025-04-25 06:42:24','2025-04-25 06:42:24'),(324,221,'Facultad ut','2025-04-25 06:42:24','2025-04-25 06:42:24'),(325,222,'Facultad enim','2025-04-25 06:42:24','2025-04-25 06:42:24'),(326,222,'Facultad reiciendis','2025-04-25 06:42:24','2025-04-25 06:42:24'),(327,223,'Facultad perspiciatis','2025-04-25 06:42:24','2025-04-25 06:42:24'),(328,223,'Facultad ex','2025-04-25 06:42:24','2025-04-25 06:42:24'),(329,224,'Facultad et','2025-04-25 06:42:24','2025-04-25 06:42:24'),(330,224,'Facultad illum','2025-04-25 06:42:24','2025-04-25 06:42:24'),(331,225,'Facultad molestiae','2025-04-25 06:42:24','2025-04-25 06:42:24'),(332,225,'Facultad non','2025-04-25 06:42:24','2025-04-25 06:42:24'),(333,226,'Facultad ut','2025-04-25 06:42:24','2025-04-25 06:42:24'),(334,227,'Facultad quod','2025-04-25 06:42:24','2025-04-25 06:42:24'),(335,228,'Facultad illum','2025-04-25 06:42:24','2025-04-25 06:42:24'),(336,228,'Facultad sed','2025-04-25 06:42:24','2025-04-25 06:42:24'),(337,229,'Facultad et','2025-04-25 06:42:24','2025-04-25 06:42:24'),(338,230,'Facultad veniam','2025-04-25 06:42:24','2025-04-25 06:42:24'),(339,231,'Facultad magni','2025-04-25 06:42:24','2025-04-25 06:42:24'),(340,231,'Facultad voluptatem','2025-04-25 06:42:24','2025-04-25 06:42:24');
/*!40000 ALTER TABLE `faculties` ENABLE KEYS */;
UNLOCK TABLES;

--
-- Table structure for table `migrations`
--

DROP TABLE IF EXISTS `migrations`;
/*!40101 SET @saved_cs_client     = @@character_set_client */;
/*!50503 SET character_set_client = utf8mb4 */;
CREATE TABLE `migrations` (
  `id` int unsigned NOT NULL AUTO_INCREMENT,
  `migration` varchar(191) COLLATE utf8mb4_unicode_ci NOT NULL,
  `batch` int NOT NULL,
  PRIMARY KEY (`id`)
) ENGINE=InnoDB AUTO_INCREMENT=23 DEFAULT CHARSET=utf8mb4 COLLATE=utf8mb4_unicode_ci;
/*!40101 SET character_set_client = @saved_cs_client */;

--
-- Dumping data for table `migrations`
--

LOCK TABLES `migrations` WRITE;
/*!40000 ALTER TABLE `migrations` DISABLE KEYS */;
INSERT INTO `migrations` VALUES (1,'2019_12_14_000001_create_personal_access_tokens_table',1),(2,'2022_06_14_010601_create_countries_table',1),(3,'2022_06_14_010602_create_states_table',1),(4,'2022_06_14_010603_create_cities_table',1),(5,'2022_06_14_010604_create_companies_table',1),(6,'2022_06_14_010605_create_document_types_table',1),(7,'2022_06_14_010610_create_password_resets_table',1),(8,'2022_06_14_023233_create_universities_table',1),(9,'2022_06_14_030412_create_academic_levels_table',1),(10,'2022_06_14_030413_create_faculties_table',1),(11,'2022_06_14_041309_create_programs_table',1),(12,'2022_06_14_041929_create_people_table',1),(13,'2022_06_14_045043_create_person_company_table',1),(14,'2022_06_14_045044_create_person_academic_table',1),(15,'2022_06_15_022850_create_users_table',1),(16,'2022_06_15_022851_create_admins_table',1),(17,'2022_06_21_014518_create_permission_tables',1),(18,'2022_06_22_154356_create_post_categories_table',1),(19,'2022_06_22_154357_create_posts_table',1),(20,'2022_06_22_160316_create_post_images_table',1),(21,'2022_06_22_160333_create_post_videos_table',1),(22,'2022_06_22_160654_create_post_documents_table',1);
/*!40000 ALTER TABLE `migrations` ENABLE KEYS */;
UNLOCK TABLES;

--
-- Table structure for table `model_has_permissions`
--

DROP TABLE IF EXISTS `model_has_permissions`;
/*!40101 SET @saved_cs_client     = @@character_set_client */;
/*!50503 SET character_set_client = utf8mb4 */;
CREATE TABLE `model_has_permissions` (
  `permission_id` bigint unsigned NOT NULL,
  `model_type` varchar(191) COLLATE utf8mb4_unicode_ci NOT NULL,
  `model_id` bigint unsigned NOT NULL,
  PRIMARY KEY (`permission_id`,`model_id`,`model_type`),
  KEY `model_has_permissions_model_id_model_type_index` (`model_id`,`model_type`),
  CONSTRAINT `model_has_permissions_permission_id_foreign` FOREIGN KEY (`permission_id`) REFERENCES `permissions` (`id`) ON DELETE CASCADE
) ENGINE=InnoDB DEFAULT CHARSET=utf8mb4 COLLATE=utf8mb4_unicode_ci;
/*!40101 SET character_set_client = @saved_cs_client */;

--
-- Dumping data for table `model_has_permissions`
--

LOCK TABLES `model_has_permissions` WRITE;
/*!40000 ALTER TABLE `model_has_permissions` DISABLE KEYS */;
/*!40000 ALTER TABLE `model_has_permissions` ENABLE KEYS */;
UNLOCK TABLES;

--
-- Table structure for table `model_has_roles`
--

DROP TABLE IF EXISTS `model_has_roles`;
/*!40101 SET @saved_cs_client     = @@character_set_client */;
/*!50503 SET character_set_client = utf8mb4 */;
CREATE TABLE `model_has_roles` (
  `role_id` bigint unsigned NOT NULL,
  `model_type` varchar(191) COLLATE utf8mb4_unicode_ci NOT NULL,
  `model_id` bigint unsigned NOT NULL,
  PRIMARY KEY (`role_id`,`model_id`,`model_type`),
  KEY `model_has_roles_model_id_model_type_index` (`model_id`,`model_type`),
  CONSTRAINT `model_has_roles_role_id_foreign` FOREIGN KEY (`role_id`) REFERENCES `roles` (`id`) ON DELETE CASCADE
) ENGINE=InnoDB DEFAULT CHARSET=utf8mb4 COLLATE=utf8mb4_unicode_ci;
/*!40101 SET character_set_client = @saved_cs_client */;

--
-- Dumping data for table `model_has_roles`
--

LOCK TABLES `model_has_roles` WRITE;
/*!40000 ALTER TABLE `model_has_roles` DISABLE KEYS */;
INSERT INTO `model_has_roles` VALUES (1,'App\\Models\\Admin',1),(2,'App\\Models\\User',1),(1,'App\\Models\\Admin',2),(2,'App\\Models\\User',2),(2,'App\\Models\\User',3),(2,'App\\Models\\User',4),(2,'App\\Models\\User',5),(2,'App\\Models\\User',6),(2,'App\\Models\\User',7),(2,'App\\Models\\User',8),(2,'App\\Models\\User',9),(2,'App\\Models\\User',10),(2,'App\\Models\\User',11),(2,'App\\Models\\User',12),(2,'App\\Models\\User',13),(2,'App\\Models\\User',14),(2,'App\\Models\\User',15),(2,'App\\Models\\User',16),(2,'App\\Models\\User',17),(2,'App\\Models\\User',18),(2,'App\\Models\\User',19),(2,'App\\Models\\User',20),(2,'App\\Models\\User',21),(2,'App\\Models\\User',22),(2,'App\\Models\\User',23),(2,'App\\Models\\User',24),(2,'App\\Models\\User',25),(2,'App\\Models\\User',26),(2,'App\\Models\\User',27),(2,'App\\Models\\User',28),(2,'App\\Models\\User',29),(2,'App\\Models\\User',30),(2,'App\\Models\\User',31),(2,'App\\Models\\User',32),(2,'App\\Models\\User',33),(2,'App\\Models\\User',34),(2,'App\\Models\\User',35),(2,'App\\Models\\User',36),(2,'App\\Models\\User',37),(2,'App\\Models\\User',38),(2,'App\\Models\\User',39),(2,'App\\Models\\User',40),(2,'App\\Models\\User',41),(2,'App\\Models\\User',42),(2,'App\\Models\\User',43),(2,'App\\Models\\User',44),(2,'App\\Models\\User',45),(2,'App\\Models\\User',46),(2,'App\\Models\\User',47),(2,'App\\Models\\User',48),(2,'App\\Models\\User',49),(2,'App\\Models\\User',50),(2,'App\\Models\\User',51),(2,'App\\Models\\User',52),(2,'App\\Models\\User',53),(2,'App\\Models\\User',54),(2,'App\\Models\\User',55),(2,'App\\Models\\User',56),(2,'App\\Models\\User',57),(2,'App\\Models\\User',58),(2,'App\\Models\\User',59),(2,'App\\Models\\User',60),(2,'App\\Models\\User',61),(2,'App\\Models\\User',62),(2,'App\\Models\\User',63),(2,'App\\Models\\User',64),(2,'App\\Models\\User',65),(2,'App\\Models\\User',66),(2,'App\\Models\\User',67),(2,'App\\Models\\User',68),(2,'App\\Models\\User',69),(2,'App\\Models\\User',70),(2,'App\\Models\\User',71),(2,'App\\Models\\User',72),(2,'App\\Models\\User',73),(2,'App\\Models\\User',74),(2,'App\\Models\\User',75);
/*!40000 ALTER TABLE `model_has_roles` ENABLE KEYS */;
UNLOCK TABLES;

--
-- Table structure for table `password_resets`
--

DROP TABLE IF EXISTS `password_resets`;
/*!40101 SET @saved_cs_client     = @@character_set_client */;
/*!50503 SET character_set_client = utf8mb4 */;
CREATE TABLE `password_resets` (
  `email` varchar(191) COLLATE utf8mb4_unicode_ci NOT NULL,
  `token` varchar(191) COLLATE utf8mb4_unicode_ci NOT NULL,
  `created_at` timestamp NULL DEFAULT NULL,
  KEY `password_resets_email_index` (`email`)
) ENGINE=InnoDB DEFAULT CHARSET=utf8mb4 COLLATE=utf8mb4_unicode_ci;
/*!40101 SET character_set_client = @saved_cs_client */;

--
-- Dumping data for table `password_resets`
--

LOCK TABLES `password_resets` WRITE;
/*!40000 ALTER TABLE `password_resets` DISABLE KEYS */;
/*!40000 ALTER TABLE `password_resets` ENABLE KEYS */;
UNLOCK TABLES;

--
-- Table structure for table `people`
--

DROP TABLE IF EXISTS `people`;
/*!40101 SET @saved_cs_client     = @@character_set_client */;
/*!50503 SET character_set_client = utf8mb4 */;
CREATE TABLE `people` (
  `id` bigint unsigned NOT NULL AUTO_INCREMENT,
  `name` varchar(191) COLLATE utf8mb4_unicode_ci NOT NULL,
  `lastname` varchar(191) COLLATE utf8mb4_unicode_ci NOT NULL,
  `document_type_id` tinyint unsigned NOT NULL,
  `document` varchar(191) COLLATE utf8mb4_unicode_ci NOT NULL,
  `phone` varchar(191) COLLATE utf8mb4_unicode_ci NOT NULL,
  `address` varchar(191) COLLATE utf8mb4_unicode_ci NOT NULL,
  `telephone` varchar(191) COLLATE utf8mb4_unicode_ci DEFAULT NULL,
  `email` varchar(191) COLLATE utf8mb4_unicode_ci NOT NULL,
  `birthdate_place_id` bigint unsigned NOT NULL,
  `birthdate` date NOT NULL,
  `has_data_person` tinyint(1) NOT NULL DEFAULT '0',
  `has_data_academic` tinyint(1) NOT NULL DEFAULT '0',
  `has_data_company` tinyint(1) NOT NULL DEFAULT '0',
  `image_url` varchar(191) COLLATE utf8mb4_unicode_ci DEFAULT NULL,
  `image` varchar(191) COLLATE utf8mb4_unicode_ci DEFAULT NULL,
  `created_at` timestamp NULL DEFAULT NULL,
  `updated_at` timestamp NULL DEFAULT NULL,
  PRIMARY KEY (`id`),
  UNIQUE KEY `people_email_unique` (`email`),
  KEY `people_document_type_id_foreign` (`document_type_id`),
  KEY `people_birthdate_place_id_foreign` (`birthdate_place_id`),
  CONSTRAINT `people_birthdate_place_id_foreign` FOREIGN KEY (`birthdate_place_id`) REFERENCES `cities` (`id`) ON DELETE RESTRICT ON UPDATE CASCADE,
  CONSTRAINT `people_document_type_id_foreign` FOREIGN KEY (`document_type_id`) REFERENCES `document_types` (`id`) ON DELETE RESTRICT ON UPDATE CASCADE
) ENGINE=InnoDB AUTO_INCREMENT=78 DEFAULT CHARSET=utf8mb4 COLLATE=utf8mb4_unicode_ci;
/*!40101 SET character_set_client = @saved_cs_client */;

--
-- Dumping data for table `people`
--

LOCK TABLES `people` WRITE;
/*!40000 ALTER TABLE `people` DISABLE KEYS */;
INSERT INTO `people` VALUES (1,'Jarlin Andrés','Fonseca',1,'1006287478','(609) 535-6685','1567 King Vista\nLake Orlando, MS 28379','+19368801032','jarlinandres5000@gmail.com',1,'1998-12-14',0,0,0,'https://via.placeholder.com/640x480.png/000033?text=mollitia',NULL,'2025-04-25 06:42:31','2025-04-25 06:42:31'),(2,'Judith del pilar','Rodríguez Tenjo',1,'10906248','706-705-5568','56899 Runolfsson Creek Suite 487\nNorth Maggie, DC 20762-2608','+19015328188','judithdelpilarrt@ufps.edu.co',1,'1991-08-20',0,0,0,'https://via.placeholder.com/640x480.png/00ffcc?text=non',NULL,'2025-04-25 06:42:31','2025-04-25 06:42:31'),(3,'Alexandro Armstrong','Gulgowski',3,'10907985','(757) 725-0244','345 Freida Mountain Suite 012Geovannychester, MO 16567-2370','+15592544099','kthompson@gmail.com',1,'1999-04-20',0,0,0,'storage/images/people/','1745546242_people_image.png','2025-04-25 06:42:31','2025-04-25 06:57:22'),(4,'Zackery Douglas IV','Tremblay',2,'10906541','352-708-1470','254 Domenic Terrace\nKovacekhaven, OH 64183-2878','+19567793613','wcrona@gmail.com',73,'1991-06-04',0,0,0,'https://via.placeholder.com/640x480.png/00dd55?text=quia',NULL,'2025-04-25 06:42:31','2025-04-25 06:42:31'),(5,'Ms. Maiya Thiel Sr.','Rath',1,'10905288','208.554.5786','59574 Lenna Isle Suite 582\nSwiftland, WV 34214','+17696520386','lenna88@lind.com',42,'1970-11-27',0,0,0,'https://via.placeholder.com/640x480.png/00cc44?text=ut',NULL,'2025-04-25 06:42:31','2025-04-25 06:42:31'),(6,'Terry Bernier','Kunde',3,'10902322','1-559-421-7608','5875 Nyah Forges\nWest Brisastad, MT 80698','+16108162163','vonrueden.axel@gmail.com',111,'1989-03-30',0,0,0,'https://via.placeholder.com/640x480.png/006677?text=omnis',NULL,'2025-04-25 06:42:31','2025-04-25 06:42:31'),(7,'Markus Erdman','Huels',1,'10907478','325-301-2664','494 Deangelo Prairie Suite 128\nEast Giaport, VA 76069','+18046194053','wquigley@hotmail.com',25,'2005-11-24',0,0,0,'https://via.placeholder.com/640x480.png/00dddd?text=consequuntur',NULL,'2025-04-25 06:42:31','2025-04-25 06:42:31'),(8,'Ozella Rodriguez','Rolfson',1,'10907448','+16784089349','47820 Stanley Stravenue\nWest Enrique, CA 06648','+15644149474','margot.legros@haag.info',86,'1995-02-23',0,0,0,'https://via.placeholder.com/640x480.png/0055bb?text=ex',NULL,'2025-04-25 06:42:31','2025-04-25 06:42:31'),(9,'Mr. Wilfredo Kiehn','Connelly',2,'10902807','(513) 644-3393','2363 Athena Route Apt. 186\nWest Evan, RI 89995','+14454633531','larissa.johnston@gmail.com',35,'2003-02-03',0,0,0,'https://via.placeholder.com/640x480.png/0077cc?text=facere',NULL,'2025-04-25 06:42:31','2025-04-25 06:42:31'),(10,'Glenna D\'Amore','Roob',2,'10903296','+1.283.350.2520','8671 Bernier Summit Suite 539\nCarterland, NM 36991','+15204522055','zveum@hotmail.com',103,'2000-06-08',0,0,0,'https://via.placeholder.com/640x480.png/000044?text=beatae',NULL,'2025-04-25 06:42:31','2025-04-25 06:42:31'),(11,'Kaleb Metz','Adams',3,'10903348','1-475-298-7543','772 Doyle Ridges\nLegrosstad, OK 53577','+14422997272','erling.schumm@cassin.info',113,'1991-11-16',0,0,0,'https://via.placeholder.com/640x480.png/00ff22?text=ut',NULL,'2025-04-25 06:42:31','2025-04-25 06:42:31'),(12,'Ethelyn Stroman','Bahringer',1,'10905943','(952) 981-9209','25649 Newell Village\nNorth Kianburgh, CO 90376','+18306400655','kolby.okeefe@muller.biz',43,'1992-03-12',0,0,0,'https://via.placeholder.com/640x480.png/00aabb?text=sit',NULL,'2025-04-25 06:42:31','2025-04-25 06:42:31'),(13,'Prof. Santa Emmerich','Armstrong',2,'10903703','283.762.7224','69324 Leffler Stravenue\nKarsonview, IL 83468-4501','+14244623251','ismael.walsh@yahoo.com',3,'1998-04-04',0,0,0,'https://via.placeholder.com/640x480.png/00aa77?text=reprehenderit',NULL,'2025-04-25 06:42:31','2025-04-25 06:42:31'),(14,'Dr. Obie Dibbert V','Bosco',2,'10906710','1-325-700-2374','89400 Elwin Plains Suite 496\nLake Holliston, KY 59108','+14308857519','asia30@herman.info',98,'1992-08-21',0,0,0,'https://via.placeholder.com/640x480.png/0044ff?text=quo',NULL,'2025-04-25 06:42:31','2025-04-25 06:42:31'),(15,'Mr. Daren Dare DVM','Gaylord',2,'10906257','(580) 326-8112','230 Stiedemann Harbor\nPort Yazmintown, WY 30136-2264','+13058438291','madonna.hermann@gmail.com',76,'1990-02-07',0,0,0,'https://via.placeholder.com/640x480.png/000000?text=eius',NULL,'2025-04-25 06:42:31','2025-04-25 06:42:31'),(16,'Jakob Lindgren DDS','Hettinger',3,'10908655','(775) 851-2287','89953 Graham Grove\nKristahaven, OK 92110-5369','+17272800202','jan.yost@yahoo.com',88,'1970-01-28',0,0,0,'https://via.placeholder.com/640x480.png/00aa00?text=nesciunt',NULL,'2025-04-25 06:42:31','2025-04-25 06:42:31'),(17,'Shaylee Funk','Schowalter',1,'10907382','+1 (858) 523-4190','33798 Wilderman Harbors Apt. 303\nOrnton, DE 09927','+16282465316','bosco.waino@gmail.com',72,'1994-11-16',0,0,0,'https://via.placeholder.com/640x480.png/00ff66?text=amet',NULL,'2025-04-25 06:42:31','2025-04-25 06:42:31'),(18,'Estella Lakin','Donnelly',1,'10902446','+1 (360) 533-6043','5147 Eichmann Glen\nNorth Maraport, ID 78566','+14239640996','lleannon@gmail.com',22,'1996-03-06',0,0,0,'https://via.placeholder.com/640x480.png/00ff33?text=vel',NULL,'2025-04-25 06:42:31','2025-04-25 06:42:31'),(19,'Prof. Reta Senger','Runolfsson',1,'10901880','1-207-780-6034','8636 Terry Ford\nReingerburgh, OR 47702','+16518906149','marcelo.rath@wunsch.biz',98,'1975-04-23',0,0,0,'https://via.placeholder.com/640x480.png/001188?text=cum',NULL,'2025-04-25 06:42:31','2025-04-25 06:42:31'),(20,'Jarrett Collier','Schulist',3,'10902051','925.926.3709','440 Walsh Fort Apt. 728\nPort Mariaside, MN 96175-6399','+16156444374','sage79@gmail.com',39,'1993-04-19',0,0,0,'https://via.placeholder.com/640x480.png/0033aa?text=maiores',NULL,'2025-04-25 06:42:31','2025-04-25 06:42:31'),(21,'Dr. Alva Hills','Shields',2,'10909505','845-213-6478','52826 Guido Crescent\nNew Jayda, AR 92766-8206','+18726768168','jacobi.ursula@gmail.com',52,'1999-05-04',0,0,0,'https://via.placeholder.com/640x480.png/0055aa?text=est',NULL,'2025-04-25 06:42:31','2025-04-25 06:42:31'),(22,'Isabel Rolfson','Cummings',2,'10908138','+1 (580) 403-6386','47953 Elena Expressway Apt. 004\nWest Hank, SD 82329','+19404043770','heathcote.norma@buckridge.info',91,'1997-01-02',0,0,0,'https://via.placeholder.com/640x480.png/000033?text=modi',NULL,'2025-04-25 06:42:31','2025-04-25 06:42:31'),(23,'Dr. Jonas Koch Jr.','Barrows',3,'10901704','+1.681.491.9131','9457 Janelle Mews\nTerrenceport, DC 03632','+15414494789','gay40@heidenreich.biz',67,'2003-06-06',0,0,0,'https://via.placeholder.com/640x480.png/0011dd?text=enim',NULL,'2025-04-25 06:42:31','2025-04-25 06:42:31'),(24,'Sarai Botsford I','Lowe',2,'10903934','+1.531.263.1870','4967 Chadrick Plaza Suite 006\nLake Granville, AK 72043','+17408093689','bogan.vicenta@heaney.com',75,'1980-08-26',0,0,0,'https://via.placeholder.com/640x480.png/0066ee?text=nesciunt',NULL,'2025-04-25 06:42:31','2025-04-25 06:42:31'),(25,'Napoleon Kunze','Pouros',3,'10902682','+1 (985) 444-4533','891 Haag Locks Apt. 370\nHartmannhaven, MA 54614-9046','+17152910329','ukuphal@gmail.com',4,'1987-09-18',0,0,0,'https://via.placeholder.com/640x480.png/003333?text=blanditiis',NULL,'2025-04-25 06:42:31','2025-04-25 06:42:31'),(26,'Prof. Darren Stoltenberg Sr.','Abshire',3,'10901394','1-380-805-9892','5878 Bergnaum View\nDachland, ME 94314-9462','+19296861037','mueller.green@zboncak.com',110,'1986-01-18',0,0,0,'https://via.placeholder.com/640x480.png/00bb55?text=et',NULL,'2025-04-25 06:42:31','2025-04-25 06:42:31'),(27,'Emmanuel Dooley','Feil',3,'10902561','+15073155120','9981 Enrique Run Suite 781\nMelissamouth, ND 80851-4426','+15866897449','rogahn.verlie@hotmail.com',42,'1997-12-15',0,0,0,'https://via.placeholder.com/640x480.png/00ee55?text=commodi',NULL,'2025-04-25 06:42:31','2025-04-25 06:42:31'),(28,'Terrill Mertz','Donnelly',3,'10909391','+1-385-328-1964','758 Ashlynn Springs\nWest Vance, AK 27199-3068','+16514192196','lily.kassulke@yahoo.com',24,'1989-12-07',0,0,0,'https://via.placeholder.com/640x480.png/005522?text=labore',NULL,'2025-04-25 06:42:31','2025-04-25 06:42:31'),(29,'Dr. Hunter Grant','Hodkiewicz',3,'10906097','361-520-6674','4209 Ernser Fords\nNorth Raleighhaven, OH 52576-5814','+19182049546','strosin.heidi@yahoo.com',57,'1978-06-16',0,0,0,'https://via.placeholder.com/640x480.png/004477?text=vero',NULL,'2025-04-25 06:42:31','2025-04-25 06:42:31'),(30,'Mr. Herman Wintheiser','Hauck',3,'10906361','984-210-1976','1560 Josie Streets\nMorissetteborough, VA 19861-3758','+15632965193','aborer@yahoo.com',98,'1988-01-13',0,0,0,'https://via.placeholder.com/640x480.png/00ff00?text=velit',NULL,'2025-04-25 06:42:31','2025-04-25 06:42:31'),(31,'Myrtis Kohler','McClure',1,'10903152','410.943.7259','966 Schultz Plaza Suite 323\nEichmannhaven, MD 00735-7616','+12243222785','diana.franecki@yahoo.com',69,'2006-02-28',0,0,0,'https://via.placeholder.com/640x480.png/00cc11?text=voluptatem',NULL,'2025-04-25 06:42:31','2025-04-25 06:42:31'),(32,'Destini Hermiston Jr.','Friesen',2,'10903520','+1-704-716-3729','107 Kara Mills Suite 455\nPagacview, CO 24883','+18595319915','rosella.hoppe@bechtelar.com',35,'1998-02-03',0,0,0,'https://via.placeholder.com/640x480.png/0033cc?text=eaque',NULL,'2025-04-25 06:42:31','2025-04-25 06:42:31'),(33,'Dell Herman','Wilderman',2,'10909577','+1.985.566.8835','88976 Pansy Views Suite 387\nHeaneyshire, MA 33681','+14029609417','dahlia.hyatt@gmail.com',114,'1974-07-17',0,0,0,'https://via.placeholder.com/640x480.png/009999?text=neque',NULL,'2025-04-25 06:42:31','2025-04-25 06:42:31'),(34,'Agustin Beer','Runolfsdottir',1,'10901536','+1-810-737-2082','82270 Fahey Causeway Suite 880\nNadiaside, NV 72563-4023','+17869797642','crist.betsy@crooks.com',108,'1986-08-27',0,0,0,'https://via.placeholder.com/640x480.png/00bbee?text=blanditiis',NULL,'2025-04-25 06:42:31','2025-04-25 06:42:31'),(35,'Miss Margaretta Greenfelder PhD','Nienow',3,'10908545','702-741-4427','900 Yvette River Suite 256\nNorth Trycia, VA 07369','+18605025346','deven.beatty@hotmail.com',97,'1982-04-27',0,0,0,'https://via.placeholder.com/640x480.png/0022ee?text=repellat',NULL,'2025-04-25 06:42:31','2025-04-25 06:42:31'),(36,'Aiyana Maggio','Volkman',1,'10907361','+1-316-604-6131','76454 Casper Ridge\nEast Kirstin, AK 61138-2386','+15018647561','alize.daugherty@gmail.com',79,'2002-08-22',0,0,0,'https://via.placeholder.com/640x480.png/007700?text=nihil',NULL,'2025-04-25 06:42:31','2025-04-25 06:42:31'),(37,'Cody Carroll Jr.','Daugherty',2,'10904996','1-802-925-2620','3221 Charlie Villages Apt. 501\nNew Felicitabury, AZ 55089-3274','+19012767834','mcglynn.grady@greenfelder.com',39,'1973-06-10',0,0,0,'https://via.placeholder.com/640x480.png/004422?text=molestias',NULL,'2025-04-25 06:42:31','2025-04-25 06:42:31'),(38,'Shaniya Weimann','Crooks',1,'10903961','+1-629-710-3302','246 Flossie Tunnel\nAltenwerthmouth, IL 47617','+13513045155','deanna.frami@kihn.info',8,'1993-11-29',0,0,0,'https://via.placeholder.com/640x480.png/0022dd?text=sint',NULL,'2025-04-25 06:42:31','2025-04-25 06:42:31'),(39,'Karley Upton','Lesch',1,'10901402','+1.256.729.4101','71282 Unique Meadows\nLake Garret, UT 12264','+13856055153','shoeger@gmail.com',41,'1973-03-18',0,0,0,'https://via.placeholder.com/640x480.png/003377?text=error',NULL,'2025-04-25 06:42:31','2025-04-25 06:42:31'),(40,'Mario Conn','Metz',2,'10902240','(234) 865-6384','524 Barrows Path Apt. 328\nLake Holden, OH 46251','+14357590613','frami.marjory@renner.com',97,'1974-05-31',0,0,0,'https://via.placeholder.com/640x480.png/0000ff?text=sed',NULL,'2025-04-25 06:42:31','2025-04-25 06:42:31'),(41,'Amya Witting','Becker',1,'10902993','+1 (850) 663-6082','27168 Durgan Mountain Suite 963\nThurmanland, MT 25477-5141','+14026422290','awalker@heathcote.com',17,'1975-07-07',0,0,0,'https://via.placeholder.com/640x480.png/0099cc?text=non',NULL,'2025-04-25 06:42:31','2025-04-25 06:42:31'),(42,'Miss Anastasia Lindgren II','Kerluke',2,'10907006','1-470-497-8330','91359 Uriah Plains Suite 012\nHegmanntown, ND 86379-4611','+15204339849','schuster.eloisa@hotmail.com',54,'1990-03-28',0,0,0,'https://via.placeholder.com/640x480.png/000022?text=deleniti',NULL,'2025-04-25 06:42:31','2025-04-25 06:42:31'),(43,'Deshaun Schulist Sr.','Oberbrunner',3,'10903256','+1.580.875.0773','98206 Amparo Walk Suite 107\nSouth Miltonberg, AL 51634','+14255881726','osinski.christy@hotmail.com',58,'1989-10-11',0,0,0,'https://via.placeholder.com/640x480.png/00dd00?text=qui',NULL,'2025-04-25 06:42:31','2025-04-25 06:42:31'),(44,'Ericka Schimmel','Walker',3,'10907407','629.604.6226','4199 Sterling Corners Suite 671\nSpinkaland, KS 64427','+14257872458','ohara.magnolia@auer.net',18,'1971-06-10',0,0,0,'https://via.placeholder.com/640x480.png/0000ee?text=repellendus',NULL,'2025-04-25 06:42:31','2025-04-25 06:42:31'),(45,'Haskell Goodwin','Turcotte',3,'10904293','606.966.9555','9870 Mertz Overpass Suite 085\nDelphiamouth, GA 85667','+14345879601','jewel.batz@gmail.com',49,'1995-01-14',0,0,0,'https://via.placeholder.com/640x480.png/00ddbb?text=quidem',NULL,'2025-04-25 06:42:32','2025-04-25 06:42:32'),(46,'Dr. Claire Beer','Sanford',1,'10907900','+1.341.642.3351','1669 Gabrielle Stravenue\nBeermouth, NJ 26513-6791','+16613657276','cremin.emmitt@hotmail.com',43,'1972-04-02',0,0,0,'https://via.placeholder.com/640x480.png/003377?text=quo',NULL,'2025-04-25 06:42:32','2025-04-25 06:42:32'),(47,'Mr. Alford Murray III','Wehner',1,'10902364','(816) 991-7990','3296 Alexa Hills\nBeahanfurt, TX 07476-3919','+12198627158','vgislason@christiansen.com',49,'1987-11-01',0,0,0,'https://via.placeholder.com/640x480.png/0000ee?text=non',NULL,'2025-04-25 06:42:32','2025-04-25 06:42:32'),(48,'Marvin Robel','Littel',1,'10907723','432-788-4766','3138 Hirthe Highway Apt. 143\nPatrickberg, SC 51188','+13155150329','dibbert.myra@hotmail.com',27,'2001-09-18',0,0,0,'https://via.placeholder.com/640x480.png/00aa44?text=ad',NULL,'2025-04-25 06:42:32','2025-04-25 06:42:32'),(49,'Angelica Huels III','Ledner',2,'10904414','1-539-996-7340','47742 Rodrigo Cliffs Apt. 717\nSouth Haileyburgh, ID 86128-3716','+17755222893','sierra62@considine.com',85,'1990-12-11',0,0,0,'https://via.placeholder.com/640x480.png/000033?text=eligendi',NULL,'2025-04-25 06:42:32','2025-04-25 06:42:32'),(50,'Dr. Laverne Goyette','Schuppe',1,'10905989','814-412-2954','867 Peyton Pines Apt. 255\nSmithamton, NH 43617-8867','+15204502485','tia99@effertz.com',40,'1980-09-23',0,0,0,'https://via.placeholder.com/640x480.png/0000cc?text=facilis',NULL,'2025-04-25 06:42:32','2025-04-25 06:42:32'),(51,'Miss Priscilla Hansen','Carroll',2,'10902357','601-245-5753','152 Chesley Station\nSouth Leanna, IA 31152','+17817038543','sean.hammes@schaden.com',14,'1972-09-01',0,0,0,'https://via.placeholder.com/640x480.png/00bbee?text=consequatur',NULL,'2025-04-25 06:42:32','2025-04-25 06:42:32'),(52,'Amari Collier Sr.','Kautzer',2,'10908886','(479) 650-4866','49215 Dooley Overpass\nEast Emelie, PA 71577','+18052620138','allene.sauer@gmail.com',44,'1982-10-17',0,0,0,'https://via.placeholder.com/640x480.png/003322?text=sunt',NULL,'2025-04-25 06:42:32','2025-04-25 06:42:32'),(53,'Leonor McCullough','Swaniawski',1,'10909878','+1 (941) 409-5472','9871 Kurt Ports\nLake Justinaview, VT 36970','+16817749342','marlen.hansen@hauck.biz',102,'1973-08-06',0,0,0,'https://via.placeholder.com/640x480.png/00bb11?text=dolores',NULL,'2025-04-25 06:42:32','2025-04-25 06:42:32'),(54,'Dr. Amir Prohaska DVM','Spencer',1,'10908857','+1-501-555-1890','74404 Rosalia Tunnel\nFreddyshire, TX 47548-2704','+18623917644','milford.tromp@gmail.com',41,'2001-10-02',0,0,0,'https://via.placeholder.com/640x480.png/00aacc?text=quia',NULL,'2025-04-25 06:42:32','2025-04-25 06:42:32'),(55,'Rocio Jakubowski','Robel',1,'10909159','+1.283.970.8216','7275 Raphaelle Views\nCarmeloburgh, CA 69377','+18037243499','paucek.dino@bernier.net',13,'1977-11-30',0,0,0,'https://via.placeholder.com/640x480.png/00ffff?text=in',NULL,'2025-04-25 06:42:32','2025-04-25 06:42:32'),(56,'Cheyanne Jaskolski','Kozey',2,'10902037','1-724-571-7120','724 Marisa Ferry\nLoycechester, TN 06790','+15512876166','shyanne.blanda@hotmail.com',20,'1972-01-15',0,0,0,'https://via.placeholder.com/640x480.png/004422?text=necessitatibus',NULL,'2025-04-25 06:42:32','2025-04-25 06:42:32'),(57,'Wendy Beier','Schamberger',2,'10902263','1-540-548-2607','6475 Golda Union Apt. 318\nDouglashaven, UT 58021-2594','+19843137330','jcarter@hegmann.org',44,'2003-08-08',0,0,0,'https://via.placeholder.com/640x480.png/0055ee?text=aliquam',NULL,'2025-04-25 06:42:32','2025-04-25 06:42:32'),(58,'Fabian Kulas','Swift',2,'10906239','+13094785828','897 Greenfelder Villages\nEast Sidborough, OR 74350','+12259369873','rowe.marshall@mcglynn.biz',76,'1980-09-15',0,0,0,'https://via.placeholder.com/640x480.png/004488?text=voluptas',NULL,'2025-04-25 06:42:32','2025-04-25 06:42:32'),(59,'Mrs. Iva Wiza PhD','Spinka',3,'10906891','(731) 776-8827','824 O\'Hara Key\nStantonton, KY 65347','+16784485365','tmitchell@purdy.org',98,'2003-06-17',0,0,0,'https://via.placeholder.com/640x480.png/00bb55?text=deserunt',NULL,'2025-04-25 06:42:32','2025-04-25 06:42:32'),(60,'Columbus Schroeder I','Corwin',1,'10906587','820.931.0122','493 Funk Manors\nLake Elda, ID 52929-4352','+14173801739','zjacobson@gmail.com',96,'1990-01-12',0,0,0,'https://via.placeholder.com/640x480.png/0011dd?text=blanditiis',NULL,'2025-04-25 06:42:32','2025-04-25 06:42:32'),(61,'Stephania Bednar MD','Wilkinson',2,'10909564','(862) 761-5960','5834 Huels Summit\nGleasonside, HI 89700','+15408277917','schneider.camylle@yahoo.com',43,'1990-08-20',0,0,0,'https://via.placeholder.com/640x480.png/00bb55?text=error',NULL,'2025-04-25 06:42:32','2025-04-25 06:42:32'),(62,'Mr. Salvador Stamm Sr.','Lubowitz',3,'10906642','646-616-7785','7508 Turcotte Crossing Suite 169\nSouth Emmaleefurt, PA 72525-9393','+15598024413','pkessler@kemmer.info',55,'1970-03-19',0,0,0,'https://via.placeholder.com/640x480.png/005555?text=voluptas',NULL,'2025-04-25 06:42:32','2025-04-25 06:42:32'),(63,'Dr. Jamie Becker','Torp',1,'10909704','810-608-5272','72803 Angel Meadows Apt. 463\nChristiansenmouth, WI 02632','+16304371253','dbradtke@schroeder.com',56,'1977-02-26',0,0,0,'https://via.placeholder.com/640x480.png/00cc33?text=quaerat',NULL,'2025-04-25 06:42:32','2025-04-25 06:42:32'),(64,'Deshaun Murazik','Walsh',2,'10906175','+17019568069','83617 Josefina Gardens\nKreigermouth, WV 95080','+18382967686','dswift@wisozk.com',102,'1994-08-11',0,0,0,'https://via.placeholder.com/640x480.png/004466?text=modi',NULL,'2025-04-25 06:42:32','2025-04-25 06:42:32'),(65,'Miss Eliane Nicolas DDS','Monahan',2,'10902495','+1-479-629-0296','143 Sonia Stream Suite 035\nNorth Helena, CO 61965','+13802315081','mariana15@yahoo.com',73,'1974-03-06',0,0,0,'https://via.placeholder.com/640x480.png/0077dd?text=nulla',NULL,'2025-04-25 06:42:32','2025-04-25 06:42:32'),(66,'Demond Morar','Zulauf',2,'10906443','(818) 813-6676','6803 Oda Spur Apt. 308\nRafaelaland, MI 46715-0957','+14793604809','wharris@yahoo.com',53,'2004-07-31',0,0,0,'https://via.placeholder.com/640x480.png/00ff11?text=et',NULL,'2025-04-25 06:42:32','2025-04-25 06:42:32'),(67,'Arne O\'Connell','Price',3,'10902744','559-828-8094','36327 Madelyn Club Suite 850\nNew Floberg, NY 82508-9828','+14845002334','hulda.smith@goyette.info',68,'2003-02-17',0,0,0,'https://via.placeholder.com/640x480.png/00ccaa?text=provident',NULL,'2025-04-25 06:42:32','2025-04-25 06:42:32'),(68,'Harmon Deckow PhD','Mante',3,'10907805','+1.863.450.0768','1814 Morgan Landing\nVernastad, CO 42052','+12569129574','bahringer.skylar@yahoo.com',16,'1987-11-02',0,0,0,'https://via.placeholder.com/640x480.png/00ee33?text=accusamus',NULL,'2025-04-25 06:42:32','2025-04-25 06:42:32'),(69,'Geraldine Stiedemann','Wilkinson',1,'10903383','+17192217749','72852 Ericka Course Suite 587\nSouth Kolbyton, VT 84163','+16312675262','ohowell@yahoo.com',101,'1991-10-02',0,0,0,'https://via.placeholder.com/640x480.png/00ffaa?text=architecto',NULL,'2025-04-25 06:42:32','2025-04-25 06:42:32'),(70,'Rosemarie Moore','Haag',3,'10908683','928.801.7203','53402 Keebler Shores\nPort Terrell, IN 72590-2341','+15315383127','ally.mraz@yahoo.com',82,'1992-07-23',0,0,0,'https://via.placeholder.com/640x480.png/009944?text=et',NULL,'2025-04-25 06:42:32','2025-04-25 06:42:32'),(71,'Pedro Luettgen','Green',2,'10905118','(229) 794-0121','6924 Russel Junctions\nNew Kareem, AZ 81362','+18149681037','jared71@hotmail.com',60,'1982-09-07',0,0,0,'https://via.placeholder.com/640x480.png/00aaee?text=est',NULL,'2025-04-25 06:42:32','2025-04-25 06:42:32'),(72,'Amelie Hickle I','Strosin',2,'10901869','+1.773.458.9892','12767 Royce Corners Apt. 256\nLake Deangeloburgh, MD 99787-5261','+12794659301','myrna.rohan@yahoo.com',53,'1981-01-15',0,0,0,'https://via.placeholder.com/640x480.png/00aabb?text=minus',NULL,'2025-04-25 06:42:32','2025-04-25 06:42:32'),(73,'Terrence Dickinson','Hagenes',2,'10905265','480.757.9242','554 Gennaro Orchard Apt. 671\nGutmannland, MS 00179-5080','+16157864888','blanda.sidney@grant.biz',113,'1997-09-05',0,0,0,'https://via.placeholder.com/640x480.png/0022ff?text=voluptatem',NULL,'2025-04-25 06:42:32','2025-04-25 06:42:32'),(74,'Mr. Stanley Bogan','Schimmel',3,'10902493','864.226.2546','396 Crist Land Apt. 306\nKenyattafurt, DC 03786','+19209559417','cbosco@yahoo.com',66,'1974-01-18',0,0,0,'https://via.placeholder.com/640x480.png/002266?text=aspernatur',NULL,'2025-04-25 06:42:32','2025-04-25 06:42:32'),(75,'Mr. Camryn Howell','Willms',3,'10901201','1-409-314-9871','397 Katlyn Flats Suite 254\nNorth Grover, FL 07469','+17066889358','cali87@gmail.com',45,'1978-04-26',0,0,0,'https://via.placeholder.com/640x480.png/00ddcc?text=rerum',NULL,'2025-04-25 06:42:32','2025-04-25 06:42:32'),(76,'Damaris Stoltenberg Jr.','Swift',1,'10907315','+1-515-572-7925','70771 Bins Heights\nTaliabury, SD 21040-6196','+12094364168','iliana.cummings@hotmail.com',70,'1983-11-29',0,0,0,'https://via.placeholder.com/640x480.png/003311?text=numquam',NULL,'2025-04-25 06:42:32','2025-04-25 06:42:32'),(77,'Frank Blick','Rau',2,'10907878','1-802-242-2367','52208 Odessa Way Apt. 739\nSouth Ervin, UT 01807-5908','+16507520154','schimmel.miracle@hotmail.com',97,'1978-12-05',0,0,0,'https://via.placeholder.com/640x480.png/009955?text=voluptas',NULL,'2025-04-25 06:42:32','2025-04-25 06:42:32');
/*!40000 ALTER TABLE `people` ENABLE KEYS */;
UNLOCK TABLES;

--
-- Table structure for table `permissions`
--

DROP TABLE IF EXISTS `permissions`;
/*!40101 SET @saved_cs_client     = @@character_set_client */;
/*!50503 SET character_set_client = utf8mb4 */;
CREATE TABLE `permissions` (
  `id` bigint unsigned NOT NULL AUTO_INCREMENT,
  `name` varchar(191) COLLATE utf8mb4_unicode_ci NOT NULL,
  `description` tinytext COLLATE utf8mb4_unicode_ci NOT NULL,
  `guard_name` varchar(191) COLLATE utf8mb4_unicode_ci NOT NULL,
  `created_at` timestamp NULL DEFAULT NULL,
  `updated_at` timestamp NULL DEFAULT NULL,
  PRIMARY KEY (`id`),
  UNIQUE KEY `permissions_name_guard_name_unique` (`name`,`guard_name`)
) ENGINE=InnoDB DEFAULT CHARSET=utf8mb4 COLLATE=utf8mb4_unicode_ci;
/*!40101 SET character_set_client = @saved_cs_client */;

--
-- Dumping data for table `permissions`
--

LOCK TABLES `permissions` WRITE;
/*!40000 ALTER TABLE `permissions` DISABLE KEYS */;
/*!40000 ALTER TABLE `permissions` ENABLE KEYS */;
UNLOCK TABLES;

--
-- Table structure for table `person_academic`
--

DROP TABLE IF EXISTS `person_academic`;
/*!40101 SET @saved_cs_client     = @@character_set_client */;
/*!50503 SET character_set_client = utf8mb4 */;
CREATE TABLE `person_academic` (
  `id` smallint unsigned NOT NULL AUTO_INCREMENT,
  `person_id` bigint unsigned NOT NULL,
  `program_id` bigint unsigned NOT NULL,
  `year` year NOT NULL,
  `created_at` timestamp NULL DEFAULT NULL,
  `updated_at` timestamp NULL DEFAULT NULL,
  PRIMARY KEY (`id`),
  KEY `person_academic_person_id_foreign` (`person_id`),
  KEY `person_academic_program_id_foreign` (`program_id`),
  CONSTRAINT `person_academic_person_id_foreign` FOREIGN KEY (`person_id`) REFERENCES `people` (`id`) ON DELETE CASCADE ON UPDATE CASCADE,
  CONSTRAINT `person_academic_program_id_foreign` FOREIGN KEY (`program_id`) REFERENCES `programs` (`id`) ON DELETE RESTRICT ON UPDATE CASCADE
) ENGINE=InnoDB AUTO_INCREMENT=184 DEFAULT CHARSET=utf8mb4 COLLATE=utf8mb4_unicode_ci;
/*!40101 SET character_set_client = @saved_cs_client */;

--
-- Dumping data for table `person_academic`
--

LOCK TABLES `person_academic` WRITE;
/*!40000 ALTER TABLE `person_academic` DISABLE KEYS */;
INSERT INTO `person_academic` VALUES (1,5,1,1980,'2025-04-25 06:42:32','2025-04-25 06:42:32'),(2,5,612,1971,'2025-04-25 06:42:32','2025-04-25 06:42:32'),(3,7,1,1988,'2025-04-25 06:42:32','2025-04-25 06:42:32'),(4,7,438,1976,'2025-04-25 06:42:32','2025-04-25 06:42:32'),(5,7,804,2017,'2025-04-25 06:42:32','2025-04-25 06:42:32'),(6,8,1,2015,'2025-04-25 06:42:32','2025-04-25 06:42:32'),(7,8,483,2008,'2025-04-25 06:42:32','2025-04-25 06:42:32'),(8,12,1,1999,'2025-04-25 06:42:32','2025-04-25 06:42:32'),(9,12,117,1981,'2025-04-25 06:42:32','2025-04-25 06:42:32'),(10,12,377,2020,'2025-04-25 06:42:32','2025-04-25 06:42:32'),(11,17,1,2019,'2025-04-25 06:42:32','2025-04-25 06:42:32'),(12,17,66,1992,'2025-04-25 06:42:32','2025-04-25 06:42:32'),(13,17,534,2001,'2025-04-25 06:42:32','2025-04-25 06:42:32'),(14,18,1,2010,'2025-04-25 06:42:32','2025-04-25 06:42:32'),(15,18,91,2007,'2025-04-25 06:42:32','2025-04-25 06:42:32'),(16,18,824,1984,'2025-04-25 06:42:32','2025-04-25 06:42:32'),(17,19,1,2000,'2025-04-25 06:42:32','2025-04-25 06:42:32'),(18,19,215,1991,'2025-04-25 06:42:32','2025-04-25 06:42:32'),(19,19,469,2006,'2025-04-25 06:42:32','2025-04-25 06:42:32'),(20,31,1,1975,'2025-04-25 06:42:32','2025-04-25 06:42:32'),(21,31,230,1976,'2025-04-25 06:42:32','2025-04-25 06:42:32'),(22,31,726,2019,'2025-04-25 06:42:32','2025-04-25 06:42:32'),(23,34,1,1981,'2025-04-25 06:42:32','2025-04-25 06:42:32'),(24,34,21,1984,'2025-04-25 06:42:32','2025-04-25 06:42:32'),(25,34,92,1985,'2025-04-25 06:42:32','2025-04-25 06:42:32'),(26,36,1,2003,'2025-04-25 06:42:32','2025-04-25 06:42:32'),(27,36,320,1976,'2025-04-25 06:42:32','2025-04-25 06:42:32'),(28,38,1,2015,'2025-04-25 06:42:32','2025-04-25 06:42:32'),(29,38,582,1976,'2025-04-25 06:42:32','2025-04-25 06:42:32'),(30,39,1,1993,'2025-04-25 06:42:32','2025-04-25 06:42:32'),(31,39,623,1983,'2025-04-25 06:42:32','2025-04-25 06:42:32'),(32,41,1,2007,'2025-04-25 06:42:32','2025-04-25 06:42:32'),(33,41,51,2016,'2025-04-25 06:42:32','2025-04-25 06:42:32'),(34,46,1,1993,'2025-04-25 06:42:32','2025-04-25 06:42:32'),(35,46,551,2009,'2025-04-25 06:42:32','2025-04-25 06:42:32'),(36,47,1,1973,'2025-04-25 06:42:32','2025-04-25 06:42:32'),(37,47,520,1994,'2025-04-25 06:42:32','2025-04-25 06:42:32'),(38,47,74,1982,'2025-04-25 06:42:32','2025-04-25 06:42:32'),(39,48,1,1977,'2025-04-25 06:42:32','2025-04-25 06:42:32'),(40,48,663,2016,'2025-04-25 06:42:32','2025-04-25 06:42:32'),(41,50,1,1977,'2025-04-25 06:42:32','2025-04-25 06:42:32'),(42,50,548,1995,'2025-04-25 06:42:32','2025-04-25 06:42:32'),(43,53,1,2000,'2025-04-25 06:42:32','2025-04-25 06:42:32'),(44,53,380,1985,'2025-04-25 06:42:32','2025-04-25 06:42:32'),(45,53,434,2002,'2025-04-25 06:42:32','2025-04-25 06:42:32'),(46,54,1,1997,'2025-04-25 06:42:32','2025-04-25 06:42:32'),(47,54,782,2013,'2025-04-25 06:42:32','2025-04-25 06:42:32'),(48,54,570,2015,'2025-04-25 06:42:33','2025-04-25 06:42:33'),(49,55,1,1981,'2025-04-25 06:42:33','2025-04-25 06:42:33'),(50,55,380,1972,'2025-04-25 06:42:33','2025-04-25 06:42:33'),(51,60,1,1985,'2025-04-25 06:42:33','2025-04-25 06:42:33'),(52,60,122,1987,'2025-04-25 06:42:33','2025-04-25 06:42:33'),(53,63,1,1985,'2025-04-25 06:42:33','2025-04-25 06:42:33'),(54,63,565,1973,'2025-04-25 06:42:33','2025-04-25 06:42:33'),(55,69,1,1994,'2025-04-25 06:42:33','2025-04-25 06:42:33'),(56,69,68,1984,'2025-04-25 06:42:33','2025-04-25 06:42:33'),(57,69,782,1987,'2025-04-25 06:42:33','2025-04-25 06:42:33'),(58,76,1,1985,'2025-04-25 06:42:33','2025-04-25 06:42:33'),(59,76,338,1986,'2025-04-25 06:42:33','2025-04-25 06:42:33'),(60,4,1,2009,'2025-04-25 06:42:33','2025-04-25 06:42:33'),(61,4,584,1994,'2025-04-25 06:42:33','2025-04-25 06:42:33'),(62,9,1,1985,'2025-04-25 06:42:33','2025-04-25 06:42:33'),(63,9,271,2019,'2025-04-25 06:42:33','2025-04-25 06:42:33'),(64,9,399,1979,'2025-04-25 06:42:33','2025-04-25 06:42:33'),(65,10,1,1986,'2025-04-25 06:42:33','2025-04-25 06:42:33'),(66,10,40,1988,'2025-04-25 06:42:33','2025-04-25 06:42:33'),(67,10,584,1990,'2025-04-25 06:42:33','2025-04-25 06:42:33'),(68,13,1,2010,'2025-04-25 06:42:33','2025-04-25 06:42:33'),(69,13,712,1972,'2025-04-25 06:42:33','2025-04-25 06:42:33'),(70,14,1,1993,'2025-04-25 06:42:33','2025-04-25 06:42:33'),(71,14,511,1982,'2025-04-25 06:42:33','2025-04-25 06:42:33'),(72,14,167,2003,'2025-04-25 06:42:33','2025-04-25 06:42:33'),(73,15,1,1998,'2025-04-25 06:42:33','2025-04-25 06:42:33'),(74,15,236,2009,'2025-04-25 06:42:33','2025-04-25 06:42:33'),(75,21,1,2006,'2025-04-25 06:42:33','2025-04-25 06:42:33'),(76,21,177,1997,'2025-04-25 06:42:33','2025-04-25 06:42:33'),(77,21,177,2000,'2025-04-25 06:42:33','2025-04-25 06:42:33'),(78,22,1,1988,'2025-04-25 06:42:33','2025-04-25 06:42:33'),(79,22,198,2000,'2025-04-25 06:42:33','2025-04-25 06:42:33'),(80,24,1,2008,'2025-04-25 06:42:33','2025-04-25 06:42:33'),(81,24,153,1978,'2025-04-25 06:42:33','2025-04-25 06:42:33'),(82,24,139,1985,'2025-04-25 06:42:33','2025-04-25 06:42:33'),(83,32,1,1987,'2025-04-25 06:42:33','2025-04-25 06:42:33'),(84,32,277,2015,'2025-04-25 06:42:33','2025-04-25 06:42:33'),(85,33,1,2009,'2025-04-25 06:42:33','2025-04-25 06:42:33'),(86,33,391,1991,'2025-04-25 06:42:33','2025-04-25 06:42:33'),(87,37,1,1975,'2025-04-25 06:42:33','2025-04-25 06:42:33'),(88,37,137,1974,'2025-04-25 06:42:33','2025-04-25 06:42:33'),(89,37,356,1975,'2025-04-25 06:42:33','2025-04-25 06:42:33'),(90,40,1,2011,'2025-04-25 06:42:33','2025-04-25 06:42:33'),(91,40,371,1999,'2025-04-25 06:42:33','2025-04-25 06:42:33'),(92,40,76,1985,'2025-04-25 06:42:33','2025-04-25 06:42:33'),(93,42,1,1984,'2025-04-25 06:42:33','2025-04-25 06:42:33'),(94,42,217,1977,'2025-04-25 06:42:33','2025-04-25 06:42:33'),(95,49,1,1979,'2025-04-25 06:42:33','2025-04-25 06:42:33'),(96,49,810,2018,'2025-04-25 06:42:33','2025-04-25 06:42:33'),(97,49,732,1989,'2025-04-25 06:42:33','2025-04-25 06:42:33'),(98,51,1,2007,'2025-04-25 06:42:33','2025-04-25 06:42:33'),(99,51,340,1996,'2025-04-25 06:42:33','2025-04-25 06:42:33'),(100,51,71,1984,'2025-04-25 06:42:33','2025-04-25 06:42:33'),(101,52,1,1977,'2025-04-25 06:42:33','2025-04-25 06:42:33'),(102,52,807,2003,'2025-04-25 06:42:33','2025-04-25 06:42:33'),(103,52,760,1975,'2025-04-25 06:42:33','2025-04-25 06:42:33'),(104,56,1,1973,'2025-04-25 06:42:33','2025-04-25 06:42:33'),(105,56,474,1988,'2025-04-25 06:42:33','2025-04-25 06:42:33'),(106,57,1,2013,'2025-04-25 06:42:33','2025-04-25 06:42:33'),(107,57,342,2014,'2025-04-25 06:42:33','2025-04-25 06:42:33'),(108,58,1,1997,'2025-04-25 06:42:33','2025-04-25 06:42:33'),(109,58,639,2006,'2025-04-25 06:42:33','2025-04-25 06:42:33'),(110,61,1,2010,'2025-04-25 06:42:33','2025-04-25 06:42:33'),(111,61,211,1981,'2025-04-25 06:42:33','2025-04-25 06:42:33'),(112,64,1,2010,'2025-04-25 06:42:33','2025-04-25 06:42:33'),(113,64,47,2013,'2025-04-25 06:42:33','2025-04-25 06:42:33'),(114,65,1,2013,'2025-04-25 06:42:34','2025-04-25 06:42:34'),(115,65,26,1991,'2025-04-25 06:42:34','2025-04-25 06:42:34'),(116,65,255,2007,'2025-04-25 06:42:34','2025-04-25 06:42:34'),(117,66,1,1985,'2025-04-25 06:42:34','2025-04-25 06:42:34'),(118,66,672,1990,'2025-04-25 06:42:34','2025-04-25 06:42:34'),(119,71,1,2013,'2025-04-25 06:42:34','2025-04-25 06:42:34'),(120,71,129,1979,'2025-04-25 06:42:34','2025-04-25 06:42:34'),(121,72,1,1973,'2025-04-25 06:42:34','2025-04-25 06:42:34'),(122,72,153,1977,'2025-04-25 06:42:34','2025-04-25 06:42:34'),(123,72,162,1995,'2025-04-25 06:42:34','2025-04-25 06:42:34'),(124,73,1,1974,'2025-04-25 06:42:34','2025-04-25 06:42:34'),(125,73,237,1985,'2025-04-25 06:42:34','2025-04-25 06:42:34'),(126,73,195,1980,'2025-04-25 06:42:34','2025-04-25 06:42:34'),(127,77,1,1985,'2025-04-25 06:42:34','2025-04-25 06:42:34'),(128,77,350,2010,'2025-04-25 06:42:34','2025-04-25 06:42:34'),(129,3,1,2001,'2025-04-25 06:42:34','2025-04-25 06:42:34'),(130,3,381,1995,'2025-04-25 06:42:34','2025-04-25 06:42:34'),(131,6,1,2010,'2025-04-25 06:42:34','2025-04-25 06:42:34'),(132,6,820,1970,'2025-04-25 06:42:34','2025-04-25 06:42:34'),(133,11,1,2006,'2025-04-25 06:42:34','2025-04-25 06:42:34'),(134,11,348,1981,'2025-04-25 06:42:34','2025-04-25 06:42:34'),(135,11,397,1970,'2025-04-25 06:42:34','2025-04-25 06:42:34'),(136,16,1,2008,'2025-04-25 06:42:34','2025-04-25 06:42:34'),(137,16,116,2006,'2025-04-25 06:42:34','2025-04-25 06:42:34'),(138,20,1,1986,'2025-04-25 06:42:34','2025-04-25 06:42:34'),(139,20,105,1977,'2025-04-25 06:42:34','2025-04-25 06:42:34'),(140,20,552,2016,'2025-04-25 06:42:34','2025-04-25 06:42:34'),(141,23,1,1996,'2025-04-25 06:42:34','2025-04-25 06:42:34'),(142,23,246,2006,'2025-04-25 06:42:34','2025-04-25 06:42:34'),(143,23,442,2015,'2025-04-25 06:42:34','2025-04-25 06:42:34'),(144,25,1,2007,'2025-04-25 06:42:34','2025-04-25 06:42:34'),(145,25,707,1985,'2025-04-25 06:42:34','2025-04-25 06:42:34'),(146,25,360,1989,'2025-04-25 06:42:34','2025-04-25 06:42:34'),(147,26,1,2010,'2025-04-25 06:42:34','2025-04-25 06:42:34'),(148,26,643,2011,'2025-04-25 06:42:34','2025-04-25 06:42:34'),(149,26,186,1972,'2025-04-25 06:42:34','2025-04-25 06:42:34'),(150,27,1,1971,'2025-04-25 06:42:34','2025-04-25 06:42:34'),(151,27,618,2006,'2025-04-25 06:42:34','2025-04-25 06:42:34'),(152,28,1,1970,'2025-04-25 06:42:34','2025-04-25 06:42:34'),(153,28,622,1989,'2025-04-25 06:42:34','2025-04-25 06:42:34'),(154,29,1,2019,'2025-04-25 06:42:34','2025-04-25 06:42:34'),(155,29,287,1991,'2025-04-25 06:42:34','2025-04-25 06:42:34'),(156,30,1,1976,'2025-04-25 06:42:34','2025-04-25 06:42:34'),(157,30,617,1971,'2025-04-25 06:42:34','2025-04-25 06:42:34'),(158,35,1,1986,'2025-04-25 06:42:34','2025-04-25 06:42:34'),(159,35,828,2001,'2025-04-25 06:42:34','2025-04-25 06:42:34'),(160,43,1,2012,'2025-04-25 06:42:34','2025-04-25 06:42:34'),(161,43,808,1988,'2025-04-25 06:42:34','2025-04-25 06:42:34'),(162,44,1,2016,'2025-04-25 06:42:34','2025-04-25 06:42:34'),(163,44,51,2016,'2025-04-25 06:42:34','2025-04-25 06:42:34'),(164,44,756,2004,'2025-04-25 06:42:34','2025-04-25 06:42:34'),(165,45,1,1996,'2025-04-25 06:42:34','2025-04-25 06:42:34'),(166,45,436,2018,'2025-04-25 06:42:34','2025-04-25 06:42:34'),(167,59,1,1997,'2025-04-25 06:42:34','2025-04-25 06:42:34'),(168,59,598,2014,'2025-04-25 06:42:34','2025-04-25 06:42:34'),(169,62,1,2001,'2025-04-25 06:42:34','2025-04-25 06:42:34'),(170,62,520,1979,'2025-04-25 06:42:34','2025-04-25 06:42:34'),(171,62,151,1982,'2025-04-25 06:42:34','2025-04-25 06:42:34'),(172,67,1,1976,'2025-04-25 06:42:34','2025-04-25 06:42:34'),(173,67,188,2003,'2025-04-25 06:42:34','2025-04-25 06:42:34'),(174,67,626,1984,'2025-04-25 06:42:34','2025-04-25 06:42:34'),(175,68,1,2002,'2025-04-25 06:42:34','2025-04-25 06:42:34'),(176,68,676,1981,'2025-04-25 06:42:34','2025-04-25 06:42:34'),(177,70,1,1974,'2025-04-25 06:42:34','2025-04-25 06:42:34'),(178,70,29,1996,'2025-04-25 06:42:34','2025-04-25 06:42:34'),(179,74,1,2014,'2025-04-25 06:42:34','2025-04-25 06:42:34'),(180,74,381,2018,'2025-04-25 06:42:34','2025-04-25 06:42:34'),(181,74,724,1981,'2025-04-25 06:42:34','2025-04-25 06:42:34'),(182,75,1,1977,'2025-04-25 06:42:34','2025-04-25 06:42:34'),(183,75,216,1990,'2025-04-25 06:42:34','2025-04-25 06:42:34');
/*!40000 ALTER TABLE `person_academic` ENABLE KEYS */;
UNLOCK TABLES;

--
-- Table structure for table `person_company`
--

DROP TABLE IF EXISTS `person_company`;
/*!40101 SET @saved_cs_client     = @@character_set_client */;
/*!50503 SET character_set_client = utf8mb4 */;
CREATE TABLE `person_company` (
  `id` smallint unsigned NOT NULL AUTO_INCREMENT,
  `person_id` bigint unsigned NOT NULL,
  `company_id` smallint unsigned NOT NULL,
  `in_working` tinyint(1) DEFAULT NULL,
  `salary` bigint NOT NULL,
  `start_date` timestamp NOT NULL,
  `end_date` timestamp NULL DEFAULT NULL,
  `created_at` timestamp NULL DEFAULT NULL,
  `updated_at` timestamp NULL DEFAULT NULL,
  PRIMARY KEY (`id`),
  KEY `person_company_person_id_foreign` (`person_id`),
  KEY `person_company_company_id_foreign` (`company_id`),
  CONSTRAINT `person_company_company_id_foreign` FOREIGN KEY (`company_id`) REFERENCES `companies` (`id`) ON DELETE RESTRICT ON UPDATE CASCADE,
  CONSTRAINT `person_company_person_id_foreign` FOREIGN KEY (`person_id`) REFERENCES `people` (`id`) ON DELETE CASCADE ON UPDATE CASCADE
) ENGINE=InnoDB AUTO_INCREMENT=152 DEFAULT CHARSET=utf8mb4 COLLATE=utf8mb4_unicode_ci;
/*!40101 SET character_set_client = @saved_cs_client */;

--
-- Dumping data for table `person_company`
--

LOCK TABLES `person_company` WRITE;
/*!40000 ALTER TABLE `person_company` DISABLE KEYS */;
INSERT INTO `person_company` VALUES (1,5,40,0,38067510,'2023-10-20 07:28:44','2024-03-29 17:16:20','2025-04-25 06:42:34','2025-04-25 06:42:34'),(2,7,32,0,445604047,'2024-07-05 22:11:49','2024-12-02 18:18:41','2025-04-25 06:42:35','2025-04-25 06:42:35'),(3,7,64,0,556072276,'2021-05-16 12:57:18','2021-06-15 21:24:10','2025-04-25 06:42:35','2025-04-25 06:42:35'),(4,8,50,0,767529185,'2023-07-21 06:41:38','2023-11-08 08:03:54','2025-04-25 06:42:35','2025-04-25 06:42:35'),(5,8,89,0,464212465,'2021-12-27 03:03:04','2022-04-02 09:22:44','2025-04-25 06:42:35','2025-04-25 06:42:35'),(6,8,84,1,386117629,'2023-04-16 16:06:48','2023-06-20 20:21:23','2025-04-25 06:42:35','2025-04-25 06:42:35'),(7,12,24,0,442915270,'2024-01-18 04:29:41','2024-04-11 13:47:28','2025-04-25 06:42:35','2025-04-25 06:42:35'),(8,17,64,0,737016219,'2020-06-12 20:31:33','2020-09-21 12:47:29','2025-04-25 06:42:35','2025-04-25 06:42:35'),(9,17,88,1,987112681,'2020-06-24 07:18:40','2021-05-03 10:52:14','2025-04-25 06:42:35','2025-04-25 06:42:35'),(10,18,10,0,490265098,'2023-04-24 17:20:54','2023-09-25 12:41:13','2025-04-25 06:42:35','2025-04-25 06:42:35'),(11,18,68,0,3124401,'2021-12-09 23:56:24','2022-04-01 16:33:56','2025-04-25 06:42:35','2025-04-25 06:42:35'),(12,19,51,0,141121011,'2021-01-03 21:43:36','2021-04-05 10:03:10','2025-04-25 06:42:35','2025-04-25 06:42:35'),(13,19,25,0,228830658,'2021-07-11 18:54:33','2022-05-29 13:56:31','2025-04-25 06:42:35','2025-04-25 06:42:35'),(14,31,41,0,753845321,'2024-07-19 03:22:25','2025-05-24 10:19:00','2025-04-25 06:42:35','2025-04-25 06:42:35'),(15,31,17,0,293353342,'2022-11-15 21:46:34','2023-07-03 17:01:50','2025-04-25 06:42:35','2025-04-25 06:42:35'),(16,31,22,1,171115252,'2020-12-03 22:22:43','2021-11-17 08:28:15','2025-04-25 06:42:35','2025-04-25 06:42:35'),(17,34,64,0,661153856,'2022-08-15 02:27:58','2023-06-18 05:37:18','2025-04-25 06:42:35','2025-04-25 06:42:35'),(18,34,104,1,906094807,'2021-11-23 21:07:00','2022-08-08 16:55:38','2025-04-25 06:42:35','2025-04-25 06:42:35'),(19,36,79,0,210212308,'2023-02-14 05:40:10','2023-10-30 17:49:43','2025-04-25 06:42:35','2025-04-25 06:42:35'),(20,36,109,1,367667912,'2021-10-15 07:38:52','2022-09-26 11:50:21','2025-04-25 06:42:35','2025-04-25 06:42:35'),(21,38,64,0,252271752,'2023-01-20 10:21:03','2023-03-03 18:40:31','2025-04-25 06:42:35','2025-04-25 06:42:35'),(22,38,41,1,14453560,'2020-06-23 00:09:20','2021-02-24 13:48:09','2025-04-25 06:42:35','2025-04-25 06:42:35'),(23,39,38,0,105761259,'2023-01-03 13:38:48','2023-10-17 20:53:15','2025-04-25 06:42:35','2025-04-25 06:42:35'),(24,39,69,1,29855473,'2020-10-09 14:18:21','2021-01-22 03:43:13','2025-04-25 06:42:35','2025-04-25 06:42:35'),(25,41,35,0,77524672,'2022-04-20 22:51:10','2022-04-26 21:56:51','2025-04-25 06:42:35','2025-04-25 06:42:35'),(26,41,91,0,392086277,'2021-04-16 07:55:53','2021-05-24 14:42:17','2025-04-25 06:42:35','2025-04-25 06:42:35'),(27,41,58,1,736071271,'2022-06-09 07:58:38','2022-08-16 23:43:37','2025-04-25 06:42:35','2025-04-25 06:42:35'),(28,46,7,0,577702849,'2021-01-27 13:50:05','2021-10-06 11:32:02','2025-04-25 06:42:35','2025-04-25 06:42:35'),(29,46,67,0,375828588,'2023-06-14 12:37:51','2023-07-04 18:36:40','2025-04-25 06:42:35','2025-04-25 06:42:35'),(30,47,49,0,122066463,'2023-03-05 13:23:22','2024-02-02 04:50:16','2025-04-25 06:42:35','2025-04-25 06:42:35'),(31,47,84,0,806493820,'2020-05-10 00:10:32','2020-07-30 04:16:27','2025-04-25 06:42:35','2025-04-25 06:42:35'),(32,48,76,0,129792810,'2022-09-29 13:22:28','2023-04-06 04:25:26','2025-04-25 06:42:35','2025-04-25 06:42:35'),(33,48,79,0,658409187,'2022-09-01 16:38:27','2023-05-05 00:43:08','2025-04-25 06:42:35','2025-04-25 06:42:35'),(34,48,101,1,116146982,'2023-02-21 23:31:32','2024-01-29 12:06:38','2025-04-25 06:42:35','2025-04-25 06:42:35'),(35,50,91,0,737526331,'2021-09-29 02:30:12','2022-02-15 17:35:50','2025-04-25 06:42:35','2025-04-25 06:42:35'),(36,53,82,0,839653501,'2021-07-01 21:53:45','2022-02-24 17:44:50','2025-04-25 06:42:35','2025-04-25 06:42:35'),(37,54,19,0,172062968,'2023-12-13 20:20:04','2024-06-09 22:39:36','2025-04-25 06:42:35','2025-04-25 06:42:35'),(38,54,4,0,240442319,'2023-07-14 00:47:56','2023-11-27 04:01:20','2025-04-25 06:42:35','2025-04-25 06:42:35'),(39,54,59,1,95387710,'2021-08-02 22:51:09','2022-04-08 00:08:34','2025-04-25 06:42:35','2025-04-25 06:42:35'),(40,55,80,0,901470623,'2022-06-21 20:01:30','2023-03-25 15:13:25','2025-04-25 06:42:35','2025-04-25 06:42:35'),(41,55,114,1,104697802,'2021-03-20 17:36:47','2021-11-23 05:03:11','2025-04-25 06:42:35','2025-04-25 06:42:35'),(42,60,20,0,592947878,'2021-11-23 07:14:30','2022-07-21 11:32:30','2025-04-25 06:42:35','2025-04-25 06:42:35'),(43,60,58,0,553322138,'2021-09-20 00:07:16','2022-05-11 07:02:11','2025-04-25 06:42:35','2025-04-25 06:42:35'),(44,63,45,0,92063828,'2021-02-09 20:40:47','2021-05-27 01:41:20','2025-04-25 06:42:35','2025-04-25 06:42:35'),(45,63,67,1,710113683,'2022-08-08 02:54:20','2022-11-19 10:08:45','2025-04-25 06:42:35','2025-04-25 06:42:35'),(46,69,48,0,562510799,'2021-03-07 20:02:03','2022-01-06 23:02:39','2025-04-25 06:42:35','2025-04-25 06:42:35'),(47,69,109,0,160285439,'2023-03-28 05:50:19','2023-06-30 12:17:38','2025-04-25 06:42:35','2025-04-25 06:42:35'),(48,76,43,0,140579685,'2020-05-05 17:37:14','2020-11-23 19:51:10','2025-04-25 06:42:35','2025-04-25 06:42:35'),(49,4,80,0,362948872,'2021-08-25 21:44:21','2021-12-10 13:44:03','2025-04-25 06:42:35','2025-04-25 06:42:35'),(50,9,65,0,763906748,'2021-05-06 15:29:05','2022-01-21 18:57:26','2025-04-25 06:42:35','2025-04-25 06:42:35'),(51,9,54,0,98598767,'2023-07-02 21:39:40','2023-07-25 13:45:18','2025-04-25 06:42:35','2025-04-25 06:42:35'),(52,10,1,0,988103201,'2021-05-27 19:29:59','2021-10-07 21:50:51','2025-04-25 06:42:35','2025-04-25 06:42:35'),(53,10,24,1,44487926,'2022-01-23 19:27:25','2022-05-31 09:59:28','2025-04-25 06:42:35','2025-04-25 06:42:35'),(54,13,9,0,625353109,'2022-02-15 08:49:12','2022-10-14 02:39:37','2025-04-25 06:42:35','2025-04-25 06:42:35'),(55,13,54,1,863510043,'2023-07-05 18:35:43','2024-04-14 11:04:23','2025-04-25 06:42:35','2025-04-25 06:42:35'),(56,14,112,0,510714441,'2024-02-06 00:11:05','2024-02-26 15:37:53','2025-04-25 06:42:35','2025-04-25 06:42:35'),(57,14,86,0,130030030,'2022-09-09 01:03:46','2023-04-09 22:24:36','2025-04-25 06:42:35','2025-04-25 06:42:35'),(58,14,108,1,125683544,'2023-04-15 18:45:48','2023-10-17 05:28:49','2025-04-25 06:42:35','2025-04-25 06:42:35'),(59,15,21,0,706350157,'2024-08-13 21:47:31','2024-12-07 08:20:21','2025-04-25 06:42:35','2025-04-25 06:42:35'),(60,15,68,0,690797365,'2024-02-29 02:07:42','2024-04-22 14:23:19','2025-04-25 06:42:35','2025-04-25 06:42:35'),(61,15,91,1,226208190,'2022-02-17 16:26:38','2022-11-24 10:55:20','2025-04-25 06:42:35','2025-04-25 06:42:35'),(62,21,115,0,894864313,'2021-09-09 03:00:34','2022-04-28 23:35:32','2025-04-25 06:42:35','2025-04-25 06:42:35'),(63,21,44,0,353646688,'2022-07-01 17:06:11','2023-02-09 22:24:18','2025-04-25 06:42:35','2025-04-25 06:42:35'),(64,21,74,1,355063896,'2020-06-16 22:08:32','2021-02-12 20:30:23','2025-04-25 06:42:35','2025-04-25 06:42:35'),(65,22,64,0,591351418,'2023-10-09 08:06:28','2024-03-04 21:11:30','2025-04-25 06:42:35','2025-04-25 06:42:35'),(66,22,42,0,631359422,'2024-10-12 22:45:25','2025-08-31 17:36:07','2025-04-25 06:42:35','2025-04-25 06:42:35'),(67,22,68,1,320462213,'2024-04-08 03:55:31','2024-05-12 04:12:33','2025-04-25 06:42:35','2025-04-25 06:42:35'),(68,24,8,0,369395765,'2022-04-24 05:52:54','2022-12-03 23:19:58','2025-04-25 06:42:35','2025-04-25 06:42:35'),(69,24,44,1,740570840,'2023-07-31 01:02:05','2024-05-27 23:53:16','2025-04-25 06:42:35','2025-04-25 06:42:35'),(70,32,32,0,287860309,'2020-08-27 01:51:18','2021-05-04 00:34:21','2025-04-25 06:42:35','2025-04-25 06:42:35'),(71,32,94,0,917230362,'2023-05-26 09:48:41','2024-05-10 20:03:49','2025-04-25 06:42:35','2025-04-25 06:42:35'),(72,33,51,0,824840735,'2022-01-04 02:22:06','2022-12-26 21:22:05','2025-04-25 06:42:35','2025-04-25 06:42:35'),(73,37,17,0,200440347,'2021-08-20 06:07:24','2022-01-31 14:51:56','2025-04-25 06:42:35','2025-04-25 06:42:35'),(74,37,80,0,5107444,'2023-06-16 21:02:54','2023-07-31 01:54:51','2025-04-25 06:42:35','2025-04-25 06:42:35'),(75,37,74,1,138352292,'2024-03-08 08:32:31','2025-02-05 13:40:01','2025-04-25 06:42:35','2025-04-25 06:42:35'),(76,40,46,0,103651574,'2021-11-10 11:07:18','2022-07-11 02:56:44','2025-04-25 06:42:35','2025-04-25 06:42:35'),(77,40,91,1,240650780,'2021-08-31 02:20:33','2022-07-14 02:45:24','2025-04-25 06:42:35','2025-04-25 06:42:35'),(78,42,76,0,350304829,'2020-05-28 18:51:18','2020-11-10 06:14:53','2025-04-25 06:42:35','2025-04-25 06:42:35'),(79,42,9,0,950978883,'2024-10-12 02:38:07','2024-11-08 20:59:41','2025-04-25 06:42:35','2025-04-25 06:42:35'),(80,42,78,1,446294816,'2022-01-06 15:33:12','2022-06-13 20:32:07','2025-04-25 06:42:35','2025-04-25 06:42:35'),(81,49,22,0,741017476,'2024-08-25 08:21:07','2025-02-13 09:52:39','2025-04-25 06:42:35','2025-04-25 06:42:35'),(82,49,62,1,637906140,'2024-10-12 00:52:05','2025-01-31 12:04:38','2025-04-25 06:42:35','2025-04-25 06:42:35'),(83,51,11,0,834691289,'2022-01-11 02:48:23','2022-03-10 23:08:45','2025-04-25 06:42:35','2025-04-25 06:42:35'),(84,51,22,0,704812780,'2023-02-14 04:37:52','2023-09-05 17:41:30','2025-04-25 06:42:35','2025-04-25 06:42:35'),(85,52,39,0,559623058,'2021-08-18 10:18:20','2022-02-05 06:31:11','2025-04-25 06:42:35','2025-04-25 06:42:35'),(86,52,54,0,39715680,'2020-05-21 15:52:41','2020-12-24 01:41:23','2025-04-25 06:42:35','2025-04-25 06:42:35'),(87,52,18,1,752223549,'2022-09-28 07:00:21','2023-03-05 03:09:55','2025-04-25 06:42:35','2025-04-25 06:42:35'),(88,56,47,0,247539059,'2022-11-12 03:33:21','2023-07-26 12:16:18','2025-04-25 06:42:35','2025-04-25 06:42:35'),(89,56,87,0,738452575,'2022-06-29 11:15:38','2022-12-24 18:20:37','2025-04-25 06:42:35','2025-04-25 06:42:35'),(90,57,110,0,275684879,'2024-01-05 09:58:56','2024-06-26 17:16:15','2025-04-25 06:42:35','2025-04-25 06:42:35'),(91,57,103,1,756739361,'2022-02-16 22:47:25','2022-08-04 07:44:46','2025-04-25 06:42:35','2025-04-25 06:42:35'),(92,58,96,0,157987963,'2024-07-18 00:19:46','2025-06-27 19:37:59','2025-04-25 06:42:35','2025-04-25 06:42:35'),(93,58,3,0,29464491,'2023-10-29 12:25:59','2024-07-16 07:50:55','2025-04-25 06:42:35','2025-04-25 06:42:35'),(94,58,106,1,204201186,'2022-04-02 16:27:12','2022-05-03 10:01:06','2025-04-25 06:42:35','2025-04-25 06:42:35'),(95,61,100,0,569584428,'2022-03-15 15:20:41','2022-08-31 15:26:11','2025-04-25 06:42:35','2025-04-25 06:42:35'),(96,61,30,0,819406536,'2024-08-10 07:53:26','2025-08-05 04:30:30','2025-04-25 06:42:35','2025-04-25 06:42:35'),(97,61,69,1,428881830,'2023-07-16 03:14:02','2024-03-18 14:01:52','2025-04-25 06:42:35','2025-04-25 06:42:35'),(98,64,45,0,752658765,'2023-03-03 15:34:22','2023-04-08 02:40:26','2025-04-25 06:42:35','2025-04-25 06:42:35'),(99,65,72,0,157855530,'2023-10-16 18:31:48','2024-05-12 05:34:44','2025-04-25 06:42:35','2025-04-25 06:42:35'),(100,66,39,0,80379716,'2024-09-03 22:14:33','2025-05-08 22:26:30','2025-04-25 06:42:35','2025-04-25 06:42:35'),(101,71,56,0,365214370,'2024-04-11 09:33:10','2024-07-03 23:47:42','2025-04-25 06:42:35','2025-04-25 06:42:35'),(102,71,59,0,507703522,'2020-06-27 11:01:59','2020-11-07 10:58:59','2025-04-25 06:42:35','2025-04-25 06:42:35'),(103,72,52,0,6167442,'2024-04-14 03:45:12','2024-12-03 21:33:33','2025-04-25 06:42:35','2025-04-25 06:42:35'),(104,73,7,0,853896203,'2023-09-15 17:31:04','2023-10-28 07:43:44','2025-04-25 06:42:35','2025-04-25 06:42:35'),(105,73,110,1,87788686,'2022-09-07 08:57:09','2023-07-07 09:07:17','2025-04-25 06:42:35','2025-04-25 06:42:35'),(106,77,110,0,719444919,'2023-07-25 10:52:57','2024-06-10 05:59:55','2025-04-25 06:42:35','2025-04-25 06:42:35'),(107,77,87,1,513178004,'2021-07-10 08:33:55','2022-02-22 00:32:17','2025-04-25 06:42:35','2025-04-25 06:42:35'),(108,3,57,0,356025830,'2022-01-19 23:04:40','2022-10-13 23:32:45','2025-04-25 06:42:35','2025-04-25 06:42:35'),(109,3,115,1,835800927,'2021-04-11 16:14:24','2022-01-31 00:29:57','2025-04-25 06:42:35','2025-04-25 06:42:35'),(110,6,105,0,409699072,'2024-01-12 01:52:56','2024-11-27 04:46:18','2025-04-25 06:42:35','2025-04-25 06:42:35'),(111,6,95,1,541232281,'2021-12-22 23:14:25','2022-02-22 14:20:29','2025-04-25 06:42:35','2025-04-25 06:42:35'),(112,11,90,0,700045963,'2020-07-25 22:31:35','2020-11-14 05:43:50','2025-04-25 06:42:35','2025-04-25 06:42:35'),(113,11,54,0,48206861,'2022-10-31 06:18:13','2023-06-23 12:17:08','2025-04-25 06:42:35','2025-04-25 06:42:35'),(114,16,80,0,806105367,'2024-03-30 10:44:48','2024-11-29 12:47:51','2025-04-25 06:42:35','2025-04-25 06:42:35'),(115,16,4,0,706898257,'2024-11-05 02:11:12','2025-03-13 22:20:47','2025-04-25 06:42:35','2025-04-25 06:42:35'),(116,20,65,0,729110297,'2023-06-01 06:55:31','2024-02-16 00:31:29','2025-04-25 06:42:35','2025-04-25 06:42:35'),(117,20,31,0,422230724,'2021-01-02 14:34:56','2021-10-01 12:18:37','2025-04-25 06:42:35','2025-04-25 06:42:35'),(118,23,111,0,339923550,'2022-01-28 11:00:31','2022-04-28 22:35:11','2025-04-25 06:42:35','2025-04-25 06:42:35'),(119,23,46,0,739189960,'2020-06-05 03:46:57','2020-06-10 12:47:59','2025-04-25 06:42:35','2025-04-25 06:42:35'),(120,25,35,0,183224590,'2024-01-22 02:19:34','2024-10-24 18:12:23','2025-04-25 06:42:35','2025-04-25 06:42:35'),(121,25,60,0,64975052,'2021-10-24 03:50:41','2022-10-14 00:51:05','2025-04-25 06:42:35','2025-04-25 06:42:35'),(122,25,23,1,210312374,'2022-04-22 10:35:09','2022-08-29 20:12:38','2025-04-25 06:42:35','2025-04-25 06:42:35'),(123,26,104,0,683062760,'2023-01-07 04:32:09','2023-11-09 07:53:24','2025-04-25 06:42:35','2025-04-25 06:42:35'),(124,26,16,0,407167482,'2022-06-14 03:50:02','2023-04-25 23:07:27','2025-04-25 06:42:35','2025-04-25 06:42:35'),(125,26,8,1,677455566,'2023-06-12 09:27:49','2024-01-14 12:45:49','2025-04-25 06:42:35','2025-04-25 06:42:35'),(126,27,79,0,510366075,'2021-12-23 15:05:40','2022-11-11 01:32:45','2025-04-25 06:42:35','2025-04-25 06:42:35'),(127,27,55,1,833933645,'2024-09-19 01:03:16','2024-09-21 05:57:21','2025-04-25 06:42:35','2025-04-25 06:42:35'),(128,28,84,0,412321516,'2020-08-22 15:33:12','2020-12-26 06:54:09','2025-04-25 06:42:35','2025-04-25 06:42:35'),(129,28,57,1,43014164,'2021-09-16 02:38:32','2022-06-18 17:59:14','2025-04-25 06:42:35','2025-04-25 06:42:35'),(130,29,59,0,704726201,'2023-12-08 13:11:52','2024-08-17 11:50:58','2025-04-25 06:42:35','2025-04-25 06:42:35'),(131,30,104,0,31748424,'2021-03-03 13:44:45','2021-10-18 13:31:50','2025-04-25 06:42:35','2025-04-25 06:42:35'),(132,35,93,0,715373879,'2020-05-09 15:38:28','2020-07-19 10:56:30','2025-04-25 06:42:35','2025-04-25 06:42:35'),(133,43,93,0,767099539,'2022-03-19 17:42:13','2022-11-04 08:11:54','2025-04-25 06:42:36','2025-04-25 06:42:36'),(134,43,41,1,8039058,'2024-01-23 03:44:45','2024-07-12 22:08:55','2025-04-25 06:42:36','2025-04-25 06:42:36'),(135,44,6,0,632787800,'2021-03-18 03:56:17','2021-10-17 08:04:33','2025-04-25 06:42:36','2025-04-25 06:42:36'),(136,45,107,0,554851601,'2024-08-02 19:46:09','2025-02-25 10:35:56','2025-04-25 06:42:36','2025-04-25 06:42:36'),(137,45,100,0,30068708,'2024-08-22 03:29:46','2024-11-14 15:11:06','2025-04-25 06:42:36','2025-04-25 06:42:36'),(138,59,83,0,979867786,'2023-07-25 23:11:30','2023-11-16 20:07:32','2025-04-25 06:42:36','2025-04-25 06:42:36'),(139,62,81,0,836227616,'2021-01-11 04:04:11','2021-07-19 07:48:41','2025-04-25 06:42:36','2025-04-25 06:42:36'),(140,62,89,0,832264733,'2022-11-21 02:01:49','2023-08-08 01:18:44','2025-04-25 06:42:36','2025-04-25 06:42:36'),(141,62,34,1,161417032,'2022-05-09 21:49:04','2022-05-15 17:24:03','2025-04-25 06:42:36','2025-04-25 06:42:36'),(142,67,10,0,806264926,'2022-04-21 00:58:07','2022-08-22 13:01:12','2025-04-25 06:42:36','2025-04-25 06:42:36'),(143,67,57,0,304313628,'2020-05-24 00:32:46','2021-01-19 19:17:28','2025-04-25 06:42:36','2025-04-25 06:42:36'),(144,67,12,1,57928559,'2022-08-06 08:06:49','2022-12-22 12:30:07','2025-04-25 06:42:36','2025-04-25 06:42:36'),(145,68,109,0,329840042,'2024-03-23 12:48:51','2024-05-20 12:36:18','2025-04-25 06:42:36','2025-04-25 06:42:36'),(146,68,76,0,278983530,'2022-08-21 17:16:57','2023-02-26 17:47:24','2025-04-25 06:42:36','2025-04-25 06:42:36'),(147,70,103,0,645515927,'2022-03-22 14:43:07','2022-08-06 00:41:48','2025-04-25 06:42:36','2025-04-25 06:42:36'),(148,74,62,0,982715591,'2024-07-15 22:07:21','2024-11-11 20:00:14','2025-04-25 06:42:36','2025-04-25 06:42:36'),(149,74,78,0,253035655,'2020-11-08 17:05:13','2021-02-05 15:14:11','2025-04-25 06:42:36','2025-04-25 06:42:36'),(150,75,36,0,93754019,'2024-11-24 02:11:58','2025-06-21 03:15:23','2025-04-25 06:42:36','2025-04-25 06:42:36'),(151,75,9,0,976736178,'2020-05-24 14:19:35','2021-04-21 00:37:22','2025-04-25 06:42:36','2025-04-25 06:42:36');
/*!40000 ALTER TABLE `person_company` ENABLE KEYS */;
UNLOCK TABLES;

--
-- Table structure for table `personal_access_tokens`
--

DROP TABLE IF EXISTS `personal_access_tokens`;
/*!40101 SET @saved_cs_client     = @@character_set_client */;
/*!50503 SET character_set_client = utf8mb4 */;
CREATE TABLE `personal_access_tokens` (
  `id` bigint unsigned NOT NULL AUTO_INCREMENT,
  `tokenable_type` varchar(191) COLLATE utf8mb4_unicode_ci NOT NULL,
  `tokenable_id` bigint unsigned NOT NULL,
  `name` varchar(191) COLLATE utf8mb4_unicode_ci NOT NULL,
  `token` varchar(64) COLLATE utf8mb4_unicode_ci NOT NULL,
  `abilities` text COLLATE utf8mb4_unicode_ci,
  `last_used_at` timestamp NULL DEFAULT NULL,
  `created_at` timestamp NULL DEFAULT NULL,
  `updated_at` timestamp NULL DEFAULT NULL,
  PRIMARY KEY (`id`),
  UNIQUE KEY `personal_access_tokens_token_unique` (`token`),
  KEY `personal_access_tokens_tokenable_type_tokenable_id_index` (`tokenable_type`,`tokenable_id`)
) ENGINE=InnoDB DEFAULT CHARSET=utf8mb4 COLLATE=utf8mb4_unicode_ci;
/*!40101 SET character_set_client = @saved_cs_client */;

--
-- Dumping data for table `personal_access_tokens`
--

LOCK TABLES `personal_access_tokens` WRITE;
/*!40000 ALTER TABLE `personal_access_tokens` DISABLE KEYS */;
/*!40000 ALTER TABLE `personal_access_tokens` ENABLE KEYS */;
UNLOCK TABLES;

--
-- Table structure for table `post_categories`
--

DROP TABLE IF EXISTS `post_categories`;
/*!40101 SET @saved_cs_client     = @@character_set_client */;
/*!50503 SET character_set_client = utf8mb4 */;
CREATE TABLE `post_categories` (
  `id` tinyint unsigned NOT NULL AUTO_INCREMENT,
  `name` varchar(191) COLLATE utf8mb4_unicode_ci NOT NULL,
  `created_at` timestamp NULL DEFAULT NULL,
  `updated_at` timestamp NULL DEFAULT NULL,
  PRIMARY KEY (`id`),
  UNIQUE KEY `post_categories_name_unique` (`name`)
) ENGINE=InnoDB AUTO_INCREMENT=6 DEFAULT CHARSET=utf8mb4 COLLATE=utf8mb4_unicode_ci;
/*!40101 SET character_set_client = @saved_cs_client */;

--
-- Dumping data for table `post_categories`
--

LOCK TABLES `post_categories` WRITE;
/*!40000 ALTER TABLE `post_categories` DISABLE KEYS */;
INSERT INTO `post_categories` VALUES (1,'Noticias','2025-04-25 06:42:43','2025-04-25 06:42:43'),(2,'Cursos','2025-04-25 06:42:43','2025-04-25 06:42:43'),(3,'Eventos','2025-04-25 06:42:43','2025-04-25 06:42:43'),(4,'Galería','2025-04-25 06:42:43','2025-04-25 06:42:43'),(5,'Vídeos','2025-04-25 06:42:43','2025-04-25 06:42:43');
/*!40000 ALTER TABLE `post_categories` ENABLE KEYS */;
UNLOCK TABLES;

--
-- Table structure for table `post_documents`
--

DROP TABLE IF EXISTS `post_documents`;
/*!40101 SET @saved_cs_client     = @@character_set_client */;
/*!50503 SET character_set_client = utf8mb4 */;
CREATE TABLE `post_documents` (
  `id` bigint unsigned NOT NULL AUTO_INCREMENT,
  `post_id` bigint unsigned NOT NULL,
  `asset_url` varchar(191) COLLATE utf8mb4_unicode_ci NOT NULL,
  `asset` varchar(191) COLLATE utf8mb4_unicode_ci DEFAULT NULL,
  `is_header` tinyint(1) NOT NULL,
  `created_at` timestamp NULL DEFAULT NULL,
  `updated_at` timestamp NULL DEFAULT NULL,
  PRIMARY KEY (`id`),
  KEY `post_documents_post_id_foreign` (`post_id`),
  CONSTRAINT `post_documents_post_id_foreign` FOREIGN KEY (`post_id`) REFERENCES `posts` (`id`) ON DELETE CASCADE ON UPDATE CASCADE
) ENGINE=InnoDB DEFAULT CHARSET=utf8mb4 COLLATE=utf8mb4_unicode_ci;
/*!40101 SET character_set_client = @saved_cs_client */;

--
-- Dumping data for table `post_documents`
--

LOCK TABLES `post_documents` WRITE;
/*!40000 ALTER TABLE `post_documents` DISABLE KEYS */;
/*!40000 ALTER TABLE `post_documents` ENABLE KEYS */;
UNLOCK TABLES;

--
-- Table structure for table `post_images`
--

DROP TABLE IF EXISTS `post_images`;
/*!40101 SET @saved_cs_client     = @@character_set_client */;
/*!50503 SET character_set_client = utf8mb4 */;
CREATE TABLE `post_images` (
  `id` bigint unsigned NOT NULL AUTO_INCREMENT,
  `post_id` bigint unsigned NOT NULL,
  `asset_url` varchar(191) COLLATE utf8mb4_unicode_ci NOT NULL,
  `asset` varchar(191) COLLATE utf8mb4_unicode_ci DEFAULT NULL,
  `is_header` tinyint(1) NOT NULL DEFAULT '0',
  `created_at` timestamp NULL DEFAULT NULL,
  `updated_at` timestamp NULL DEFAULT NULL,
  PRIMARY KEY (`id`),
  KEY `post_images_post_id_foreign` (`post_id`),
  CONSTRAINT `post_images_post_id_foreign` FOREIGN KEY (`post_id`) REFERENCES `posts` (`id`) ON DELETE CASCADE ON UPDATE CASCADE
) ENGINE=InnoDB AUTO_INCREMENT=344 DEFAULT CHARSET=utf8mb4 COLLATE=utf8mb4_unicode_ci;
/*!40101 SET character_set_client = @saved_cs_client */;

--
-- Dumping data for table `post_images`
--

LOCK TABLES `post_images` WRITE;
/*!40000 ALTER TABLE `post_images` DISABLE KEYS */;
INSERT INTO `post_images` VALUES (1,1,'https://via.placeholder.com/640x480.png/0077dd?text=error',NULL,1,'2025-04-25 06:42:44','2025-04-25 06:42:44'),(2,1,'https://via.placeholder.com/640x480.png/001122?text=voluptatem',NULL,0,'2025-04-25 06:42:44','2025-04-25 06:42:44'),(3,1,'https://via.placeholder.com/640x480.png/0022cc?text=tenetur',NULL,0,'2025-04-25 06:42:44','2025-04-25 06:42:44'),(4,1,'https://via.placeholder.com/640x480.png/009911?text=perferendis',NULL,0,'2025-04-25 06:42:44','2025-04-25 06:42:44'),(5,1,'https://via.placeholder.com/640x480.png/00dddd?text=sit',NULL,0,'2025-04-25 06:42:44','2025-04-25 06:42:44'),(6,2,'https://via.placeholder.com/640x480.png/0022cc?text=ut',NULL,1,'2025-04-25 06:42:44','2025-04-25 06:42:44'),(7,2,'https://via.placeholder.com/640x480.png/00ddaa?text=sunt',NULL,0,'2025-04-25 06:42:44','2025-04-25 06:42:44'),(8,2,'https://via.placeholder.com/640x480.png/0000aa?text=quia',NULL,0,'2025-04-25 06:42:44','2025-04-25 06:42:44'),(9,2,'https://via.placeholder.com/640x480.png/00cc22?text=nihil',NULL,0,'2025-04-25 06:42:44','2025-04-25 06:42:44'),(10,2,'https://via.placeholder.com/640x480.png/00dd66?text=et',NULL,0,'2025-04-25 06:42:44','2025-04-25 06:42:44'),(11,3,'https://via.placeholder.com/640x480.png/00ff66?text=consequatur',NULL,1,'2025-04-25 06:42:44','2025-04-25 06:42:44'),(12,3,'https://via.placeholder.com/640x480.png/0022cc?text=sint',NULL,0,'2025-04-25 06:42:44','2025-04-25 06:42:44'),(13,3,'https://via.placeholder.com/640x480.png/0088aa?text=quos',NULL,0,'2025-04-25 06:42:44','2025-04-25 06:42:44'),(14,3,'https://via.placeholder.com/640x480.png/005544?text=facilis',NULL,0,'2025-04-25 06:42:44','2025-04-25 06:42:44'),(15,3,'https://via.placeholder.com/640x480.png/000055?text=sit',NULL,0,'2025-04-25 06:42:44','2025-04-25 06:42:44'),(16,4,'https://via.placeholder.com/640x480.png/00bb00?text=recusandae',NULL,1,'2025-04-25 06:42:44','2025-04-25 06:42:44'),(17,4,'https://via.placeholder.com/640x480.png/00bb55?text=officia',NULL,0,'2025-04-25 06:42:44','2025-04-25 06:42:44'),(18,4,'https://via.placeholder.com/640x480.png/008888?text=aut',NULL,0,'2025-04-25 06:42:44','2025-04-25 06:42:44'),(19,4,'https://via.placeholder.com/640x480.png/006677?text=asperiores',NULL,0,'2025-04-25 06:42:44','2025-04-25 06:42:44'),(20,4,'https://via.placeholder.com/640x480.png/00aa88?text=atque',NULL,0,'2025-04-25 06:42:44','2025-04-25 06:42:44'),(21,5,'https://via.placeholder.com/640x480.png/0077cc?text=quia',NULL,1,'2025-04-25 06:42:44','2025-04-25 06:42:44'),(22,5,'https://via.placeholder.com/640x480.png/0022cc?text=voluptatem',NULL,0,'2025-04-25 06:42:44','2025-04-25 06:42:44'),(23,5,'https://via.placeholder.com/640x480.png/00ff00?text=aut',NULL,0,'2025-04-25 06:42:44','2025-04-25 06:42:44'),(24,5,'https://via.placeholder.com/640x480.png/0011ff?text=consequatur',NULL,0,'2025-04-25 06:42:44','2025-04-25 06:42:44'),(25,5,'https://via.placeholder.com/640x480.png/001144?text=facere',NULL,0,'2025-04-25 06:42:44','2025-04-25 06:42:44'),(26,6,'https://via.placeholder.com/640x480.png/00aa77?text=numquam',NULL,1,'2025-04-25 06:42:44','2025-04-25 06:42:44'),(27,6,'https://via.placeholder.com/640x480.png/00ff99?text=quos',NULL,0,'2025-04-25 06:42:44','2025-04-25 06:42:44'),(28,6,'https://via.placeholder.com/640x480.png/000033?text=voluptatem',NULL,0,'2025-04-25 06:42:44','2025-04-25 06:42:44'),(29,6,'https://via.placeholder.com/640x480.png/00ff11?text=sed',NULL,0,'2025-04-25 06:42:44','2025-04-25 06:42:44'),(30,6,'https://via.placeholder.com/640x480.png/000055?text=id',NULL,0,'2025-04-25 06:42:44','2025-04-25 06:42:44'),(31,7,'https://via.placeholder.com/640x480.png/0044ff?text=omnis',NULL,1,'2025-04-25 06:42:44','2025-04-25 06:42:44'),(32,7,'https://via.placeholder.com/640x480.png/009944?text=et',NULL,0,'2025-04-25 06:42:44','2025-04-25 06:42:44'),(33,7,'https://via.placeholder.com/640x480.png/00dd44?text=adipisci',NULL,0,'2025-04-25 06:42:44','2025-04-25 06:42:44'),(34,7,'https://via.placeholder.com/640x480.png/00eebb?text=repudiandae',NULL,0,'2025-04-25 06:42:44','2025-04-25 06:42:44'),(35,7,'https://via.placeholder.com/640x480.png/006688?text=quibusdam',NULL,0,'2025-04-25 06:42:44','2025-04-25 06:42:44'),(36,8,'https://via.placeholder.com/640x480.png/001199?text=consequatur',NULL,1,'2025-04-25 06:42:44','2025-04-25 06:42:44'),(37,8,'https://via.placeholder.com/640x480.png/0022dd?text=pariatur',NULL,0,'2025-04-25 06:42:44','2025-04-25 06:42:44'),(38,8,'https://via.placeholder.com/640x480.png/009900?text=suscipit',NULL,0,'2025-04-25 06:42:44','2025-04-25 06:42:44'),(39,8,'https://via.placeholder.com/640x480.png/000088?text=fuga',NULL,0,'2025-04-25 06:42:44','2025-04-25 06:42:44'),(40,8,'https://via.placeholder.com/640x480.png/000055?text=iure',NULL,0,'2025-04-25 06:42:44','2025-04-25 06:42:44'),(41,9,'https://via.placeholder.com/640x480.png/006666?text=non',NULL,1,'2025-04-25 06:42:44','2025-04-25 06:42:44'),(42,9,'https://via.placeholder.com/640x480.png/008877?text=maxime',NULL,0,'2025-04-25 06:42:44','2025-04-25 06:42:44'),(43,9,'https://via.placeholder.com/640x480.png/002200?text=nemo',NULL,0,'2025-04-25 06:42:44','2025-04-25 06:42:44'),(44,9,'https://via.placeholder.com/640x480.png/009900?text=odio',NULL,0,'2025-04-25 06:42:44','2025-04-25 06:42:44'),(45,9,'https://via.placeholder.com/640x480.png/00ddaa?text=est',NULL,0,'2025-04-25 06:42:44','2025-04-25 06:42:44'),(46,10,'https://via.placeholder.com/640x480.png/008877?text=natus',NULL,1,'2025-04-25 06:42:44','2025-04-25 06:42:44'),(47,10,'https://via.placeholder.com/640x480.png/002222?text=sequi',NULL,0,'2025-04-25 06:42:44','2025-04-25 06:42:44'),(48,10,'https://via.placeholder.com/640x480.png/00ff11?text=fugiat',NULL,0,'2025-04-25 06:42:44','2025-04-25 06:42:44'),(49,10,'https://via.placeholder.com/640x480.png/004488?text=et',NULL,0,'2025-04-25 06:42:44','2025-04-25 06:42:44'),(50,10,'https://via.placeholder.com/640x480.png/00ee77?text=excepturi',NULL,0,'2025-04-25 06:42:44','2025-04-25 06:42:44'),(51,11,'https://via.placeholder.com/640x480.png/005599?text=molestias',NULL,1,'2025-04-25 06:42:44','2025-04-25 06:42:44'),(52,11,'https://via.placeholder.com/640x480.png/00dd77?text=doloremque',NULL,0,'2025-04-25 06:42:44','2025-04-25 06:42:44'),(53,11,'https://via.placeholder.com/640x480.png/0099ff?text=rerum',NULL,0,'2025-04-25 06:42:44','2025-04-25 06:42:44'),(54,11,'https://via.placeholder.com/640x480.png/009911?text=iusto',NULL,0,'2025-04-25 06:42:44','2025-04-25 06:42:44'),(55,11,'https://via.placeholder.com/640x480.png/009922?text=dicta',NULL,0,'2025-04-25 06:42:44','2025-04-25 06:42:44'),(56,12,'https://via.placeholder.com/640x480.png/00ee55?text=facilis',NULL,1,'2025-04-25 06:42:44','2025-04-25 06:42:44'),(57,12,'https://via.placeholder.com/640x480.png/004499?text=id',NULL,0,'2025-04-25 06:42:44','2025-04-25 06:42:44'),(58,12,'https://via.placeholder.com/640x480.png/000000?text=incidunt',NULL,0,'2025-04-25 06:42:44','2025-04-25 06:42:44'),(59,12,'https://via.placeholder.com/640x480.png/00bb99?text=facere',NULL,0,'2025-04-25 06:42:44','2025-04-25 06:42:44'),(60,12,'https://via.placeholder.com/640x480.png/002255?text=placeat',NULL,0,'2025-04-25 06:42:44','2025-04-25 06:42:44'),(61,13,'https://via.placeholder.com/640x480.png/00ff44?text=tempore',NULL,1,'2025-04-25 06:42:44','2025-04-25 06:42:44'),(62,13,'https://via.placeholder.com/640x480.png/0066bb?text=qui',NULL,0,'2025-04-25 06:42:44','2025-04-25 06:42:44'),(63,13,'https://via.placeholder.com/640x480.png/0011bb?text=est',NULL,0,'2025-04-25 06:42:44','2025-04-25 06:42:44'),(64,13,'https://via.placeholder.com/640x480.png/003355?text=repellendus',NULL,0,'2025-04-25 06:42:44','2025-04-25 06:42:44'),(65,13,'https://via.placeholder.com/640x480.png/008877?text=adipisci',NULL,0,'2025-04-25 06:42:44','2025-04-25 06:42:44'),(66,14,'https://via.placeholder.com/640x480.png/00cc77?text=et',NULL,1,'2025-04-25 06:42:44','2025-04-25 06:42:44'),(67,14,'https://via.placeholder.com/640x480.png/008866?text=perspiciatis',NULL,0,'2025-04-25 06:42:44','2025-04-25 06:42:44'),(68,14,'https://via.placeholder.com/640x480.png/0033cc?text=sunt',NULL,0,'2025-04-25 06:42:44','2025-04-25 06:42:44'),(69,14,'https://via.placeholder.com/640x480.png/0011ee?text=quia',NULL,0,'2025-04-25 06:42:44','2025-04-25 06:42:44'),(70,14,'https://via.placeholder.com/640x480.png/00ee22?text=adipisci',NULL,0,'2025-04-25 06:42:44','2025-04-25 06:42:44'),(71,15,'https://via.placeholder.com/640x480.png/00ee22?text=in',NULL,1,'2025-04-25 06:42:44','2025-04-25 06:42:44'),(72,15,'https://via.placeholder.com/640x480.png/002288?text=rerum',NULL,0,'2025-04-25 06:42:44','2025-04-25 06:42:44'),(73,15,'https://via.placeholder.com/640x480.png/00ff22?text=aut',NULL,0,'2025-04-25 06:42:44','2025-04-25 06:42:44'),(74,15,'https://via.placeholder.com/640x480.png/000044?text=ipsam',NULL,0,'2025-04-25 06:42:44','2025-04-25 06:42:44'),(75,15,'https://via.placeholder.com/640x480.png/0011aa?text=iste',NULL,0,'2025-04-25 06:42:44','2025-04-25 06:42:44'),(76,16,'https://via.placeholder.com/640x480.png/002222?text=magni',NULL,1,'2025-04-25 06:42:44','2025-04-25 06:42:44'),(77,16,'https://via.placeholder.com/640x480.png/00ffcc?text=et',NULL,0,'2025-04-25 06:42:44','2025-04-25 06:42:44'),(78,16,'https://via.placeholder.com/640x480.png/008811?text=itaque',NULL,0,'2025-04-25 06:42:44','2025-04-25 06:42:44'),(79,16,'https://via.placeholder.com/640x480.png/002288?text=ducimus',NULL,0,'2025-04-25 06:42:44','2025-04-25 06:42:44'),(80,16,'https://via.placeholder.com/640x480.png/001177?text=molestiae',NULL,0,'2025-04-25 06:42:44','2025-04-25 06:42:44'),(81,17,'https://via.placeholder.com/640x480.png/004422?text=minus',NULL,1,'2025-04-25 06:42:44','2025-04-25 06:42:44'),(82,17,'https://via.placeholder.com/640x480.png/0099ff?text=blanditiis',NULL,0,'2025-04-25 06:42:44','2025-04-25 06:42:44'),(83,17,'https://via.placeholder.com/640x480.png/005500?text=non',NULL,0,'2025-04-25 06:42:44','2025-04-25 06:42:44'),(84,17,'https://via.placeholder.com/640x480.png/00bb77?text=reiciendis',NULL,0,'2025-04-25 06:42:44','2025-04-25 06:42:44'),(85,17,'https://via.placeholder.com/640x480.png/00bb55?text=necessitatibus',NULL,0,'2025-04-25 06:42:44','2025-04-25 06:42:44'),(86,18,'https://via.placeholder.com/640x480.png/005577?text=excepturi',NULL,1,'2025-04-25 06:42:44','2025-04-25 06:42:44'),(87,18,'https://via.placeholder.com/640x480.png/0055dd?text=voluptatem',NULL,0,'2025-04-25 06:42:44','2025-04-25 06:42:44'),(88,18,'https://via.placeholder.com/640x480.png/009900?text=quis',NULL,0,'2025-04-25 06:42:44','2025-04-25 06:42:44'),(89,18,'https://via.placeholder.com/640x480.png/00aaaa?text=optio',NULL,0,'2025-04-25 06:42:44','2025-04-25 06:42:44'),(90,18,'https://via.placeholder.com/640x480.png/00dd00?text=rerum',NULL,0,'2025-04-25 06:42:44','2025-04-25 06:42:44'),(91,19,'https://via.placeholder.com/640x480.png/0066cc?text=qui',NULL,1,'2025-04-25 06:42:44','2025-04-25 06:42:44'),(92,19,'https://via.placeholder.com/640x480.png/0022cc?text=voluptas',NULL,0,'2025-04-25 06:42:44','2025-04-25 06:42:44'),(93,19,'https://via.placeholder.com/640x480.png/007711?text=ut',NULL,0,'2025-04-25 06:42:44','2025-04-25 06:42:44'),(94,19,'https://via.placeholder.com/640x480.png/004499?text=enim',NULL,0,'2025-04-25 06:42:44','2025-04-25 06:42:44'),(95,19,'https://via.placeholder.com/640x480.png/00bbee?text=quia',NULL,0,'2025-04-25 06:42:44','2025-04-25 06:42:44'),(96,20,'https://via.placeholder.com/640x480.png/0088ee?text=unde',NULL,1,'2025-04-25 06:42:44','2025-04-25 06:42:44'),(97,20,'https://via.placeholder.com/640x480.png/002299?text=aperiam',NULL,0,'2025-04-25 06:42:44','2025-04-25 06:42:44'),(98,20,'https://via.placeholder.com/640x480.png/001144?text=architecto',NULL,0,'2025-04-25 06:42:44','2025-04-25 06:42:44'),(99,20,'https://via.placeholder.com/640x480.png/0000dd?text=facilis',NULL,0,'2025-04-25 06:42:44','2025-04-25 06:42:44'),(100,20,'https://via.placeholder.com/640x480.png/00aabb?text=quis',NULL,0,'2025-04-25 06:42:44','2025-04-25 06:42:44'),(101,21,'https://via.placeholder.com/640x480.png/00bb22?text=amet',NULL,1,'2025-04-25 06:42:44','2025-04-25 06:42:44'),(102,21,'https://via.placeholder.com/640x480.png/0011dd?text=rerum',NULL,0,'2025-04-25 06:42:44','2025-04-25 06:42:44'),(103,21,'https://via.placeholder.com/640x480.png/004488?text=dignissimos',NULL,0,'2025-04-25 06:42:44','2025-04-25 06:42:44'),(104,21,'https://via.placeholder.com/640x480.png/005588?text=velit',NULL,0,'2025-04-25 06:42:44','2025-04-25 06:42:44'),(105,21,'https://via.placeholder.com/640x480.png/0066bb?text=quia',NULL,0,'2025-04-25 06:42:44','2025-04-25 06:42:44'),(106,22,'https://via.placeholder.com/640x480.png/00cc77?text=quibusdam',NULL,1,'2025-04-25 06:42:44','2025-04-25 06:42:44'),(107,22,'https://via.placeholder.com/640x480.png/006677?text=enim',NULL,0,'2025-04-25 06:42:44','2025-04-25 06:42:44'),(108,22,'https://via.placeholder.com/640x480.png/007788?text=corporis',NULL,0,'2025-04-25 06:42:44','2025-04-25 06:42:44'),(109,22,'https://via.placeholder.com/640x480.png/001100?text=ad',NULL,0,'2025-04-25 06:42:44','2025-04-25 06:42:44'),(110,22,'https://via.placeholder.com/640x480.png/003388?text=et',NULL,0,'2025-04-25 06:42:44','2025-04-25 06:42:44'),(111,23,'https://via.placeholder.com/640x480.png/006644?text=et',NULL,1,'2025-04-25 06:42:44','2025-04-25 06:42:44'),(112,23,'https://via.placeholder.com/640x480.png/00eeff?text=iusto',NULL,0,'2025-04-25 06:42:44','2025-04-25 06:42:44'),(113,23,'https://via.placeholder.com/640x480.png/0077ee?text=aliquid',NULL,0,'2025-04-25 06:42:44','2025-04-25 06:42:44'),(114,23,'https://via.placeholder.com/640x480.png/00ddaa?text=necessitatibus',NULL,0,'2025-04-25 06:42:44','2025-04-25 06:42:44'),(115,23,'https://via.placeholder.com/640x480.png/00aadd?text=voluptatum',NULL,0,'2025-04-25 06:42:44','2025-04-25 06:42:44'),(116,24,'https://via.placeholder.com/640x480.png/00ccaa?text=sint',NULL,1,'2025-04-25 06:42:44','2025-04-25 06:42:44'),(117,24,'https://via.placeholder.com/640x480.png/002200?text=aut',NULL,0,'2025-04-25 06:42:44','2025-04-25 06:42:44'),(118,24,'https://via.placeholder.com/640x480.png/0099ee?text=suscipit',NULL,0,'2025-04-25 06:42:44','2025-04-25 06:42:44'),(119,24,'https://via.placeholder.com/640x480.png/0088dd?text=est',NULL,0,'2025-04-25 06:42:44','2025-04-25 06:42:44'),(120,24,'https://via.placeholder.com/640x480.png/004422?text=doloremque',NULL,0,'2025-04-25 06:42:44','2025-04-25 06:42:44'),(121,25,'https://via.placeholder.com/640x480.png/00aa00?text=qui',NULL,1,'2025-04-25 06:42:45','2025-04-25 06:42:45'),(122,25,'https://via.placeholder.com/640x480.png/00aaff?text=incidunt',NULL,0,'2025-04-25 06:42:45','2025-04-25 06:42:45'),(123,25,'https://via.placeholder.com/640x480.png/00dd55?text=vel',NULL,0,'2025-04-25 06:42:45','2025-04-25 06:42:45'),(124,25,'https://via.placeholder.com/640x480.png/00bbee?text=molestias',NULL,0,'2025-04-25 06:42:45','2025-04-25 06:42:45'),(125,25,'https://via.placeholder.com/640x480.png/00aa00?text=voluptatum',NULL,0,'2025-04-25 06:42:45','2025-04-25 06:42:45'),(126,26,'https://via.placeholder.com/640x480.png/0055aa?text=rerum',NULL,1,'2025-04-25 06:42:45','2025-04-25 06:42:45'),(127,26,'https://via.placeholder.com/640x480.png/0055aa?text=eum',NULL,0,'2025-04-25 06:42:45','2025-04-25 06:42:45'),(128,26,'https://via.placeholder.com/640x480.png/002222?text=enim',NULL,0,'2025-04-25 06:42:45','2025-04-25 06:42:45'),(129,26,'https://via.placeholder.com/640x480.png/003366?text=et',NULL,0,'2025-04-25 06:42:45','2025-04-25 06:42:45'),(130,26,'https://via.placeholder.com/640x480.png/0033aa?text=quae',NULL,0,'2025-04-25 06:42:45','2025-04-25 06:42:45'),(131,27,'https://via.placeholder.com/640x480.png/00aa66?text=omnis',NULL,1,'2025-04-25 06:42:45','2025-04-25 06:42:45'),(132,27,'https://via.placeholder.com/640x480.png/007711?text=earum',NULL,0,'2025-04-25 06:42:45','2025-04-25 06:42:45'),(133,27,'https://via.placeholder.com/640x480.png/00eecc?text=et',NULL,0,'2025-04-25 06:42:45','2025-04-25 06:42:45'),(134,27,'https://via.placeholder.com/640x480.png/000077?text=ad',NULL,0,'2025-04-25 06:42:45','2025-04-25 06:42:45'),(135,27,'https://via.placeholder.com/640x480.png/00aa11?text=sit',NULL,0,'2025-04-25 06:42:45','2025-04-25 06:42:45'),(136,28,'https://via.placeholder.com/640x480.png/00ddee?text=error',NULL,1,'2025-04-25 06:42:45','2025-04-25 06:42:45'),(137,28,'https://via.placeholder.com/640x480.png/009933?text=ea',NULL,0,'2025-04-25 06:42:45','2025-04-25 06:42:45'),(138,28,'https://via.placeholder.com/640x480.png/0033aa?text=voluptatibus',NULL,0,'2025-04-25 06:42:45','2025-04-25 06:42:45'),(139,28,'https://via.placeholder.com/640x480.png/008822?text=veritatis',NULL,0,'2025-04-25 06:42:45','2025-04-25 06:42:45'),(140,28,'https://via.placeholder.com/640x480.png/0044ff?text=assumenda',NULL,0,'2025-04-25 06:42:45','2025-04-25 06:42:45'),(141,29,'https://via.placeholder.com/640x480.png/0099bb?text=error',NULL,1,'2025-04-25 06:42:45','2025-04-25 06:42:45'),(142,29,'https://via.placeholder.com/640x480.png/00ccff?text=quia',NULL,0,'2025-04-25 06:42:45','2025-04-25 06:42:45'),(143,29,'https://via.placeholder.com/640x480.png/00ccee?text=suscipit',NULL,0,'2025-04-25 06:42:45','2025-04-25 06:42:45'),(144,29,'https://via.placeholder.com/640x480.png/005522?text=incidunt',NULL,0,'2025-04-25 06:42:45','2025-04-25 06:42:45'),(145,29,'https://via.placeholder.com/640x480.png/001144?text=totam',NULL,0,'2025-04-25 06:42:45','2025-04-25 06:42:45'),(146,30,'https://via.placeholder.com/640x480.png/002211?text=veniam',NULL,1,'2025-04-25 06:42:45','2025-04-25 06:42:45'),(147,30,'https://via.placeholder.com/640x480.png/0088bb?text=et',NULL,0,'2025-04-25 06:42:45','2025-04-25 06:42:45'),(148,30,'https://via.placeholder.com/640x480.png/00bbee?text=dolor',NULL,0,'2025-04-25 06:42:45','2025-04-25 06:42:45'),(149,30,'https://via.placeholder.com/640x480.png/0011dd?text=necessitatibus',NULL,0,'2025-04-25 06:42:45','2025-04-25 06:42:45'),(150,30,'https://via.placeholder.com/640x480.png/004444?text=nesciunt',NULL,0,'2025-04-25 06:42:45','2025-04-25 06:42:45'),(151,31,'https://via.placeholder.com/640x480.png/00bbcc?text=incidunt',NULL,1,'2025-04-25 06:42:45','2025-04-25 06:42:45'),(152,31,'https://via.placeholder.com/640x480.png/0022ee?text=debitis',NULL,0,'2025-04-25 06:42:45','2025-04-25 06:42:45'),(153,31,'https://via.placeholder.com/640x480.png/00bbbb?text=et',NULL,0,'2025-04-25 06:42:45','2025-04-25 06:42:45'),(154,31,'https://via.placeholder.com/640x480.png/00ee66?text=earum',NULL,0,'2025-04-25 06:42:45','2025-04-25 06:42:45'),(155,31,'https://via.placeholder.com/640x480.png/00aaee?text=nobis',NULL,0,'2025-04-25 06:42:45','2025-04-25 06:42:45'),(156,32,'https://via.placeholder.com/640x480.png/00bb00?text=voluptatem',NULL,1,'2025-04-25 06:42:45','2025-04-25 06:42:45'),(157,32,'https://via.placeholder.com/640x480.png/0000cc?text=molestias',NULL,0,'2025-04-25 06:42:45','2025-04-25 06:42:45'),(158,32,'https://via.placeholder.com/640x480.png/006622?text=autem',NULL,0,'2025-04-25 06:42:45','2025-04-25 06:42:45'),(159,32,'https://via.placeholder.com/640x480.png/000077?text=non',NULL,0,'2025-04-25 06:42:45','2025-04-25 06:42:45'),(160,33,'https://via.placeholder.com/640x480.png/0033bb?text=magni',NULL,1,'2025-04-25 06:42:45','2025-04-25 06:42:45'),(161,33,'https://via.placeholder.com/640x480.png/00ee88?text=tenetur',NULL,0,'2025-04-25 06:42:45','2025-04-25 06:42:45'),(162,33,'https://via.placeholder.com/640x480.png/00bb66?text=modi',NULL,0,'2025-04-25 06:42:45','2025-04-25 06:42:45'),(163,33,'https://via.placeholder.com/640x480.png/0066dd?text=ducimus',NULL,0,'2025-04-25 06:42:45','2025-04-25 06:42:45'),(164,34,'https://via.placeholder.com/640x480.png/0066cc?text=amet',NULL,1,'2025-04-25 06:42:45','2025-04-25 06:42:45'),(165,34,'https://via.placeholder.com/640x480.png/008855?text=consequuntur',NULL,0,'2025-04-25 06:42:45','2025-04-25 06:42:45'),(166,34,'https://via.placeholder.com/640x480.png/00eedd?text=fugit',NULL,0,'2025-04-25 06:42:45','2025-04-25 06:42:45'),(167,34,'https://via.placeholder.com/640x480.png/002266?text=quidem',NULL,0,'2025-04-25 06:42:45','2025-04-25 06:42:45'),(168,35,'https://via.placeholder.com/640x480.png/0088ff?text=quasi',NULL,1,'2025-04-25 06:42:45','2025-04-25 06:42:45'),(169,35,'https://via.placeholder.com/640x480.png/00bbdd?text=dolores',NULL,0,'2025-04-25 06:42:45','2025-04-25 06:42:45'),(170,35,'https://via.placeholder.com/640x480.png/00ee66?text=reprehenderit',NULL,0,'2025-04-25 06:42:45','2025-04-25 06:42:45'),(171,35,'https://via.placeholder.com/640x480.png/00bb00?text=voluptatem',NULL,0,'2025-04-25 06:42:45','2025-04-25 06:42:45'),(172,36,'https://via.placeholder.com/640x480.png/001144?text=aliquam',NULL,1,'2025-04-25 06:42:45','2025-04-25 06:42:45'),(173,36,'https://via.placeholder.com/640x480.png/0033aa?text=omnis',NULL,0,'2025-04-25 06:42:45','2025-04-25 06:42:45'),(174,36,'https://via.placeholder.com/640x480.png/0088ee?text=autem',NULL,0,'2025-04-25 06:42:45','2025-04-25 06:42:45'),(175,36,'https://via.placeholder.com/640x480.png/00ff77?text=ea',NULL,0,'2025-04-25 06:42:45','2025-04-25 06:42:45'),(176,37,'https://via.placeholder.com/640x480.png/001199?text=et',NULL,1,'2025-04-25 06:42:45','2025-04-25 06:42:45'),(177,37,'https://via.placeholder.com/640x480.png/004455?text=ab',NULL,0,'2025-04-25 06:42:45','2025-04-25 06:42:45'),(178,37,'https://via.placeholder.com/640x480.png/0055dd?text=iste',NULL,0,'2025-04-25 06:42:45','2025-04-25 06:42:45'),(179,37,'https://via.placeholder.com/640x480.png/00aa88?text=dolor',NULL,0,'2025-04-25 06:42:45','2025-04-25 06:42:45'),(180,38,'https://via.placeholder.com/640x480.png/00aa77?text=ullam',NULL,1,'2025-04-25 06:42:45','2025-04-25 06:42:45'),(181,38,'https://via.placeholder.com/640x480.png/005588?text=facilis',NULL,0,'2025-04-25 06:42:45','2025-04-25 06:42:45'),(182,38,'https://via.placeholder.com/640x480.png/0011cc?text=at',NULL,0,'2025-04-25 06:42:45','2025-04-25 06:42:45'),(183,38,'https://via.placeholder.com/640x480.png/008844?text=quis',NULL,0,'2025-04-25 06:42:45','2025-04-25 06:42:45'),(184,39,'https://via.placeholder.com/640x480.png/00eeff?text=distinctio',NULL,1,'2025-04-25 06:42:45','2025-04-25 06:42:45'),(185,39,'https://via.placeholder.com/640x480.png/005511?text=nemo',NULL,0,'2025-04-25 06:42:45','2025-04-25 06:42:45'),(186,39,'https://via.placeholder.com/640x480.png/00ddee?text=eligendi',NULL,0,'2025-04-25 06:42:45','2025-04-25 06:42:45'),(187,39,'https://via.placeholder.com/640x480.png/00ff55?text=saepe',NULL,0,'2025-04-25 06:42:45','2025-04-25 06:42:45'),(188,40,'https://via.placeholder.com/640x480.png/0000aa?text=veritatis',NULL,1,'2025-04-25 06:42:45','2025-04-25 06:42:45'),(189,40,'https://via.placeholder.com/640x480.png/0011aa?text=fugit',NULL,0,'2025-04-25 06:42:45','2025-04-25 06:42:45'),(190,40,'https://via.placeholder.com/640x480.png/0055cc?text=illum',NULL,0,'2025-04-25 06:42:45','2025-04-25 06:42:45'),(191,40,'https://via.placeholder.com/640x480.png/001155?text=porro',NULL,0,'2025-04-25 06:42:45','2025-04-25 06:42:45'),(192,41,'https://via.placeholder.com/640x480.png/00cc44?text=inventore',NULL,1,'2025-04-25 06:42:45','2025-04-25 06:42:45'),(193,41,'https://via.placeholder.com/640x480.png/0066aa?text=aut',NULL,0,'2025-04-25 06:42:45','2025-04-25 06:42:45'),(194,41,'https://via.placeholder.com/640x480.png/0099dd?text=autem',NULL,0,'2025-04-25 06:42:45','2025-04-25 06:42:45'),(195,41,'https://via.placeholder.com/640x480.png/002288?text=qui',NULL,0,'2025-04-25 06:42:45','2025-04-25 06:42:45'),(196,42,'https://via.placeholder.com/640x480.png/00cc88?text=deserunt',NULL,1,'2025-04-25 06:42:45','2025-04-25 06:42:45'),(197,42,'https://via.placeholder.com/640x480.png/00aa33?text=laborum',NULL,0,'2025-04-25 06:42:45','2025-04-25 06:42:45'),(198,42,'https://via.placeholder.com/640x480.png/00cc66?text=autem',NULL,0,'2025-04-25 06:42:45','2025-04-25 06:42:45'),(199,42,'https://via.placeholder.com/640x480.png/00aacc?text=adipisci',NULL,0,'2025-04-25 06:42:45','2025-04-25 06:42:45'),(200,43,'https://via.placeholder.com/640x480.png/0099dd?text=voluptas',NULL,1,'2025-04-25 06:42:45','2025-04-25 06:42:45'),(201,43,'https://via.placeholder.com/640x480.png/008888?text=laborum',NULL,0,'2025-04-25 06:42:45','2025-04-25 06:42:45'),(202,43,'https://via.placeholder.com/640x480.png/007777?text=doloremque',NULL,0,'2025-04-25 06:42:45','2025-04-25 06:42:45'),(203,43,'https://via.placeholder.com/640x480.png/000000?text=voluptatem',NULL,0,'2025-04-25 06:42:45','2025-04-25 06:42:45'),(204,44,'https://via.placeholder.com/640x480.png/00bbbb?text=dicta',NULL,1,'2025-04-25 06:42:45','2025-04-25 06:42:45'),(205,44,'https://via.placeholder.com/640x480.png/000022?text=voluptatem',NULL,0,'2025-04-25 06:42:45','2025-04-25 06:42:45'),(206,44,'https://via.placeholder.com/640x480.png/0022aa?text=quisquam',NULL,0,'2025-04-25 06:42:45','2025-04-25 06:42:45'),(207,44,'https://via.placeholder.com/640x480.png/00dd11?text=molestias',NULL,0,'2025-04-25 06:42:45','2025-04-25 06:42:45'),(208,45,'https://via.placeholder.com/640x480.png/009999?text=ut',NULL,1,'2025-04-25 06:42:45','2025-04-25 06:42:45'),(209,45,'https://via.placeholder.com/640x480.png/0077ee?text=ipsam',NULL,0,'2025-04-25 06:42:45','2025-04-25 06:42:45'),(210,45,'https://via.placeholder.com/640x480.png/00eeee?text=totam',NULL,0,'2025-04-25 06:42:45','2025-04-25 06:42:45'),(211,45,'https://via.placeholder.com/640x480.png/00eeee?text=qui',NULL,0,'2025-04-25 06:42:45','2025-04-25 06:42:45'),(212,46,'https://via.placeholder.com/640x480.png/00ff55?text=et',NULL,1,'2025-04-25 06:42:45','2025-04-25 06:42:45'),(213,46,'https://via.placeholder.com/640x480.png/00ff55?text=occaecati',NULL,0,'2025-04-25 06:42:45','2025-04-25 06:42:45'),(214,46,'https://via.placeholder.com/640x480.png/008822?text=dolor',NULL,0,'2025-04-25 06:42:45','2025-04-25 06:42:45'),(215,46,'https://via.placeholder.com/640x480.png/00dd00?text=et',NULL,0,'2025-04-25 06:42:45','2025-04-25 06:42:45'),(216,47,'https://via.placeholder.com/640x480.png/00ee22?text=placeat',NULL,1,'2025-04-25 06:42:45','2025-04-25 06:42:45'),(217,47,'https://via.placeholder.com/640x480.png/0000cc?text=tempore',NULL,0,'2025-04-25 06:42:45','2025-04-25 06:42:45'),(218,47,'https://via.placeholder.com/640x480.png/00dd88?text=expedita',NULL,0,'2025-04-25 06:42:45','2025-04-25 06:42:45'),(219,47,'https://via.placeholder.com/640x480.png/00aa11?text=voluptas',NULL,0,'2025-04-25 06:42:45','2025-04-25 06:42:45'),(220,48,'https://via.placeholder.com/640x480.png/0077dd?text=aut',NULL,1,'2025-04-25 06:42:45','2025-04-25 06:42:45'),(221,48,'https://via.placeholder.com/640x480.png/0022aa?text=expedita',NULL,0,'2025-04-25 06:42:45','2025-04-25 06:42:45'),(222,48,'https://via.placeholder.com/640x480.png/00eeee?text=omnis',NULL,0,'2025-04-25 06:42:45','2025-04-25 06:42:45'),(223,48,'https://via.placeholder.com/640x480.png/004422?text=aut',NULL,0,'2025-04-25 06:42:45','2025-04-25 06:42:45'),(224,49,'https://via.placeholder.com/640x480.png/00ff77?text=pariatur',NULL,1,'2025-04-25 06:42:45','2025-04-25 06:42:45'),(225,49,'https://via.placeholder.com/640x480.png/0055ee?text=dignissimos',NULL,0,'2025-04-25 06:42:45','2025-04-25 06:42:45'),(226,49,'https://via.placeholder.com/640x480.png/00bbee?text=magnam',NULL,0,'2025-04-25 06:42:45','2025-04-25 06:42:45'),(227,49,'https://via.placeholder.com/640x480.png/00bb44?text=voluptatibus',NULL,0,'2025-04-25 06:42:45','2025-04-25 06:42:45'),(228,50,'https://via.placeholder.com/640x480.png/000022?text=eaque',NULL,1,'2025-04-25 06:42:45','2025-04-25 06:42:45'),(229,50,'https://via.placeholder.com/640x480.png/008800?text=ea',NULL,0,'2025-04-25 06:42:45','2025-04-25 06:42:45'),(230,50,'https://via.placeholder.com/640x480.png/0011ee?text=fugit',NULL,0,'2025-04-25 06:42:45','2025-04-25 06:42:45'),(231,50,'https://via.placeholder.com/640x480.png/004422?text=temporibus',NULL,0,'2025-04-25 06:42:45','2025-04-25 06:42:45'),(232,51,'https://via.placeholder.com/640x480.png/008800?text=eveniet',NULL,1,'2025-04-25 06:42:45','2025-04-25 06:42:45'),(233,51,'https://via.placeholder.com/640x480.png/0066ee?text=totam',NULL,0,'2025-04-25 06:42:45','2025-04-25 06:42:45'),(234,51,'https://via.placeholder.com/640x480.png/004411?text=sed',NULL,0,'2025-04-25 06:42:45','2025-04-25 06:42:45'),(235,51,'https://via.placeholder.com/640x480.png/003322?text=fuga',NULL,0,'2025-04-25 06:42:45','2025-04-25 06:42:45'),(236,52,'https://via.placeholder.com/640x480.png/00bbff?text=similique',NULL,1,'2025-04-25 06:42:45','2025-04-25 06:42:45'),(237,52,'https://via.placeholder.com/640x480.png/002288?text=vel',NULL,0,'2025-04-25 06:42:45','2025-04-25 06:42:45'),(238,52,'https://via.placeholder.com/640x480.png/002200?text=et',NULL,0,'2025-04-25 06:42:45','2025-04-25 06:42:45'),(239,52,'https://via.placeholder.com/640x480.png/00ddee?text=vitae',NULL,0,'2025-04-25 06:42:45','2025-04-25 06:42:45'),(240,52,'https://via.placeholder.com/640x480.png/003344?text=veniam',NULL,0,'2025-04-25 06:42:45','2025-04-25 06:42:45'),(241,52,'https://via.placeholder.com/640x480.png/004422?text=nobis',NULL,0,'2025-04-25 06:42:45','2025-04-25 06:42:45'),(242,53,'https://via.placeholder.com/640x480.png/00bb22?text=libero',NULL,1,'2025-04-25 06:42:45','2025-04-25 06:42:45'),(243,53,'https://via.placeholder.com/640x480.png/0055aa?text=voluptas',NULL,0,'2025-04-25 06:42:45','2025-04-25 06:42:45'),(244,53,'https://via.placeholder.com/640x480.png/00bb99?text=inventore',NULL,0,'2025-04-25 06:42:45','2025-04-25 06:42:45'),(245,53,'https://via.placeholder.com/640x480.png/00ddff?text=a',NULL,0,'2025-04-25 06:42:45','2025-04-25 06:42:45'),(246,53,'https://via.placeholder.com/640x480.png/0033ee?text=fugit',NULL,0,'2025-04-25 06:42:45','2025-04-25 06:42:45'),(247,53,'https://via.placeholder.com/640x480.png/000022?text=voluptatum',NULL,0,'2025-04-25 06:42:45','2025-04-25 06:42:45'),(248,54,'https://via.placeholder.com/640x480.png/007788?text=est',NULL,1,'2025-04-25 06:42:45','2025-04-25 06:42:45'),(249,54,'https://via.placeholder.com/640x480.png/00ee00?text=ratione',NULL,0,'2025-04-25 06:42:45','2025-04-25 06:42:45'),(250,54,'https://via.placeholder.com/640x480.png/005500?text=vitae',NULL,0,'2025-04-25 06:42:45','2025-04-25 06:42:45'),(251,54,'https://via.placeholder.com/640x480.png/0022cc?text=nemo',NULL,0,'2025-04-25 06:42:45','2025-04-25 06:42:45'),(252,54,'https://via.placeholder.com/640x480.png/00aa77?text=consequatur',NULL,0,'2025-04-25 06:42:46','2025-04-25 06:42:46'),(253,54,'https://via.placeholder.com/640x480.png/001177?text=fugit',NULL,0,'2025-04-25 06:42:46','2025-04-25 06:42:46'),(254,55,'https://via.placeholder.com/640x480.png/0044dd?text=eos',NULL,1,'2025-04-25 06:42:46','2025-04-25 06:42:46'),(255,55,'https://via.placeholder.com/640x480.png/00bb99?text=ea',NULL,0,'2025-04-25 06:42:46','2025-04-25 06:42:46'),(256,55,'https://via.placeholder.com/640x480.png/0088ff?text=qui',NULL,0,'2025-04-25 06:42:46','2025-04-25 06:42:46'),(257,55,'https://via.placeholder.com/640x480.png/00ccaa?text=doloribus',NULL,0,'2025-04-25 06:42:46','2025-04-25 06:42:46'),(258,55,'https://via.placeholder.com/640x480.png/0066ff?text=voluptatibus',NULL,0,'2025-04-25 06:42:46','2025-04-25 06:42:46'),(259,55,'https://via.placeholder.com/640x480.png/00dd00?text=nisi',NULL,0,'2025-04-25 06:42:46','2025-04-25 06:42:46'),(260,56,'https://via.placeholder.com/640x480.png/0055ff?text=aut',NULL,1,'2025-04-25 06:42:46','2025-04-25 06:42:46'),(261,56,'https://via.placeholder.com/640x480.png/007744?text=minima',NULL,0,'2025-04-25 06:42:46','2025-04-25 06:42:46'),(262,56,'https://via.placeholder.com/640x480.png/00cccc?text=sint',NULL,0,'2025-04-25 06:42:46','2025-04-25 06:42:46'),(263,56,'https://via.placeholder.com/640x480.png/00cc33?text=modi',NULL,0,'2025-04-25 06:42:46','2025-04-25 06:42:46'),(264,56,'https://via.placeholder.com/640x480.png/00dd77?text=praesentium',NULL,0,'2025-04-25 06:42:46','2025-04-25 06:42:46'),(265,56,'https://via.placeholder.com/640x480.png/00cc44?text=error',NULL,0,'2025-04-25 06:42:46','2025-04-25 06:42:46'),(266,57,'https://via.placeholder.com/640x480.png/00eeee?text=velit',NULL,1,'2025-04-25 06:42:46','2025-04-25 06:42:46'),(267,57,'https://via.placeholder.com/640x480.png/0011aa?text=voluptatum',NULL,0,'2025-04-25 06:42:46','2025-04-25 06:42:46'),(268,57,'https://via.placeholder.com/640x480.png/002299?text=odio',NULL,0,'2025-04-25 06:42:46','2025-04-25 06:42:46'),(269,57,'https://via.placeholder.com/640x480.png/0099ee?text=assumenda',NULL,0,'2025-04-25 06:42:46','2025-04-25 06:42:46'),(270,57,'https://via.placeholder.com/640x480.png/0066ff?text=quidem',NULL,0,'2025-04-25 06:42:46','2025-04-25 06:42:46'),(271,57,'https://via.placeholder.com/640x480.png/006611?text=sint',NULL,0,'2025-04-25 06:42:46','2025-04-25 06:42:46'),(272,58,'https://via.placeholder.com/640x480.png/000088?text=et',NULL,1,'2025-04-25 06:42:46','2025-04-25 06:42:46'),(273,58,'https://via.placeholder.com/640x480.png/00aaff?text=quaerat',NULL,0,'2025-04-25 06:42:46','2025-04-25 06:42:46'),(274,58,'https://via.placeholder.com/640x480.png/009911?text=eius',NULL,0,'2025-04-25 06:42:46','2025-04-25 06:42:46'),(275,58,'https://via.placeholder.com/640x480.png/008811?text=est',NULL,0,'2025-04-25 06:42:46','2025-04-25 06:42:46'),(276,58,'https://via.placeholder.com/640x480.png/0033bb?text=cumque',NULL,0,'2025-04-25 06:42:46','2025-04-25 06:42:46'),(277,58,'https://via.placeholder.com/640x480.png/0022cc?text=sit',NULL,0,'2025-04-25 06:42:46','2025-04-25 06:42:46'),(278,59,'https://via.placeholder.com/640x480.png/0066aa?text=similique',NULL,1,'2025-04-25 06:42:46','2025-04-25 06:42:46'),(279,59,'https://via.placeholder.com/640x480.png/002277?text=soluta',NULL,0,'2025-04-25 06:42:46','2025-04-25 06:42:46'),(280,59,'https://via.placeholder.com/640x480.png/00bb88?text=quisquam',NULL,0,'2025-04-25 06:42:46','2025-04-25 06:42:46'),(281,59,'https://via.placeholder.com/640x480.png/000077?text=eos',NULL,0,'2025-04-25 06:42:46','2025-04-25 06:42:46'),(282,59,'https://via.placeholder.com/640x480.png/00aacc?text=voluptatem',NULL,0,'2025-04-25 06:42:46','2025-04-25 06:42:46'),(283,59,'https://via.placeholder.com/640x480.png/00ccff?text=nam',NULL,0,'2025-04-25 06:42:46','2025-04-25 06:42:46'),(284,60,'https://via.placeholder.com/640x480.png/00ff55?text=et',NULL,1,'2025-04-25 06:42:46','2025-04-25 06:42:46'),(285,60,'https://via.placeholder.com/640x480.png/001111?text=distinctio',NULL,0,'2025-04-25 06:42:46','2025-04-25 06:42:46'),(286,60,'https://via.placeholder.com/640x480.png/00bbaa?text=repudiandae',NULL,0,'2025-04-25 06:42:46','2025-04-25 06:42:46'),(287,60,'https://via.placeholder.com/640x480.png/0000ff?text=dicta',NULL,0,'2025-04-25 06:42:46','2025-04-25 06:42:46'),(288,60,'https://via.placeholder.com/640x480.png/00bb77?text=optio',NULL,0,'2025-04-25 06:42:46','2025-04-25 06:42:46'),(289,60,'https://via.placeholder.com/640x480.png/003322?text=nihil',NULL,0,'2025-04-25 06:42:46','2025-04-25 06:42:46'),(290,61,'https://via.placeholder.com/640x480.png/006644?text=sint',NULL,1,'2025-04-25 06:42:46','2025-04-25 06:42:46'),(291,61,'https://via.placeholder.com/640x480.png/009977?text=cum',NULL,0,'2025-04-25 06:42:46','2025-04-25 06:42:46'),(292,61,'https://via.placeholder.com/640x480.png/007799?text=quia',NULL,0,'2025-04-25 06:42:46','2025-04-25 06:42:46'),(293,61,'https://via.placeholder.com/640x480.png/002244?text=facere',NULL,0,'2025-04-25 06:42:46','2025-04-25 06:42:46'),(294,61,'https://via.placeholder.com/640x480.png/006622?text=sed',NULL,0,'2025-04-25 06:42:46','2025-04-25 06:42:46'),(295,61,'https://via.placeholder.com/640x480.png/00aaee?text=natus',NULL,0,'2025-04-25 06:42:46','2025-04-25 06:42:46'),(296,62,'https://via.placeholder.com/640x480.png/00cc11?text=culpa',NULL,1,'2025-04-25 06:42:46','2025-04-25 06:42:46'),(297,62,'https://via.placeholder.com/640x480.png/00aa33?text=nobis',NULL,0,'2025-04-25 06:42:46','2025-04-25 06:42:46'),(298,62,'https://via.placeholder.com/640x480.png/0077ee?text=dignissimos',NULL,0,'2025-04-25 06:42:46','2025-04-25 06:42:46'),(299,62,'https://via.placeholder.com/640x480.png/0044bb?text=ipsum',NULL,0,'2025-04-25 06:42:46','2025-04-25 06:42:46'),(300,62,'https://via.placeholder.com/640x480.png/002266?text=est',NULL,0,'2025-04-25 06:42:46','2025-04-25 06:42:46'),(301,62,'https://via.placeholder.com/640x480.png/005522?text=nihil',NULL,0,'2025-04-25 06:42:46','2025-04-25 06:42:46'),(302,63,'https://via.placeholder.com/640x480.png/00eeff?text=sed',NULL,1,'2025-04-25 06:42:46','2025-04-25 06:42:46'),(303,63,'https://via.placeholder.com/640x480.png/008899?text=sit',NULL,0,'2025-04-25 06:42:46','2025-04-25 06:42:46'),(304,63,'https://via.placeholder.com/640x480.png/006633?text=sapiente',NULL,0,'2025-04-25 06:42:46','2025-04-25 06:42:46'),(305,63,'https://via.placeholder.com/640x480.png/007711?text=cumque',NULL,0,'2025-04-25 06:42:46','2025-04-25 06:42:46'),(306,63,'https://via.placeholder.com/640x480.png/00bb55?text=dicta',NULL,0,'2025-04-25 06:42:46','2025-04-25 06:42:46'),(307,63,'https://via.placeholder.com/640x480.png/00aa88?text=similique',NULL,0,'2025-04-25 06:42:46','2025-04-25 06:42:46'),(308,64,'https://via.placeholder.com/640x480.png/0099dd?text=inventore',NULL,1,'2025-04-25 06:42:46','2025-04-25 06:42:46'),(309,64,'https://via.placeholder.com/640x480.png/00dd11?text=et',NULL,0,'2025-04-25 06:42:46','2025-04-25 06:42:46'),(310,64,'https://via.placeholder.com/640x480.png/0055ff?text=exercitationem',NULL,0,'2025-04-25 06:42:46','2025-04-25 06:42:46'),(311,64,'https://via.placeholder.com/640x480.png/007711?text=magni',NULL,0,'2025-04-25 06:42:46','2025-04-25 06:42:46'),(312,64,'https://via.placeholder.com/640x480.png/008811?text=in',NULL,0,'2025-04-25 06:42:46','2025-04-25 06:42:46'),(313,64,'https://via.placeholder.com/640x480.png/007722?text=sapiente',NULL,0,'2025-04-25 06:42:46','2025-04-25 06:42:46'),(314,65,'https://via.placeholder.com/640x480.png/004400?text=et',NULL,1,'2025-04-25 06:42:46','2025-04-25 06:42:46'),(315,65,'https://via.placeholder.com/640x480.png/00ccbb?text=delectus',NULL,0,'2025-04-25 06:42:46','2025-04-25 06:42:46'),(316,65,'https://via.placeholder.com/640x480.png/00bb88?text=deleniti',NULL,0,'2025-04-25 06:42:46','2025-04-25 06:42:46'),(317,65,'https://via.placeholder.com/640x480.png/0055bb?text=quisquam',NULL,0,'2025-04-25 06:42:46','2025-04-25 06:42:46'),(318,65,'https://via.placeholder.com/640x480.png/00bb11?text=aspernatur',NULL,0,'2025-04-25 06:42:46','2025-04-25 06:42:46'),(319,65,'https://via.placeholder.com/640x480.png/00ff33?text=eum',NULL,0,'2025-04-25 06:42:46','2025-04-25 06:42:46'),(320,66,'https://via.placeholder.com/640x480.png/00aaaa?text=nostrum',NULL,1,'2025-04-25 06:42:46','2025-04-25 06:42:46'),(321,66,'https://via.placeholder.com/640x480.png/0000ee?text=consequatur',NULL,0,'2025-04-25 06:42:46','2025-04-25 06:42:46'),(322,66,'https://via.placeholder.com/640x480.png/00cc33?text=quo',NULL,0,'2025-04-25 06:42:46','2025-04-25 06:42:46'),(323,66,'https://via.placeholder.com/640x480.png/004400?text=error',NULL,0,'2025-04-25 06:42:46','2025-04-25 06:42:46'),(324,66,'https://via.placeholder.com/640x480.png/00aa88?text=fugiat',NULL,0,'2025-04-25 06:42:46','2025-04-25 06:42:46'),(325,66,'https://via.placeholder.com/640x480.png/002277?text=consequatur',NULL,0,'2025-04-25 06:42:46','2025-04-25 06:42:46'),(326,67,'https://via.placeholder.com/640x480.png/00cc00?text=laboriosam',NULL,1,'2025-04-25 06:42:46','2025-04-25 06:42:46'),(327,67,'https://via.placeholder.com/640x480.png/008877?text=placeat',NULL,0,'2025-04-25 06:42:46','2025-04-25 06:42:46'),(328,67,'https://via.placeholder.com/640x480.png/0055ee?text=eos',NULL,0,'2025-04-25 06:42:46','2025-04-25 06:42:46'),(329,67,'https://via.placeholder.com/640x480.png/00dd44?text=nihil',NULL,0,'2025-04-25 06:42:46','2025-04-25 06:42:46'),(330,67,'https://via.placeholder.com/640x480.png/009966?text=eveniet',NULL,0,'2025-04-25 06:42:46','2025-04-25 06:42:46'),(331,67,'https://via.placeholder.com/640x480.png/00cccc?text=non',NULL,0,'2025-04-25 06:42:46','2025-04-25 06:42:46'),(332,68,'https://via.placeholder.com/640x480.png/00ff33?text=labore',NULL,1,'2025-04-25 06:42:46','2025-04-25 06:42:46'),(333,68,'https://via.placeholder.com/640x480.png/00bb99?text=modi',NULL,0,'2025-04-25 06:42:46','2025-04-25 06:42:46'),(334,68,'https://via.placeholder.com/640x480.png/00ff55?text=earum',NULL,0,'2025-04-25 06:42:46','2025-04-25 06:42:46'),(335,68,'https://via.placeholder.com/640x480.png/0055bb?text=facere',NULL,0,'2025-04-25 06:42:46','2025-04-25 06:42:46'),(336,68,'https://via.placeholder.com/640x480.png/008888?text=voluptas',NULL,0,'2025-04-25 06:42:46','2025-04-25 06:42:46'),(337,68,'https://via.placeholder.com/640x480.png/00ee55?text=ut',NULL,0,'2025-04-25 06:42:46','2025-04-25 06:42:46'),(338,69,'https://via.placeholder.com/640x480.png/003333?text=qui',NULL,1,'2025-04-25 06:42:46','2025-04-25 06:42:46'),(339,69,'https://via.placeholder.com/640x480.png/00ff99?text=error',NULL,0,'2025-04-25 06:42:46','2025-04-25 06:42:46'),(340,69,'https://via.placeholder.com/640x480.png/0088dd?text=quo',NULL,0,'2025-04-25 06:42:46','2025-04-25 06:42:46'),(341,69,'https://via.placeholder.com/640x480.png/0022cc?text=est',NULL,0,'2025-04-25 06:42:46','2025-04-25 06:42:46'),(342,69,'https://via.placeholder.com/640x480.png/009977?text=perspiciatis',NULL,0,'2025-04-25 06:42:46','2025-04-25 06:42:46'),(343,69,'https://via.placeholder.com/640x480.png/00ee55?text=saepe',NULL,0,'2025-04-25 06:42:46','2025-04-25 06:42:46');
/*!40000 ALTER TABLE `post_images` ENABLE KEYS */;
UNLOCK TABLES;

--
-- Table structure for table `post_videos`
--

DROP TABLE IF EXISTS `post_videos`;
/*!40101 SET @saved_cs_client     = @@character_set_client */;
/*!50503 SET character_set_client = utf8mb4 */;
CREATE TABLE `post_videos` (
  `id` bigint unsigned NOT NULL AUTO_INCREMENT,
  `post_id` bigint unsigned NOT NULL,
  `asset_url` varchar(191) COLLATE utf8mb4_unicode_ci NOT NULL,
  `is_header` tinyint(1) NOT NULL DEFAULT '0',
  `created_at` timestamp NULL DEFAULT NULL,
  `updated_at` timestamp NULL DEFAULT NULL,
  PRIMARY KEY (`id`),
  KEY `post_videos_post_id_foreign` (`post_id`),
  CONSTRAINT `post_videos_post_id_foreign` FOREIGN KEY (`post_id`) REFERENCES `posts` (`id`) ON DELETE CASCADE ON UPDATE CASCADE
) ENGINE=InnoDB AUTO_INCREMENT=20 DEFAULT CHARSET=utf8mb4 COLLATE=utf8mb4_unicode_ci;
/*!40101 SET character_set_client = @saved_cs_client */;

--
-- Dumping data for table `post_videos`
--

LOCK TABLES `post_videos` WRITE;
/*!40000 ALTER TABLE `post_videos` DISABLE KEYS */;
INSERT INTO `post_videos` VALUES (1,70,'CdwK41cRCTw',1,'2025-04-25 06:42:46','2025-04-25 06:42:46'),(2,71,'sukS7QOBpK0',1,'2025-04-25 06:42:46','2025-04-25 06:42:46'),(3,72,'sukS7QOBpK0',1,'2025-04-25 06:42:46','2025-04-25 06:42:46'),(4,73,'NuGBzmHlINQ',1,'2025-04-25 06:42:46','2025-04-25 06:42:46'),(5,74,'CdwK41cRCTw',1,'2025-04-25 06:42:46','2025-04-25 06:42:46'),(6,75,'sukS7QOBpK0',1,'2025-04-25 06:42:46','2025-04-25 06:42:46'),(7,76,'CdwK41cRCTw',1,'2025-04-25 06:42:46','2025-04-25 06:42:46'),(8,77,'MfE1tnMG6fE',1,'2025-04-25 06:42:46','2025-04-25 06:42:46'),(9,78,'CdwK41cRCTw',1,'2025-04-25 06:42:46','2025-04-25 06:42:46'),(10,79,'RbKEYDtkAJI',1,'2025-04-25 06:42:46','2025-04-25 06:42:46'),(11,80,'NuGBzmHlINQ',1,'2025-04-25 06:42:46','2025-04-25 06:42:46'),(12,81,'MfE1tnMG6fE',1,'2025-04-25 06:42:46','2025-04-25 06:42:46'),(13,82,'MfE1tnMG6fE',1,'2025-04-25 06:42:46','2025-04-25 06:42:46'),(14,83,'sukS7QOBpK0',1,'2025-04-25 06:42:46','2025-04-25 06:42:46'),(15,84,'CdwK41cRCTw',1,'2025-04-25 06:42:46','2025-04-25 06:42:46'),(16,85,'NuGBzmHlINQ',1,'2025-04-25 06:42:46','2025-04-25 06:42:46'),(17,86,'sukS7QOBpK0',1,'2025-04-25 06:42:46','2025-04-25 06:42:46'),(18,87,'CdwK41cRCTw',1,'2025-04-25 06:42:46','2025-04-25 06:42:46'),(19,88,'MfE1tnMG6fE',1,'2025-04-25 06:42:46','2025-04-25 06:42:46');
/*!40000 ALTER TABLE `post_videos` ENABLE KEYS */;
UNLOCK TABLES;

--
-- Table structure for table `posts`
--

DROP TABLE IF EXISTS `posts`;
/*!40101 SET @saved_cs_client     = @@character_set_client */;
/*!50503 SET character_set_client = utf8mb4 */;
CREATE TABLE `posts` (
  `id` bigint unsigned NOT NULL AUTO_INCREMENT,
  `post_category_id` tinyint unsigned NOT NULL,
  `title` varchar(191) COLLATE utf8mb4_unicode_ci NOT NULL,
  `description` longtext COLLATE utf8mb4_unicode_ci,
  `date` date NOT NULL,
  `created_at` timestamp NULL DEFAULT NULL,
  `updated_at` timestamp NULL DEFAULT NULL,
  PRIMARY KEY (`id`),
  UNIQUE KEY `posts_post_category_id_title_unique` (`post_category_id`,`title`),
  CONSTRAINT `posts_post_category_id_foreign` FOREIGN KEY (`post_category_id`) REFERENCES `post_categories` (`id`) ON DELETE RESTRICT ON UPDATE CASCADE
) ENGINE=InnoDB AUTO_INCREMENT=89 DEFAULT CHARSET=utf8mb4 COLLATE=utf8mb4_unicode_ci;
/*!40101 SET character_set_client = @saved_cs_client */;

--
-- Dumping data for table `posts`
--

LOCK TABLES `posts` WRITE;
/*!40000 ALTER TABLE `posts` DISABLE KEYS */;
INSERT INTO `posts` VALUES (1,1,'eveniet reprehenderit voluptatem non','However, everything is queer to-day.\' Just then she heard a little worried. \'Just about as she could have told you that.\' \'If I\'d been the whiting,\' said Alice, in a languid, sleepy voice. \'Who are YOU?\' said the Duchess, it had fallen into it: there were ten of them, with her head to feel very queer indeed:-- \'\'Tis the voice of the lefthand bit of mushroom, and raised herself to about two feet high, and she walked up towards it rather timidly, as she ran. \'How surprised he\'ll be when he finds.','2025-01-16','2025-04-25 06:42:43','2025-04-25 06:42:43'),(2,1,'modi cum corrupti quae','HE went mad, you know--\' She had quite a commotion in the distance. \'Come on!\' cried the Gryphon, and, taking Alice by the way I want to get dry again: they had settled down in a tone of great relief. \'Now at OURS they had to run back into the sky all the jurymen are back in a very difficult game indeed. The players all played at once without waiting for the Duchess sneezed occasionally; and as he came, \'Oh! the Duchess, digging her sharp little chin into Alice\'s shoulder as he came, \'Oh! the.','2025-01-01','2025-04-25 06:42:43','2025-04-25 06:42:43'),(3,1,'similique adipisci nemo voluptatem','WAS a narrow escape!\' said Alice, surprised at her for a few minutes to see what would happen next. \'It\'s--it\'s a very pretty dance,\' said Alice thoughtfully: \'but then--I shouldn\'t be hungry for it, she found a little now and then, \'we went to the Duchess: \'and the moral of that is, but I can\'t understand it myself to begin with; and being ordered about in a trembling voice, \'--and I hadn\'t drunk quite so much!\' Alas! it was too small, but at any rate he might answer questions.--How am I.','2025-04-14','2025-04-25 06:42:43','2025-04-25 06:42:43'),(4,1,'eum debitis ex porro','I should be raving mad--at least not so mad as it is.\' \'Then you shouldn\'t talk,\' said the King, and the Queen was silent. The Dormouse shook its head impatiently, and walked a little before she found this a good deal worse off than before, as the doubled-up soldiers were silent, and looked into its face in her life, and had just begun to dream that she was saying, and the Dormouse say?\' one of the soldiers shouted in reply. \'Please come back and finish your story!\' Alice called out in a deep.','2025-02-17','2025-04-25 06:42:43','2025-04-25 06:42:43'),(5,1,'ex numquam accusantium delectus','I\'m I, and--oh dear, how puzzling it all is! I\'ll try if I must, I must,\' the King said to herself \'It\'s the oldest rule in the grass, merely remarking that a red-hot poker will burn you if you were or might have been changed for any lesson-books!\' And so it was written to nobody, which isn\'t usual, you know.\' \'I DON\'T know,\' said Alice, \'how am I to do?\' said Alice. \'I don\'t think--\' \'Then you keep moving round, I suppose?\' \'Yes,\' said Alice, (she had grown up,\' she said to the end: then.','2025-04-12','2025-04-25 06:42:43','2025-04-25 06:42:43'),(6,1,'mollitia voluptatem atque molestiae','Alice in a natural way. \'I thought you did,\' said the Hatter. \'Nor I,\' said the Gryphon. \'We can do no more, whatever happens. What WILL become of it; so, after hunting all about for some time without hearing anything more: at last she stretched her arms round it as she spoke--fancy CURTSEYING as you\'re falling through the glass, and she felt that it signifies much,\' she said to herself, as she spoke. (The unfortunate little Bill had left off staring at the number of changes she had finished.','2025-02-24','2025-04-25 06:42:43','2025-04-25 06:42:43'),(7,1,'incidunt numquam omnis vel','Hatter. \'You might just as she was looking for eggs, as it settled down in a day or two: wouldn\'t it be murder to leave off this minute!\' She generally gave herself very good advice, (though she very good-naturedly began hunting about for a conversation. \'You don\'t know where Dinn may be,\' said the Cat, \'a dog\'s not mad. You grant that?\' \'I suppose so,\' said Alice. \'I mean what I eat\" is the same size for going through the little magic bottle had now had its full effect, and she at once to eat.','2025-02-21','2025-04-25 06:42:43','2025-04-25 06:42:43'),(8,1,'accusantium ea rerum sint','I should think very likely it can be,\' said the Dormouse. \'Write that down,\' the King replied. Here the Queen was in a large caterpillar, that was said, and went stamping about, and crept a little pattering of feet in the air. This time there were a Duck and a sad tale!\' said the March Hare interrupted, yawning. \'I\'m getting tired of being such a thing before, and she tried the roots of trees, and I\'ve tried hedges,\' the Pigeon in a shrill, passionate voice. \'Would YOU like cats if you were.','2025-01-09','2025-04-25 06:42:43','2025-04-25 06:42:43'),(9,1,'et ut non accusamus','Alice, seriously, \'I\'ll have nothing more happened, she decided to remain where she was saying, and the constant heavy sobbing of the lefthand bit of mushroom, and her eyes immediately met those of a tree. \'Did you speak?\' \'Not I!\' he replied. \'We quarrelled last March--just before HE went mad, you know--\' She had just begun to think that will be much the same thing as \"I sleep when I learn music.\' \'Ah! that accounts for it,\' said Alice. \'Oh, don\'t bother ME,\' said Alice indignantly. \'Ah! then.','2025-02-19','2025-04-25 06:42:43','2025-04-25 06:42:43'),(10,1,'quia quia non minus','Footman went on eagerly. \'That\'s enough about lessons,\' the Gryphon answered, very nearly getting up and down in a minute or two to think about stopping herself before she found she had not a VERY turn-up nose, much more like a stalk out of a good many voices all talking at once, and ran till she got up this morning, but I can\'t get out again. The rabbit-hole went straight on like a Jack-in-the-box, and up the chimney, and said \'That\'s very important,\' the King triumphantly, pointing to the.','2025-02-17','2025-04-25 06:42:43','2025-04-25 06:42:43'),(11,1,'non quisquam nihil non','The twelve jurors were writing down \'stupid things!\' on their slates, and she soon made out that one of the house before she found she could see it written down: but I shall remember it in a tone of great surprise. \'Of course not,\' said the Duchess: \'flamingoes and mustard both bite. And the executioner went off like an arrow. The Cat\'s head with great curiosity, and this Alice would not join the dance? \"You can really have no answers.\' \'If you do. I\'ll set Dinah at you!\' There was no one.','2025-03-30','2025-04-25 06:42:43','2025-04-25 06:42:43'),(12,1,'facilis ea commodi omnis','Dormouse followed him: the March Hare. \'I didn\'t mean it!\' pleaded poor Alice in a low voice, \'Your Majesty must cross-examine THIS witness.\' \'Well, if I know THAT well enough; don\'t be nervous, or I\'ll kick you down stairs!\' \'That is not said right,\' said the Hatter. \'It isn\'t mine,\' said the March Hare said to the company generally, \'You are old,\' said the Hatter began, in a long, low hall, which was sitting on the other was sitting next to no toys to play croquet.\' Then they both cried.','2025-01-31','2025-04-25 06:42:43','2025-04-25 06:42:43'),(13,1,'accusantium nihil sit et','Dormouse go on crying in this way! Stop this moment, and fetch me a good deal on where you want to see its meaning. \'And just as I\'d taken the highest tree in front of them, with her head! Off--\' \'Nonsense!\' said Alice, \'a great girl like you,\' (she might well say this), \'to go on crying in this way! Stop this moment, and fetch me a pair of white kid gloves while she ran, as well look and see how he did it,) he did it,) he did with the lobsters to the game. CHAPTER IX. The Mock Turtle in the.','2025-03-01','2025-04-25 06:42:43','2025-04-25 06:42:43'),(14,1,'qui rem voluptatem tempora','YOU,\"\' said Alice. \'Why?\' \'IT DOES THE BOOTS AND SHOES.\' the Gryphon added \'Come, let\'s try Geography. London is the reason is--\' here the conversation a little. \'\'Tis so,\' said the Mouse, sharply and very soon came upon a Gryphon, lying fast asleep in the middle, wondering how she was surprised to see anything; then she noticed that the hedgehog had unrolled itself, and was coming to, but it all came different!\' the Mock Turtle had just begun to repeat it, when a sharp hiss made her draw back.','2025-01-09','2025-04-25 06:42:43','2025-04-25 06:42:43'),(15,1,'qui modi facere praesentium','Beautiful, beautiful Soup! Beau--ootiful Soo--oop! Soo--oop of the officers of the Mock Turtle to sing you a present of everything I\'ve said as yet.\' \'A cheap sort of a treacle-well--eh, stupid?\' \'But they were filled with cupboards and book-shelves; here and there. There was no label this time it vanished quite slowly, beginning with the edge with each hand. \'And now which is which?\' she said this, she came upon a low trembling voice, \'--and I hadn\'t drunk quite so much!\' said Alice, \'a great.','2025-01-03','2025-04-25 06:42:43','2025-04-25 06:42:43'),(16,1,'sunt ut tenetur qui','Allow me to sell you a present of everything I\'ve said as yet.\' \'A cheap sort of knot, and then they both sat silent for a baby: altogether Alice did not see anything that had made out the verses to himself: \'\"WE KNOW IT TO BE TRUE--\" that\'s the queerest thing about it.\' (The jury all wrote down on her lap as if she could not think of anything else. CHAPTER V. Advice from a Caterpillar The Caterpillar and Alice could see this, as she could remember them, all these strange Adventures of hers.','2025-02-19','2025-04-25 06:42:43','2025-04-25 06:42:43'),(17,1,'non et doloribus nulla','And the moral of that is--\"Be what you mean,\' the March Hare had just begun to repeat it, but her head struck against the ceiling, and had come back in a natural way again. \'I should like to be sure! However, everything is queer to-day.\' Just then her head through the doorway; \'and even if I like being that person, I\'ll come up: if not, I\'ll stay down here with me! There are no mice in the schoolroom, and though this was not here before,\' said Alice,) and round Alice, every now and then, \'we.','2025-01-27','2025-04-25 06:42:43','2025-04-25 06:42:43'),(18,2,'cumque laboriosam optio ut','I never heard of such a pleasant temper, and thought it would all wash off in the direction it pointed to, without trying to fix on one, the cook had disappeared. \'Never mind!\' said the Hatter. \'Does YOUR watch tell you just now what the name \'Alice!\' CHAPTER XII. Alice\'s Evidence \'Here!\' cried Alice, with a sigh. \'I only took the thimble, saying \'We beg your pardon!\' cried Alice (she was obliged to write with one of the cakes, and was coming to, but it did not see anything that looked like.','2025-03-14','2025-04-25 06:42:43','2025-04-25 06:42:43'),(19,2,'nesciunt sapiente amet quibusdam','Cat\'s head with great emphasis, looking hard at Alice as she could. The next thing is, to get to,\' said the Mock Turtle with a shiver. \'I beg your pardon,\' said Alice indignantly, and she told her sister, as well say,\' added the Gryphon; and then said \'The fourth.\' \'Two days wrong!\' sighed the Lory, who at last it sat down again in a wondering tone. \'Why, what a Mock Turtle with a melancholy air, and, after glaring at her feet in a low trembling voice, \'--and I hadn\'t cried so much!\' said.','2025-04-12','2025-04-25 06:42:43','2025-04-25 06:42:43'),(20,2,'cumque harum quidem dolorem','There\'s no pleasing them!\' Alice was just going to leave the room, when her eye fell upon a little before she had peeped into the darkness as hard as she could, and waited till the Pigeon in a shrill, loud voice, and see that the meeting adjourn, for the baby, it was too late to wish that! She went on growing, and, as they all looked puzzled.) \'He must have prizes.\' \'But who has won?\' This question the Dodo had paused as if he wasn\'t going to leave the room, when her eye fell on a little bird.','2025-03-06','2025-04-25 06:42:43','2025-04-25 06:42:43'),(21,2,'nemo nam consequatur dignissimos','All this time the Queen put on his slate with one eye; \'I seem to be\"--or if you\'d like it very nice, (it had, in fact, a sort of lullaby to it as a cushion, resting their elbows on it, and they can\'t prove I did: there\'s no meaning in it.\' The jury all brightened up at the sudden change, but very politely: \'Did you say \"What a pity!\"?\' the Rabbit actually TOOK A WATCH OUT OF ITS WAISTCOAT-POCKET, and looked into its mouth again, and made believe to worry it; then Alice put down her flamingo.','2025-04-01','2025-04-25 06:42:43','2025-04-25 06:42:43'),(22,2,'quasi asperiores tenetur culpa','May it won\'t be raving mad after all! I almost wish I\'d gone to see anything; then she walked up towards it rather timidly, saying to herself, \'because of his tail. \'As if I shall remember it in asking riddles that have no idea how confusing it is you hate--C and D,\' she added in a great thistle, to keep herself from being broken. She hastily put down the little golden key was too small, but at last she spread out her hand, and a sad tale!\' said the Queen, the royal children; there were three.','2025-03-15','2025-04-25 06:42:43','2025-04-25 06:42:43'),(23,2,'accusamus doloribus et ea','And he added looking angrily at the end of the Lizard\'s slate-pencil, and the Hatter grumbled: \'you shouldn\'t have put it in a thick wood. \'The first thing I\'ve got back to my right size again; and the arm that was trickling down his face, as long as I do,\' said the Duchess: \'and the moral of that is, but I hadn\'t to bring tears into her face. \'Very,\' said Alice: \'besides, that\'s not a moment to think this a very hopeful tone though), \'I won\'t have any rules in particular; at least, if there.','2025-03-15','2025-04-25 06:42:43','2025-04-25 06:42:43'),(24,2,'vitae ex consequatur omnis','Gryphon went on in a hoarse, feeble voice: \'I heard every word you fellows were saying.\' \'Tell us a story.\' \'I\'m afraid I\'ve offended it again!\' For the Mouse was swimming away from him, and said \'What else have you executed, whether you\'re nervous or not.\' \'I\'m a poor man, your Majesty,\' he began, \'for bringing these in: but I shall only look up in a very small cake, on which the cook had disappeared. \'Never mind!\' said the King repeated angrily, \'or I\'ll have you executed on the floor: in.','2025-04-16','2025-04-25 06:42:43','2025-04-25 06:42:43'),(25,2,'sed sunt sunt quibusdam','Alice, a good thing!\' she said this, she noticed a curious dream, dear, certainly: but now run in to your places!\' shouted the Queen. First came ten soldiers carrying clubs; these were all ornamented with hearts. Next came an angry voice--the Rabbit\'s--\'Pat! Pat! Where are you?\' And then a great deal too flustered to tell him. \'A nice muddle their slates\'ll be in before the trial\'s begun.\' \'They\'re putting down their names,\' the Gryphon in an offended tone. And she kept on puzzling about it in.','2025-04-17','2025-04-25 06:42:43','2025-04-25 06:42:43'),(26,2,'placeat soluta repudiandae aliquam','I was going to do such a dear little puppy it was!\' said Alice, \'I\'ve often seen them at last, with a shiver. \'I beg pardon, your Majesty,\' said Alice thoughtfully: \'but then--I shouldn\'t be hungry for it, while the Dodo solemnly, rising to its children, \'Come away, my dears! It\'s high time to begin again, it was all ridges and furrows; the balls were live hedgehogs, the mallets live flamingoes, and the second time round, she came up to them to sell,\' the Hatter and the arm that was trickling.','2025-02-27','2025-04-25 06:42:43','2025-04-25 06:42:43'),(27,2,'quo ut debitis eos','I then? Tell me that first, and then, \'we went to work nibbling at the bottom of the officers: but the Hatter instead!\' CHAPTER VII. A Mad Tea-Party There was a treacle-well.\' \'There\'s no sort of people live about here?\' \'In THAT direction,\' the Cat went on, \'I must be growing small again.\' She got up in her life before, and behind it was looking down with wonder at the time he was in the long hall, and wander about among those beds of bright flowers and the other bit. Her chin was pressed so.','2025-01-03','2025-04-25 06:42:43','2025-04-25 06:42:43'),(28,2,'est tempore omnis at','Shall I try the experiment?\' \'HE might bite,\' Alice cautiously replied, not feeling at all like the look of it at all,\' said the Duchess; \'and most of \'em do.\' \'I don\'t know what you mean,\' the March Hare. \'Yes, please do!\' pleaded Alice. \'And be quick about it,\' said Alice, who was gently brushing away some dead leaves that lay far below her. \'What CAN all that green stuff be?\' said Alice. \'Why?\' \'IT DOES THE BOOTS AND SHOES.\' the Gryphon as if it thought that SOMEBODY ought to be found: all.','2025-01-04','2025-04-25 06:42:43','2025-04-25 06:42:43'),(29,2,'rem ut eveniet amet','Allow me to introduce some other subject of conversation. \'Are you--are you fond--of--of dogs?\' The Mouse looked at Alice, as she swam about, trying to explain the paper. \'If there\'s no name signed at the Caterpillar\'s making such VERY short remarks, and she went slowly after it: \'I never said I could show you our cat Dinah: I think I could, if I fell off the cake. * * * * * * * * * * * * * * * * * \'What a pity it wouldn\'t stay!\' sighed the Hatter. \'You MUST remember,\' remarked the King, \'or.','2025-03-12','2025-04-25 06:42:43','2025-04-25 06:42:43'),(30,2,'laborum nam explicabo natus','Alice, \'and those twelve creatures,\' (she was rather glad there WAS no one to listen to her. The Cat only grinned when it saw Alice. It looked good-natured, she thought: still it was perfectly round, she came upon a low voice, \'Your Majesty must cross-examine THIS witness.\' \'Well, if I can find them.\' As she said these words her foot slipped, and in a great deal too flustered to tell me your history, you know,\' said Alice doubtfully: \'it means--to--make--anything--prettier.\' \'Well, then,\' the.','2025-02-02','2025-04-25 06:42:43','2025-04-25 06:42:43'),(31,2,'fuga quia accusamus et','So she swallowed one of the what?\' said the Mouse, turning to Alice, and looking anxiously round to see the Mock Turtle. \'Very much indeed,\' said Alice. \'Exactly so,\' said Alice. \'Why?\' \'IT DOES THE BOOTS AND SHOES.\' the Gryphon whispered in reply, \'for fear they should forget them before the end of the jury consider their verdict,\' the King exclaimed, turning to Alice, she went on, \'you see, a dog growls when it\'s angry, and wags its tail when it\'s angry, and wags its tail when I\'m pleased.','2025-02-08','2025-04-25 06:42:43','2025-04-25 06:42:43'),(32,3,'consequatur consequatur ad sint','Dinah, and saying \"Come up again, dear!\" I shall think nothing of the Shark, But, when the tide rises and sharks are around, His voice has a timid and tremulous sound.] \'That\'s different from what I see\"!\' \'You might just as I\'d taken the highest tree in the pool, \'and she sits purring so nicely by the hand, it hurried off, without waiting for the rest were quite silent, and looked at her, and she felt certain it must make me smaller, I can listen all day about it!\' and he wasn\'t one?\' Alice.','2025-04-17','2025-04-25 06:42:43','2025-04-25 06:42:43'),(33,3,'qui reprehenderit deleniti libero','Mouse, in a very interesting dance to watch,\' said Alice, who felt very lonely and low-spirited. In a little timidly: \'but it\'s no use in saying anything more till the Pigeon went on, turning to the Dormouse, without considering at all a pity. I said \"What for?\"\' \'She boxed the Queen\'s shrill cries to the Knave was standing before them, in chains, with a large ring, with the birds hurried off at once, while all the way to fly up into the way of keeping up the fan and gloves. \'How queer it.','2025-04-10','2025-04-25 06:42:43','2025-04-25 06:42:43'),(34,3,'voluptatem eum ab occaecati','Knave was standing before them, in chains, with a lobster as a last resource, she put it. She stretched herself up closer to Alice\'s great surprise, the Duchess\'s knee, while plates and dishes crashed around it--once more the pig-baby was sneezing and howling alternately without a grin,\' thought Alice; \'I must be Mabel after all, and I never understood what it might end, you know,\' the Hatter went on, \'What\'s your name, child?\' \'My name is Alice, so please your Majesty,\' said Two, in a low.','2025-01-14','2025-04-25 06:42:43','2025-04-25 06:42:43'),(35,3,'eos officia hic et','Gryphon: \'I went to school in the after-time, be herself a grown woman; and how she would gather about her any more if you\'d rather not.\' \'We indeed!\' cried the Mock Turtle. Alice was not an encouraging tone. Alice looked up, and there they are!\' said the Hatter, and here the Mock Turtle, \'they--you\'ve seen them, of course?\' \'Yes,\' said Alice, in a hoarse growl, \'the world would go through,\' thought poor Alice, \'it would be four thousand miles down, I think--\' (for, you see, as well she might.','2025-01-09','2025-04-25 06:42:43','2025-04-25 06:42:43'),(36,3,'enim et labore sapiente','Nobody moved. \'Who cares for you?\' said Alice, rather alarmed at the other, and making quite a commotion in the sea. But they HAVE their tails in their mouths--and they\'re all over crumbs.\' \'You\'re wrong about the right way of expecting nothing but the great concert given by the time she heard one of them bowed low. \'Would you tell me,\' said Alice, as the doubled-up soldiers were always getting up and said, without even looking round. \'I\'ll fetch the executioner ran wildly up and down, and was.','2025-03-12','2025-04-25 06:42:43','2025-04-25 06:42:43'),(37,3,'eum et assumenda quas','Hatter went on saying to herself, as well wait, as she swam nearer to make the arches. The chief difficulty Alice found at first was moderate. But the snail replied \"Too far, too far!\" and gave a little girl or a watch to take MORE than nothing.\' \'Nobody asked YOUR opinion,\' said Alice. \'Why, there they are!\' said the Caterpillar called after it; and while she ran, as well as the game was going to remark myself.\' \'Have you seen the Mock Turtle in the pool as it didn\'t sound at all for any.','2025-03-01','2025-04-25 06:42:43','2025-04-25 06:42:43'),(38,3,'quis culpa neque occaecati','Please, Ma\'am, is this New Zealand or Australia?\' (and she tried another question. \'What sort of idea that they had been looking at everything that was lying on the floor, as it lasted.) \'Then the Dormouse into the sky. Twinkle, twinkle--\"\' Here the Queen said to the shore. CHAPTER III. A Caucus-Race and a large dish of tarts upon it: they looked so good, that it ought to speak, but for a minute or two to think this a very small cake, on which the cook was leaning over the verses the White.','2025-01-22','2025-04-25 06:42:43','2025-04-25 06:42:43'),(39,3,'vel iusto eius beatae','Gryphon. \'--you advance twice--\' \'Each with a large ring, with the tarts, you know--\' (pointing with his head!\' or \'Off with their heads down and cried. \'Come, there\'s no use speaking to it,\' she thought, \'it\'s sure to happen,\' she said aloud. \'I must be Mabel after all, and I don\'t know,\' he went on planning to herself how this same little sister of hers would, in the lap of her childhood: and how she would have this cat removed!\' The Queen smiled and passed on. \'Who ARE you talking to?\' said.','2025-01-16','2025-04-25 06:42:43','2025-04-25 06:42:43'),(40,3,'laboriosam quis inventore nulla','I tell you!\' said Alice. \'Call it what you like,\' said the King eagerly, and he went on, \'and most of \'em do.\' \'I don\'t know of any good reason, and as it settled down in a trembling voice to its children, \'Come away, my dears! It\'s high time to wash the things get used up.\' \'But what happens when one eats cake, but Alice had learnt several things of this ointment--one shilling the box-- Allow me to sell you a couple?\' \'You are all pardoned.\' \'Come, THAT\'S a good deal frightened at the cook.','2025-03-28','2025-04-25 06:42:43','2025-04-25 06:42:43'),(41,3,'quidem perspiciatis vero esse','Dormouse,\' the Queen to play croquet.\' The Frog-Footman repeated, in the distance, and she trembled till she heard the King exclaimed, turning to the table, half hoping she might as well go back, and see how the Dodo said, \'EVERYBODY has won, and all the party went back to yesterday, because I was sent for.\' \'You ought to have lessons to learn! No, I\'ve made up my mind about it; if I\'m Mabel, I\'ll stay down here! It\'ll be no use their putting their heads down and looked very uncomfortable. The.','2025-04-07','2025-04-25 06:42:43','2025-04-25 06:42:43'),(42,3,'consectetur rerum tempora aut','I hadn\'t cried so much!\' Alas! it was just saying to herself \'That\'s quite enough--I hope I shan\'t go, at any rate,\' said Alice: \'I don\'t even know what they\'re like.\' \'I believe so,\' Alice replied thoughtfully. \'They have their tails fast in their paws. \'And how many hours a day is very confusing.\' \'It isn\'t,\' said the Duchess, digging her sharp little chin. \'I\'ve a right to think,\' said Alice indignantly. \'Ah! then yours wasn\'t a really good school,\' said the Duchess; \'I never thought about.','2025-03-07','2025-04-25 06:42:43','2025-04-25 06:42:43'),(43,3,'ab et sint beatae','White Rabbit read out, at the place of the right-hand bit to try the thing yourself, some winter day, I will tell you his history,\' As they walked off together, Alice heard the Rabbit in a rather offended tone, and she did not get hold of it; so, after hunting all about it!\' and he went on eagerly. \'That\'s enough about lessons,\' the Gryphon only answered \'Come on!\' cried the Mouse, frowning, but very politely: \'Did you say it.\' \'That\'s nothing to do.\" Said the mouse to the other: he came.','2025-04-03','2025-04-25 06:42:43','2025-04-25 06:42:43'),(44,3,'officiis quam debitis deserunt','When the Mouse to Alice a good opportunity for repeating his remark, with variations. \'I shall be a very truthful child; \'but little girls eat eggs quite as much as serpents do, you know.\' \'Not at all,\' said Alice: \'allow me to him: She gave me a pair of white kid gloves in one hand and a sad tale!\' said the Mouse. \'Of course,\' the Dodo could not taste theirs, and the fan, and skurried away into the teapot. \'At any rate a book written about me, that there ought! And when I was going to happen.','2025-04-14','2025-04-25 06:42:43','2025-04-25 06:42:43'),(45,3,'tempora sequi aut commodi','And when I sleep\" is the use of this remark, and thought to herself. (Alice had been jumping about like mad things all this grand procession, came THE KING AND QUEEN OF HEARTS. Alice was soon left alone. \'I wish the creatures wouldn\'t be so kind,\' Alice replied, rather shyly, \'I--I hardly know, sir, just at present--at least I know all sorts of things--I can\'t remember half of them--and it belongs to a mouse, That he met in the grass, merely remarking that a moment\'s pause. The only things in.','2025-04-09','2025-04-25 06:42:43','2025-04-25 06:42:43'),(46,3,'provident culpa architecto voluptatem','She took down a large canvas bag, which tied up at the end.\' \'If you can\'t swim, can you?\' he added, turning to the heads of the goldfish kept running in her pocket) till she was now the right size again; and the moment he was obliged to have been a holiday?\' \'Of course they were\', said the King; and as Alice could hear the words:-- \'I speak severely to my right size to do next, when suddenly a footman because he taught us,\' said the Duck. \'Found IT,\' the Mouse replied rather crossly: \'of.','2025-02-13','2025-04-25 06:42:43','2025-04-25 06:42:43'),(47,3,'sint debitis provident quaerat','And certainly there was a little pattering of feet in the world you fly, Like a tea-tray in the distance, and she walked sadly down the chimney as she fell very slowly, for she felt very lonely and low-spirited. In a minute or two. \'They couldn\'t have done that?\' she thought. \'I must go by the pope, was soon submitted to by the fire, licking her paws and washing her face--and she is only a pack of cards, after all. \"--SAID I COULD NOT SWIM--\" you can\'t think! And oh, I wish you wouldn\'t.','2025-03-06','2025-04-25 06:42:43','2025-04-25 06:42:43'),(48,3,'tenetur rerum dicta et','VERY turn-up nose, much more like a snout than a pig, and she hurried out of the jurors were writing down \'stupid things!\' on their faces, so that they were gardeners, or soldiers, or courtiers, or three times over to herself, \'whenever I eat one of them.\' In another minute the whole thing, and she crossed her hands on her hand, watching the setting sun, and thinking of little pebbles came rattling in at all?\' said Alice, and she had never before seen a good deal worse off than before, as the.','2025-03-21','2025-04-25 06:42:43','2025-04-25 06:42:43'),(49,3,'voluptate molestiae quidem eum','Gryphon. \'The reason is,\' said the voice. \'Fetch me my gloves this moment!\' Then came a little now and then, if I only wish people knew that: then they wouldn\'t be so easily offended, you know!\' The Mouse only shook its head impatiently, and said, without opening its eyes, for it was done. They had a door leading right into it. \'That\'s very important,\' the King sharply. \'Do you play croquet with the next moment she quite forgot how to spell \'stupid,\' and that makes people hot-tempered,\' she.','2025-02-14','2025-04-25 06:42:43','2025-04-25 06:42:43'),(50,3,'expedita possimus sit rem','I fell off the subjects on his flappers, \'--Mystery, ancient and modern, with Seaography: then Drawling--the Drawling-master was an old conger-eel, that used to read fairy-tales, I fancied that kind of sob, \'I\'ve tried the roots of trees, and I\'ve tried hedges,\' the Pigeon in a hurry: a large piece out of the court. All this time with great curiosity. \'It\'s a pun!\' the King said, turning to Alice, very earnestly. \'I\'ve had nothing else to do, and in his turn; and both the hedgehogs were out of.','2025-01-19','2025-04-25 06:42:43','2025-04-25 06:42:43'),(51,3,'voluptatem tempore ratione itaque','CHORUS. \'Wow! wow! wow!\' While the Duchess began in a low, timid voice, \'If you can\'t take more.\' \'You mean you can\'t help it,\' she said this, she looked up eagerly, half hoping she might as well she might, what a delightful thing a Lobster Quadrille is!\' \'No, indeed,\' said Alice. \'Why, you don\'t know one,\' said Alice. \'Then you shouldn\'t talk,\' said the March Hare went on. Her listeners were perfectly quiet till she had got its neck nicely straightened out, and was delighted to find quite a.','2025-03-11','2025-04-25 06:42:43','2025-04-25 06:42:43'),(52,4,'esse eos delectus fugit','Because he knows it teases.\' CHORUS. (In which the March Hare. Alice sighed wearily. \'I think you might catch a bat, and that\'s very like having a game of croquet she was near enough to try the patience of an oyster!\' \'I wish I hadn\'t to bring tears into her eyes; and once she remembered trying to explain the paper. \'If there\'s no use now,\' thought Alice, \'they\'re sure to kill it in asking riddles that have no sort of chance of getting her hands on her hand, watching the setting sun, and.','2025-02-19','2025-04-25 06:42:43','2025-04-25 06:42:43'),(53,4,'aspernatur eaque id minus','I can\'t get out of sight; and an Eaglet, and several other curious creatures. Alice led the way, was the White Rabbit returning, splendidly dressed, with a sigh: \'he taught Laughing and Grief, they used to come upon them THIS size: why, I should think it was,\' the March Hare, \'that \"I like what I should think very likely it can be,\' said the Cat, and vanished. Alice was soon left alone. \'I wish you wouldn\'t mind,\' said Alice: \'--where\'s the Duchess?\' \'Hush! Hush!\' said the Mouse, turning to.','2025-01-14','2025-04-25 06:42:43','2025-04-25 06:42:43'),(54,4,'quo soluta voluptas laborum','Alice heard the Queen\'s absence, and were quite dry again, the cook was busily stirring the soup, and seemed to be no chance of her or of anything else. CHAPTER V. Advice from a bottle marked \'poison,\' so Alice ventured to remark. \'Tut, tut, child!\' said the Cat. \'I said pig,\' replied Alice; \'and I wish you wouldn\'t keep appearing and vanishing so suddenly: you make one quite giddy.\' \'All right,\' said the Caterpillar sternly. \'Explain yourself!\' \'I can\'t go no lower,\' said the King, looking.','2025-03-20','2025-04-25 06:42:43','2025-04-25 06:42:43'),(55,4,'sit at quia quis','Luckily for Alice, the little thing grunted in reply (it had left off writing on his slate with one foot. \'Get up!\' said the Hatter, \'you wouldn\'t talk about her pet: \'Dinah\'s our cat. And she\'s such a hurry to change the subject,\' the March Hare said in a sort of life! I do wonder what was going to do THAT in a shrill, passionate voice. \'Would YOU like cats if you only walk long enough.\' Alice felt that she was losing her temper. \'Are you content now?\' said the Queen, \'and take this young.','2025-01-04','2025-04-25 06:42:43','2025-04-25 06:42:43'),(56,4,'ducimus velit ut omnis','THAT in a low voice. \'Not at all,\' said the King. \'Nearly two miles high,\' added the Queen. \'Never!\' said the Caterpillar, and the baby with some difficulty, as it settled down again, the cook was leaning over the fire, and at last in the distance, screaming with passion. She had just begun \'Well, of all her coaxing. Hardly knowing what she was nine feet high, and was gone in a natural way again. \'I should like to try the thing yourself, some winter day, I will tell you just now what the flame.','2025-02-13','2025-04-25 06:42:43','2025-04-25 06:42:43'),(57,4,'tempora quia aspernatur vel','Lory, with a whiting. Now you know.\' \'And what are YOUR shoes done with?\' said the King: \'however, it may kiss my hand if it wasn\'t very civil of you to offer it,\' said Alice, who felt ready to play with, and oh! ever so many tea-things are put out here?\' she asked. \'Yes, that\'s it,\' said Alice. \'Why?\' \'IT DOES THE BOOTS AND SHOES.\' the Gryphon hastily. \'Go on with the Duchess, it had grown so large a house, that she tipped over the edge of her ever getting out of the treat. When the pie was.','2025-03-13','2025-04-25 06:42:43','2025-04-25 06:42:43'),(58,4,'similique reprehenderit eos rerum','And the moral of that is--\"Birds of a feather flock together.\"\' \'Only mustard isn\'t a letter, written by the time they were all locked; and when she went on, without attending to her; \'but those serpents! There\'s no pleasing them!\' Alice was thoroughly puzzled. \'Does the boots and shoes!\' she repeated in a piteous tone. And the Gryphon went on, yawning and rubbing its eyes, \'Of course, of course; just what I should like to go among mad people,\' Alice remarked. \'Oh, you foolish Alice!\' she.','2025-01-23','2025-04-25 06:42:43','2025-04-25 06:42:43'),(59,4,'et sunt et optio','I\'m mad. You\'re mad.\' \'How do you know about this business?\' the King repeated angrily, \'or I\'ll have you executed.\' The miserable Hatter dropped his teacup instead of the tail, and ending with the Mouse to tell its age, there was no one to listen to me! When I used to say.\' \'So he did, so he with his head!\"\' \'How dreadfully savage!\' exclaimed Alice. \'That\'s very important,\' the King hastily said, and went on: \'But why did they draw?\' said Alice, very earnestly. \'I\'ve had nothing yet,\' Alice.','2025-03-06','2025-04-25 06:42:43','2025-04-25 06:42:43'),(60,4,'eum fugiat et nobis','However, I\'ve got back to the voice of the bread-and-butter. Just at this moment the door of the sea.\' \'I couldn\'t afford to learn it.\' said the Hatter, \'I cut some more tea,\' the Hatter replied. \'Of course they were\', said the Caterpillar. \'Well, perhaps not,\' said the March Hare interrupted in a great hurry. \'You did!\' said the Gryphon, sighing in his note-book, cackled out \'Silence!\' and read as follows:-- \'The Queen will hear you! You see, she came upon a low voice. \'Not at first, but.','2025-04-14','2025-04-25 06:42:43','2025-04-25 06:42:43'),(61,4,'rerum nam ea quia','Alice. \'What sort of idea that they could not help thinking there MUST be more to be patted on the ground near the centre of the creature, but on second thoughts she decided on going into the loveliest garden you ever saw. How she longed to change the subject of conversation. While she was as long as it turned a corner, \'Oh my ears and whiskers, how late it\'s getting!\' She was a very curious thing, and she had got burnt, and eaten up by two guinea-pigs, who were lying on the door of which was.','2025-02-08','2025-04-25 06:42:43','2025-04-25 06:42:43'),(62,4,'consequatur qui illo reprehenderit','Lizard, who seemed to Alice as she went on, spreading out the proper way of escape, and wondering whether she ought to go and live in that case I can reach the key; and if I fell off the mushroom, and crawled away in the same thing as \"I eat what I eat\" is the capital of Rome, and Rome--no, THAT\'S all wrong, I\'m certain! I must have been was not a mile high,\' said Alice. \'Then it doesn\'t matter a bit,\' she thought it must be really offended. \'We won\'t talk about trouble!\' said the Hatter. \'You.','2025-02-25','2025-04-25 06:42:43','2025-04-25 06:42:43'),(63,4,'aut odit mollitia praesentium','MUST be more to come, so she began looking at the corners: next the ten courtiers; these were all talking at once, while all the jurymen are back in their mouths; and the beak-- Pray how did you manage to do it?\' \'In my youth,\' Father William replied to his ear. Alice considered a little bottle on it, or at least one of them bowed low. \'Would you like the Queen?\' said the White Rabbit, with a smile. There was a body to cut it off from: that he shook his head sadly. \'Do I look like it?\' he.','2025-01-19','2025-04-25 06:42:43','2025-04-25 06:42:43'),(64,4,'error sunt culpa voluptatem','Who ever saw in my kitchen AT ALL. Soup does very well without--Maybe it\'s always pepper that makes them bitter--and--and barley-sugar and such things that make children sweet-tempered. I only wish people knew that: then they both sat silent for a dunce? Go on!\' \'I\'m a poor man,\' the Hatter with a little bit, and said nothing. \'Perhaps it doesn\'t matter a bit,\' said the Gryphon, and all the jurors had a head could be no chance of this, so that it would make with the distant sobs of the day.','2025-01-28','2025-04-25 06:42:43','2025-04-25 06:42:43'),(65,4,'non id non corporis','Gryphon never learnt it.\' \'Hadn\'t time,\' said the King. \'Shan\'t,\' said the Hatter. \'Stolen!\' the King said, with a melancholy way, being quite unable to move. She soon got it out to be Number One,\' said Alice. \'Who\'s making personal remarks now?\' the Hatter with a sigh. \'I only took the place of the song, perhaps?\' \'I\'ve heard something splashing about in a low voice, \'Your Majesty must cross-examine the next witness was the first witness,\' said the Hatter. He came in sight of the way down one.','2025-04-02','2025-04-25 06:42:43','2025-04-25 06:42:43'),(66,4,'et doloribus sit tenetur','If she should chance to be managed? I suppose it doesn\'t mind.\' The table was a general clapping of hands at this: it was certainly English. \'I don\'t know the song, \'I\'d have said to Alice, they all stopped and looked at Alice, and she jumped up and down looking for eggs, I know I have done that?\' she thought. \'But everything\'s curious today. I think I should be like then?\' And she opened it, and burning with curiosity, she ran off at once, while all the jurymen on to the Knave of Hearts, she.','2025-04-15','2025-04-25 06:42:43','2025-04-25 06:42:43'),(67,4,'esse perferendis totam nemo','I grow up, I\'ll write one--but I\'m grown up now,\' she said, \'and see whether it\'s marked \"poison\" or not\'; for she felt sure it would not open any of them. \'I\'m sure I\'m not Ada,\' she said, by way of escape, and wondering what to do, and perhaps as this before, never! And I declare it\'s too bad, that it ought to be ashamed of yourself for asking such a dreadful time.\' So Alice began to tremble. Alice looked at it again: but he now hastily began again, using the ink, that was sitting on the.','2025-02-28','2025-04-25 06:42:43','2025-04-25 06:42:43'),(68,4,'laboriosam consequatur ut beatae','Hatter, \'or you\'ll be asleep again before it\'s done.\' \'Once upon a little recovered from the trees upon her arm, with its arms folded, frowning like a frog; and both the hedgehogs were out of court! Suppress him! Pinch him! Off with his nose Trims his belt and his buttons, and turns out his toes.\' [later editions continued as follows The Panther took pie-crust, and gravy, and meat, While the Duchess asked, with another dig of her ever getting out of the reeds--the rattling teacups would change.','2025-03-05','2025-04-25 06:42:43','2025-04-25 06:42:43'),(69,4,'sed mollitia quisquam laudantium','Nile On every golden scale! \'How cheerfully he seems to like her, down here, and I\'m I, and--oh dear, how puzzling it all seemed quite natural to Alice with one eye, How the Owl had the dish as its share of the singers in the shade: however, the moment how large she had asked it aloud; and in another moment, splash! she was peering about anxiously among the leaves, which she found she had hurt the poor animal\'s feelings. \'I quite agree with you,\' said the King was the first to speak. \'What.','2025-03-25','2025-04-25 06:42:43','2025-04-25 06:42:43'),(70,5,'officiis quisquam magnam aut','For some minutes the whole party swam to the shore. CHAPTER III. A Caucus-Race and a great hurry; \'this paper has just been reading about; and when Alice had no very clear notion how delightful it will be much the most important piece of bread-and-butter in the common way. So she was appealed to by all three dates on their slates, \'SHE doesn\'t believe there\'s an atom of meaning in it, and behind it was a good deal frightened by this time, and was gone across to the Duchess: \'flamingoes and.','2025-03-29','2025-04-25 06:42:43','2025-04-25 06:42:43'),(71,5,'dolorem facilis nemo eveniet','Hatter. \'You might just as well say,\' added the Dormouse, and repeated her question. \'Why did you begin?\' The Hatter opened his eyes. \'I wasn\'t asleep,\' he said in a louder tone. \'ARE you to death.\"\' \'You are old,\' said the youth, \'as I mentioned before, And have grown most uncommonly fat; Yet you balanced an eel on the ground near the looking-glass. There was no label this time she found that it is!\' As she said to herself that perhaps it was in such confusion that she had a vague sort of.','2025-04-13','2025-04-25 06:42:43','2025-04-25 06:42:43'),(72,5,'harum praesentium dolore quidem','They all sat down again into its eyes by this time). \'Don\'t grunt,\' said Alice; \'you needn\'t be so kind,\' Alice replied, so eagerly that the cause of this pool? I am so VERY much out of breath, and said \'No, never\') \'--so you can find them.\' As she said to herself, \'the way all the rest were quite dry again, the cook till his eyes were nearly out of a well--\' \'What did they live at the stick, running a very curious thing, and she felt certain it must be kind to them,\' thought Alice, as she.','2025-04-13','2025-04-25 06:42:43','2025-04-25 06:42:43'),(73,5,'soluta dolorum culpa quasi','Alice did not come the same solemn tone, only changing the order of the treat. When the sands are all dry, he is gay as a boon, Was kindly permitted to pocket the spoon: While the Owl and the little door: but, alas! either the locks were too large, or the key was too slippery; and when Alice had no idea what you\'re doing!\' cried Alice, with a sudden leap out of the room again, no wonder she felt certain it must make me larger, it must be getting home; the night-air doesn\'t suit my throat!\' and.','2025-03-21','2025-04-25 06:42:43','2025-04-25 06:42:43'),(74,5,'enim ut unde omnis','Alice. \'Of course not,\' said Alice very politely; but she remembered that she was now about two feet high, and was beating her violently with its wings. \'Serpent!\' screamed the Queen. \'Never!\' said the King. \'Shan\'t,\' said the Pigeon in a Little Bill It was so large a house, that she began very cautiously: \'But I don\'t think,\' Alice went timidly up to her usual height. It was so small as this before, never! And I declare it\'s too bad, that it might appear to others that what you like,\' said.','2025-04-17','2025-04-25 06:42:43','2025-04-25 06:42:43'),(75,5,'aliquid cum voluptatem aut','So Bill\'s got the other--Bill! fetch it here, lad!--Here, put \'em up at the moment, \'My dear! I wish you wouldn\'t keep appearing and vanishing so suddenly: you make one quite giddy.\' \'All right,\' said the Mock Turtle: \'crumbs would all wash off in the sea. But they HAVE their tails in their mouths; and the words \'DRINK ME,\' but nevertheless she uncorked it and put it into one of the suppressed guinea-pigs, filled the air, mixed up with the words don\'t FIT you,\' said the King said to Alice.','2025-03-21','2025-04-25 06:42:43','2025-04-25 06:42:43'),(76,5,'quo doloribus corporis rerum','Alice was too slippery; and when she turned to the jury, and the others looked round also, and all of them bowed low. \'Would you tell me,\' said Alice, \'a great girl like you,\' (she might well say this), \'to go on till you come to the Dormouse, after thinking a minute or two the Caterpillar decidedly, and the choking of the court, she said to the executioner: \'fetch her here.\' And the Eaglet bent down its head impatiently, and said, very gravely, \'I think, you ought to have changed since her.','2025-02-19','2025-04-25 06:42:43','2025-04-25 06:42:43'),(77,5,'voluptatem nobis minima molestiae','Gryphon. \'They can\'t have anything to say, she simply bowed, and took the cauldron of soup off the subjects on his knee, and the second time round, she found a little wider. \'Come, it\'s pleased so far,\' thought Alice, \'as all the other players, and shouting \'Off with her head! Off--\' \'Nonsense!\' said Alice, seriously, \'I\'ll have nothing more happened, she decided to remain where she was, and waited. When the procession came opposite to Alice, she went back to the Knave of Hearts, he stole.','2025-01-06','2025-04-25 06:42:43','2025-04-25 06:42:43'),(78,5,'corrupti cumque labore sequi','Gryphon, and the m--\' But here, to Alice\'s great surprise, the Duchess\'s voice died away, even in the sun. (IF you don\'t like the Queen?\' said the Gryphon. \'The reason is,\' said the Dodo. Then they all looked puzzled.) \'He must have a prize herself, you know,\' said the King. The next witness was the first to speak. \'What size do you like the look of the Lizard\'s slate-pencil, and the others took the hookah out of it, and then said \'The fourth.\' \'Two days wrong!\' sighed the Lory, who at last in.','2025-04-11','2025-04-25 06:42:43','2025-04-25 06:42:43'),(79,5,'a rerum enim iusto','How neatly spread his claws, And welcome little fishes in With gently smiling jaws!\' \'I\'m sure those are not the right words,\' said poor Alice, and tried to get an opportunity of saying to her head, she tried to curtsey as she went on, looking anxiously about as she had read about them in books, and she jumped up and went on growing, and growing, and she went on so long that they couldn\'t get them out again. Suddenly she came upon a little queer, won\'t you?\' \'Not a bit,\' said the Caterpillar.','2025-03-12','2025-04-25 06:42:43','2025-04-25 06:42:43'),(80,5,'minus error totam quidem','Will you, won\'t you, will you, won\'t you, will you join the dance. So they got their tails fast in their proper places--ALL,\' he repeated with great curiosity, and this was the BEST butter,\' the March Hare, who had been jumping about like that!\' \'I couldn\'t help it,\' said the last words out loud, and the moment she appeared; but she gained courage as she wandered about for some while in silence. At last the Gryphon said, in a bit.\' \'Perhaps it hasn\'t one,\' Alice ventured to taste it, and very.','2025-03-02','2025-04-25 06:42:43','2025-04-25 06:42:43'),(81,5,'est neque odit repellat','White Rabbit hurried by--the frightened Mouse splashed his way through the neighbouring pool--she could hear the very tones of the garden: the roses growing on it but tea. \'I don\'t see,\' said the cook. The King and the little golden key and hurried off at once, she found herself lying on the song, perhaps?\' \'I\'ve heard something like it,\' said the Mock Turtle in the distance, and she hurried out of sight before the trial\'s begun.\' \'They\'re putting down their names,\' the Gryphon said, in a.','2025-03-03','2025-04-25 06:42:43','2025-04-25 06:42:43'),(82,5,'aperiam veniam qui sed','Dodo replied very readily: \'but that\'s because it stays the same thing as a boon, Was kindly permitted to pocket the spoon: While the Panther received knife and fork with a table in the schoolroom, and though this was her dream:-- First, she dreamed of little cartwheels, and the baby--the fire-irons came first; then followed a shower of saucepans, plates, and dishes. The Duchess took no notice of her going, though she felt certain it must make me larger, it must be a walrus or hippopotamus.','2025-04-02','2025-04-25 06:42:43','2025-04-25 06:42:43'),(83,5,'saepe debitis quia alias','Dodo managed it.) First it marked out a race-course, in a tone of great curiosity. \'It\'s a mineral, I THINK,\' said Alice. \'I don\'t think--\' \'Then you shouldn\'t talk,\' said the Queen, pointing to Alice again. \'No, I give you fair warning,\' shouted the Queen. \'Can you play croquet?\' The soldiers were always getting up and saying, \'Thank you, it\'s a very poor speaker,\' said the Duchess; \'and most things twinkled after that--only the March Hare. \'I didn\'t write it, and talking over its head. \'Very.','2025-02-05','2025-04-25 06:42:44','2025-04-25 06:42:44'),(84,5,'qui ea accusamus voluptatem','Alice. \'That\'s very curious!\' she thought. \'But everything\'s curious today. I think you\'d better leave off,\' said the Mouse, frowning, but very glad that it is!\' \'Why should it?\' muttered the Hatter. He came in with a whiting. Now you know.\' He was an old Turtle--we used to say.\' \'So he did, so he with his tea spoon at the corners: next the ten courtiers; these were ornamented all over with fright. \'Oh, I beg your acceptance of this rope--Will the roof off.\' After a minute or two sobs choked.','2025-03-08','2025-04-25 06:42:44','2025-04-25 06:42:44'),(85,5,'repudiandae perspiciatis temporibus voluptatum','HIS time of life. The King\'s argument was, that you think you\'re changed, do you?\' \'I\'m afraid I am, sir,\' said Alice; \'it\'s laid for a conversation. \'You don\'t know one,\' said Alice, who felt ready to ask his neighbour to tell him. \'A nice muddle their slates\'ll be in a trembling voice, \'--and I hadn\'t quite finished my tea when I find a number of bathing machines in the pool of tears which she had got its head impatiently, and walked a little glass box that was trickling down his cheeks, he.','2025-02-05','2025-04-25 06:42:44','2025-04-25 06:42:44'),(86,5,'voluptas id odio nostrum','Alice crouched down among the people that walk with their heads!\' and the two creatures got so close to the Caterpillar, and the Mock Turtle interrupted, \'if you only walk long enough.\' Alice felt so desperate that she had someone to listen to me! I\'LL soon make you grow shorter.\' \'One side will make you dry enough!\' They all made a rush at the Mouse\'s tail; \'but why do you call him Tortoise, if he doesn\'t begin.\' But she did not at all know whether it was getting so far off). \'Oh, my poor.','2025-01-02','2025-04-25 06:42:44','2025-04-25 06:42:44'),(87,5,'omnis nostrum ut dolore','The Hatter opened his eyes were getting extremely small for a minute, nurse! But I\'ve got to come upon them THIS size: why, I should be raving mad after all! I almost wish I\'d gone to see the earth takes twenty-four hours to turn round on its axis--\' \'Talking of axes,\' said the Queen, and Alice, were in custody and under sentence of execution.\' \'What for?\' said Alice. \'Then you shouldn\'t talk,\' said the Queen, who were all locked; and when she was terribly frightened all the while, till at.','2025-03-09','2025-04-25 06:42:44','2025-04-25 06:42:44'),(88,5,'asperiores eligendi atque vel','Alice was beginning to think this a very pretty dance,\' said Alice sharply, for she was nine feet high. \'Whoever lives there,\' thought Alice, \'shall I NEVER get any older than you, and must know better\'; and this he handed over to the Mock Turtle with a sudden burst of tears, but said nothing. \'When we were little,\' the Mock Turtle, and said \'No, never\') \'--so you can find out the proper way of settling all difficulties, great or small. \'Off with her head!\' about once in a sulky tone, as it.','2025-03-11','2025-04-25 06:42:44','2025-04-25 06:42:44');
/*!40000 ALTER TABLE `posts` ENABLE KEYS */;
UNLOCK TABLES;

--
-- Table structure for table `programs`
--

DROP TABLE IF EXISTS `programs`;
/*!40101 SET @saved_cs_client     = @@character_set_client */;
/*!50503 SET character_set_client = utf8mb4 */;
CREATE TABLE `programs` (
  `id` bigint unsigned NOT NULL AUTO_INCREMENT,
  `faculty_id` bigint unsigned DEFAULT NULL,
  `academic_level_id` tinyint unsigned DEFAULT NULL,
  `name` varchar(191) COLLATE utf8mb4_unicode_ci NOT NULL,
  `created_at` timestamp NULL DEFAULT NULL,
  `updated_at` timestamp NULL DEFAULT NULL,
  PRIMARY KEY (`id`),
  KEY `programs_faculty_id_foreign` (`faculty_id`),
  KEY `programs_academic_level_id_foreign` (`academic_level_id`),
  CONSTRAINT `programs_academic_level_id_foreign` FOREIGN KEY (`academic_level_id`) REFERENCES `academic_levels` (`id`) ON DELETE SET NULL ON UPDATE CASCADE,
  CONSTRAINT `programs_faculty_id_foreign` FOREIGN KEY (`faculty_id`) REFERENCES `faculties` (`id`) ON DELETE SET NULL ON UPDATE CASCADE
) ENGINE=InnoDB AUTO_INCREMENT=850 DEFAULT CHARSET=utf8mb4 COLLATE=utf8mb4_unicode_ci;
/*!40101 SET character_set_client = @saved_cs_client */;

--
-- Dumping data for table `programs`
--

LOCK TABLES `programs` WRITE;
/*!40000 ALTER TABLE `programs` DISABLE KEYS */;
INSERT INTO `programs` VALUES (1,1,1,'Programa de Ingeniería de Sistemas','2025-04-25 06:42:24','2025-04-25 06:42:24'),(2,1,1,'Programa aut','2025-04-25 06:42:24','2025-04-25 06:42:24'),(3,1,4,'Programa totam','2025-04-25 06:42:24','2025-04-25 06:42:24'),(4,1,3,'Programa debitis','2025-04-25 06:42:24','2025-04-25 06:42:24'),(5,2,4,'Programa laborum','2025-04-25 06:42:24','2025-04-25 06:42:24'),(6,2,1,'Programa autem','2025-04-25 06:42:24','2025-04-25 06:42:24'),(7,2,4,'Programa possimus','2025-04-25 06:42:24','2025-04-25 06:42:24'),(8,3,1,'Programa necessitatibus','2025-04-25 06:42:24','2025-04-25 06:42:24'),(9,3,2,'Programa doloremque','2025-04-25 06:42:24','2025-04-25 06:42:24'),(10,3,4,'Programa sunt','2025-04-25 06:42:24','2025-04-25 06:42:24'),(11,4,4,'Programa sit','2025-04-25 06:42:24','2025-04-25 06:42:24'),(12,4,3,'Programa in','2025-04-25 06:42:24','2025-04-25 06:42:24'),(13,5,2,'Programa quo','2025-04-25 06:42:24','2025-04-25 06:42:24'),(14,5,4,'Programa quos','2025-04-25 06:42:24','2025-04-25 06:42:24'),(15,5,3,'Programa voluptatem','2025-04-25 06:42:24','2025-04-25 06:42:24'),(16,6,4,'Programa temporibus','2025-04-25 06:42:24','2025-04-25 06:42:24'),(17,6,4,'Programa et','2025-04-25 06:42:24','2025-04-25 06:42:24'),(18,7,4,'Programa nihil','2025-04-25 06:42:24','2025-04-25 06:42:24'),(19,7,4,'Programa occaecati','2025-04-25 06:42:24','2025-04-25 06:42:24'),(20,7,3,'Programa enim','2025-04-25 06:42:24','2025-04-25 06:42:24'),(21,8,3,'Programa voluptatem','2025-04-25 06:42:24','2025-04-25 06:42:24'),(22,8,3,'Programa dolorum','2025-04-25 06:42:24','2025-04-25 06:42:24'),(23,8,1,'Programa facilis','2025-04-25 06:42:24','2025-04-25 06:42:24'),(24,9,2,'Programa quisquam','2025-04-25 06:42:24','2025-04-25 06:42:24'),(25,9,2,'Programa quos','2025-04-25 06:42:24','2025-04-25 06:42:24'),(26,9,4,'Programa est','2025-04-25 06:42:24','2025-04-25 06:42:24'),(27,10,3,'Programa quos','2025-04-25 06:42:24','2025-04-25 06:42:24'),(28,10,1,'Programa aut','2025-04-25 06:42:24','2025-04-25 06:42:24'),(29,11,4,'Programa ratione','2025-04-25 06:42:24','2025-04-25 06:42:24'),(30,11,1,'Programa tempore','2025-04-25 06:42:24','2025-04-25 06:42:24'),(31,11,1,'Programa error','2025-04-25 06:42:24','2025-04-25 06:42:24'),(32,12,1,'Programa quibusdam','2025-04-25 06:42:24','2025-04-25 06:42:24'),(33,12,3,'Programa totam','2025-04-25 06:42:24','2025-04-25 06:42:24'),(34,12,1,'Programa voluptatem','2025-04-25 06:42:24','2025-04-25 06:42:24'),(35,13,3,'Programa sit','2025-04-25 06:42:24','2025-04-25 06:42:24'),(36,13,3,'Programa aliquam','2025-04-25 06:42:24','2025-04-25 06:42:24'),(37,14,4,'Programa nihil','2025-04-25 06:42:24','2025-04-25 06:42:24'),(38,14,2,'Programa id','2025-04-25 06:42:24','2025-04-25 06:42:24'),(39,15,3,'Programa sed','2025-04-25 06:42:24','2025-04-25 06:42:24'),(40,15,2,'Programa quia','2025-04-25 06:42:24','2025-04-25 06:42:24'),(41,15,4,'Programa sit','2025-04-25 06:42:24','2025-04-25 06:42:24'),(42,16,3,'Programa voluptatibus','2025-04-25 06:42:24','2025-04-25 06:42:24'),(43,16,3,'Programa magni','2025-04-25 06:42:24','2025-04-25 06:42:24'),(44,17,4,'Programa totam','2025-04-25 06:42:24','2025-04-25 06:42:24'),(45,17,3,'Programa ipsa','2025-04-25 06:42:24','2025-04-25 06:42:24'),(46,17,1,'Programa dicta','2025-04-25 06:42:24','2025-04-25 06:42:24'),(47,18,3,'Programa quia','2025-04-25 06:42:24','2025-04-25 06:42:24'),(48,18,1,'Programa nulla','2025-04-25 06:42:24','2025-04-25 06:42:24'),(49,19,1,'Programa ab','2025-04-25 06:42:24','2025-04-25 06:42:24'),(50,19,3,'Programa doloremque','2025-04-25 06:42:24','2025-04-25 06:42:24'),(51,19,1,'Programa tempora','2025-04-25 06:42:24','2025-04-25 06:42:24'),(52,20,3,'Programa in','2025-04-25 06:42:24','2025-04-25 06:42:24'),(53,20,3,'Programa et','2025-04-25 06:42:24','2025-04-25 06:42:24'),(54,21,3,'Programa enim','2025-04-25 06:42:24','2025-04-25 06:42:24'),(55,21,1,'Programa est','2025-04-25 06:42:24','2025-04-25 06:42:24'),(56,22,3,'Programa repellendus','2025-04-25 06:42:24','2025-04-25 06:42:24'),(57,22,2,'Programa molestiae','2025-04-25 06:42:24','2025-04-25 06:42:24'),(58,22,2,'Programa mollitia','2025-04-25 06:42:24','2025-04-25 06:42:24'),(59,23,1,'Programa quia','2025-04-25 06:42:25','2025-04-25 06:42:25'),(60,23,1,'Programa numquam','2025-04-25 06:42:25','2025-04-25 06:42:25'),(61,24,4,'Programa quaerat','2025-04-25 06:42:25','2025-04-25 06:42:25'),(62,24,2,'Programa enim','2025-04-25 06:42:25','2025-04-25 06:42:25'),(63,24,4,'Programa ratione','2025-04-25 06:42:25','2025-04-25 06:42:25'),(64,25,4,'Programa molestiae','2025-04-25 06:42:25','2025-04-25 06:42:25'),(65,25,4,'Programa et','2025-04-25 06:42:25','2025-04-25 06:42:25'),(66,26,2,'Programa asperiores','2025-04-25 06:42:25','2025-04-25 06:42:25'),(67,26,1,'Programa modi','2025-04-25 06:42:25','2025-04-25 06:42:25'),(68,26,1,'Programa odit','2025-04-25 06:42:25','2025-04-25 06:42:25'),(69,27,3,'Programa provident','2025-04-25 06:42:25','2025-04-25 06:42:25'),(70,27,3,'Programa est','2025-04-25 06:42:25','2025-04-25 06:42:25'),(71,28,2,'Programa et','2025-04-25 06:42:25','2025-04-25 06:42:25'),(72,28,1,'Programa eaque','2025-04-25 06:42:25','2025-04-25 06:42:25'),(73,29,2,'Programa est','2025-04-25 06:42:25','2025-04-25 06:42:25'),(74,29,4,'Programa adipisci','2025-04-25 06:42:25','2025-04-25 06:42:25'),(75,30,1,'Programa deleniti','2025-04-25 06:42:25','2025-04-25 06:42:25'),(76,30,1,'Programa consequatur','2025-04-25 06:42:25','2025-04-25 06:42:25'),(77,31,2,'Programa laboriosam','2025-04-25 06:42:25','2025-04-25 06:42:25'),(78,31,2,'Programa magni','2025-04-25 06:42:25','2025-04-25 06:42:25'),(79,31,3,'Programa iste','2025-04-25 06:42:25','2025-04-25 06:42:25'),(80,32,1,'Programa consequatur','2025-04-25 06:42:25','2025-04-25 06:42:25'),(81,32,1,'Programa voluptas','2025-04-25 06:42:25','2025-04-25 06:42:25'),(82,33,1,'Programa in','2025-04-25 06:42:25','2025-04-25 06:42:25'),(83,33,4,'Programa aut','2025-04-25 06:42:25','2025-04-25 06:42:25'),(84,34,4,'Programa quas','2025-04-25 06:42:25','2025-04-25 06:42:25'),(85,34,1,'Programa qui','2025-04-25 06:42:25','2025-04-25 06:42:25'),(86,34,4,'Programa excepturi','2025-04-25 06:42:25','2025-04-25 06:42:25'),(87,35,1,'Programa dolor','2025-04-25 06:42:25','2025-04-25 06:42:25'),(88,35,4,'Programa eum','2025-04-25 06:42:25','2025-04-25 06:42:25'),(89,35,2,'Programa magni','2025-04-25 06:42:25','2025-04-25 06:42:25'),(90,36,2,'Programa et','2025-04-25 06:42:25','2025-04-25 06:42:25'),(91,36,1,'Programa officiis','2025-04-25 06:42:25','2025-04-25 06:42:25'),(92,37,2,'Programa quis','2025-04-25 06:42:25','2025-04-25 06:42:25'),(93,37,4,'Programa quia','2025-04-25 06:42:25','2025-04-25 06:42:25'),(94,37,2,'Programa dolorum','2025-04-25 06:42:25','2025-04-25 06:42:25'),(95,38,3,'Programa animi','2025-04-25 06:42:25','2025-04-25 06:42:25'),(96,38,4,'Programa aut','2025-04-25 06:42:25','2025-04-25 06:42:25'),(97,39,1,'Programa saepe','2025-04-25 06:42:25','2025-04-25 06:42:25'),(98,39,3,'Programa et','2025-04-25 06:42:25','2025-04-25 06:42:25'),(99,40,4,'Programa consequuntur','2025-04-25 06:42:25','2025-04-25 06:42:25'),(100,40,1,'Programa et','2025-04-25 06:42:25','2025-04-25 06:42:25'),(101,41,3,'Programa placeat','2025-04-25 06:42:25','2025-04-25 06:42:25'),(102,41,2,'Programa quasi','2025-04-25 06:42:25','2025-04-25 06:42:25'),(103,42,1,'Programa odit','2025-04-25 06:42:25','2025-04-25 06:42:25'),(104,42,1,'Programa nisi','2025-04-25 06:42:25','2025-04-25 06:42:25'),(105,42,2,'Programa at','2025-04-25 06:42:25','2025-04-25 06:42:25'),(106,43,3,'Programa laudantium','2025-04-25 06:42:25','2025-04-25 06:42:25'),(107,43,1,'Programa voluptate','2025-04-25 06:42:25','2025-04-25 06:42:25'),(108,44,1,'Programa voluptas','2025-04-25 06:42:25','2025-04-25 06:42:25'),(109,44,4,'Programa saepe','2025-04-25 06:42:25','2025-04-25 06:42:25'),(110,45,1,'Programa sapiente','2025-04-25 06:42:25','2025-04-25 06:42:25'),(111,45,1,'Programa inventore','2025-04-25 06:42:25','2025-04-25 06:42:25'),(112,45,2,'Programa omnis','2025-04-25 06:42:25','2025-04-25 06:42:25'),(113,46,3,'Programa beatae','2025-04-25 06:42:25','2025-04-25 06:42:25'),(114,46,3,'Programa autem','2025-04-25 06:42:25','2025-04-25 06:42:25'),(115,46,2,'Programa voluptatem','2025-04-25 06:42:25','2025-04-25 06:42:25'),(116,47,4,'Programa aut','2025-04-25 06:42:25','2025-04-25 06:42:25'),(117,47,2,'Programa ut','2025-04-25 06:42:25','2025-04-25 06:42:25'),(118,48,1,'Programa praesentium','2025-04-25 06:42:25','2025-04-25 06:42:25'),(119,48,3,'Programa sequi','2025-04-25 06:42:25','2025-04-25 06:42:25'),(120,48,1,'Programa eum','2025-04-25 06:42:25','2025-04-25 06:42:25'),(121,49,3,'Programa ducimus','2025-04-25 06:42:25','2025-04-25 06:42:25'),(122,49,2,'Programa et','2025-04-25 06:42:25','2025-04-25 06:42:25'),(123,50,3,'Programa debitis','2025-04-25 06:42:25','2025-04-25 06:42:25'),(124,50,3,'Programa dolor','2025-04-25 06:42:25','2025-04-25 06:42:25'),(125,51,4,'Programa repellendus','2025-04-25 06:42:25','2025-04-25 06:42:25'),(126,51,1,'Programa illo','2025-04-25 06:42:25','2025-04-25 06:42:25'),(127,51,2,'Programa enim','2025-04-25 06:42:25','2025-04-25 06:42:25'),(128,52,1,'Programa cupiditate','2025-04-25 06:42:25','2025-04-25 06:42:25'),(129,52,1,'Programa cum','2025-04-25 06:42:25','2025-04-25 06:42:25'),(130,53,1,'Programa quasi','2025-04-25 06:42:25','2025-04-25 06:42:25'),(131,53,2,'Programa corrupti','2025-04-25 06:42:25','2025-04-25 06:42:25'),(132,53,4,'Programa voluptate','2025-04-25 06:42:25','2025-04-25 06:42:25'),(133,54,3,'Programa porro','2025-04-25 06:42:25','2025-04-25 06:42:25'),(134,54,3,'Programa quidem','2025-04-25 06:42:25','2025-04-25 06:42:25'),(135,54,3,'Programa inventore','2025-04-25 06:42:25','2025-04-25 06:42:25'),(136,55,2,'Programa dolorem','2025-04-25 06:42:25','2025-04-25 06:42:25'),(137,55,2,'Programa molestiae','2025-04-25 06:42:25','2025-04-25 06:42:25'),(138,55,3,'Programa consequatur','2025-04-25 06:42:25','2025-04-25 06:42:25'),(139,56,3,'Programa voluptate','2025-04-25 06:42:25','2025-04-25 06:42:25'),(140,56,3,'Programa sed','2025-04-25 06:42:25','2025-04-25 06:42:25'),(141,56,1,'Programa id','2025-04-25 06:42:25','2025-04-25 06:42:25'),(142,57,1,'Programa animi','2025-04-25 06:42:25','2025-04-25 06:42:25'),(143,57,1,'Programa doloribus','2025-04-25 06:42:25','2025-04-25 06:42:25'),(144,57,3,'Programa repellat','2025-04-25 06:42:25','2025-04-25 06:42:25'),(145,58,2,'Programa quod','2025-04-25 06:42:25','2025-04-25 06:42:25'),(146,58,4,'Programa ut','2025-04-25 06:42:25','2025-04-25 06:42:25'),(147,59,2,'Programa esse','2025-04-25 06:42:25','2025-04-25 06:42:25'),(148,59,3,'Programa blanditiis','2025-04-25 06:42:25','2025-04-25 06:42:25'),(149,59,2,'Programa vel','2025-04-25 06:42:25','2025-04-25 06:42:25'),(150,60,4,'Programa et','2025-04-25 06:42:25','2025-04-25 06:42:25'),(151,60,1,'Programa eum','2025-04-25 06:42:25','2025-04-25 06:42:25'),(152,60,3,'Programa voluptates','2025-04-25 06:42:25','2025-04-25 06:42:25'),(153,61,3,'Programa qui','2025-04-25 06:42:25','2025-04-25 06:42:25'),(154,61,1,'Programa provident','2025-04-25 06:42:25','2025-04-25 06:42:25'),(155,61,2,'Programa sed','2025-04-25 06:42:25','2025-04-25 06:42:25'),(156,62,4,'Programa atque','2025-04-25 06:42:25','2025-04-25 06:42:25'),(157,62,4,'Programa impedit','2025-04-25 06:42:25','2025-04-25 06:42:25'),(158,62,1,'Programa nulla','2025-04-25 06:42:25','2025-04-25 06:42:25'),(159,63,2,'Programa sint','2025-04-25 06:42:25','2025-04-25 06:42:25'),(160,63,4,'Programa dolores','2025-04-25 06:42:25','2025-04-25 06:42:25'),(161,63,2,'Programa esse','2025-04-25 06:42:25','2025-04-25 06:42:25'),(162,64,2,'Programa error','2025-04-25 06:42:25','2025-04-25 06:42:25'),(163,64,1,'Programa sed','2025-04-25 06:42:25','2025-04-25 06:42:25'),(164,65,4,'Programa ipsum','2025-04-25 06:42:25','2025-04-25 06:42:25'),(165,65,2,'Programa pariatur','2025-04-25 06:42:25','2025-04-25 06:42:25'),(166,66,3,'Programa quisquam','2025-04-25 06:42:25','2025-04-25 06:42:25'),(167,66,1,'Programa nulla','2025-04-25 06:42:25','2025-04-25 06:42:25'),(168,67,3,'Programa dolore','2025-04-25 06:42:25','2025-04-25 06:42:25'),(169,67,4,'Programa est','2025-04-25 06:42:25','2025-04-25 06:42:25'),(170,67,3,'Programa voluptatem','2025-04-25 06:42:25','2025-04-25 06:42:25'),(171,68,3,'Programa perspiciatis','2025-04-25 06:42:25','2025-04-25 06:42:25'),(172,68,1,'Programa et','2025-04-25 06:42:25','2025-04-25 06:42:25'),(173,69,4,'Programa perspiciatis','2025-04-25 06:42:25','2025-04-25 06:42:25'),(174,69,2,'Programa veniam','2025-04-25 06:42:25','2025-04-25 06:42:25'),(175,70,1,'Programa doloremque','2025-04-25 06:42:25','2025-04-25 06:42:25'),(176,70,1,'Programa qui','2025-04-25 06:42:25','2025-04-25 06:42:25'),(177,71,3,'Programa sed','2025-04-25 06:42:25','2025-04-25 06:42:25'),(178,71,1,'Programa delectus','2025-04-25 06:42:26','2025-04-25 06:42:26'),(179,71,2,'Programa commodi','2025-04-25 06:42:26','2025-04-25 06:42:26'),(180,72,2,'Programa maxime','2025-04-25 06:42:26','2025-04-25 06:42:26'),(181,72,4,'Programa voluptate','2025-04-25 06:42:26','2025-04-25 06:42:26'),(182,72,2,'Programa cum','2025-04-25 06:42:26','2025-04-25 06:42:26'),(183,73,3,'Programa mollitia','2025-04-25 06:42:26','2025-04-25 06:42:26'),(184,73,2,'Programa et','2025-04-25 06:42:26','2025-04-25 06:42:26'),(185,73,1,'Programa at','2025-04-25 06:42:26','2025-04-25 06:42:26'),(186,74,1,'Programa doloremque','2025-04-25 06:42:26','2025-04-25 06:42:26'),(187,74,2,'Programa nostrum','2025-04-25 06:42:26','2025-04-25 06:42:26'),(188,75,4,'Programa veritatis','2025-04-25 06:42:26','2025-04-25 06:42:26'),(189,75,3,'Programa et','2025-04-25 06:42:26','2025-04-25 06:42:26'),(190,76,2,'Programa eveniet','2025-04-25 06:42:26','2025-04-25 06:42:26'),(191,76,2,'Programa in','2025-04-25 06:42:26','2025-04-25 06:42:26'),(192,76,1,'Programa natus','2025-04-25 06:42:26','2025-04-25 06:42:26'),(193,77,3,'Programa omnis','2025-04-25 06:42:26','2025-04-25 06:42:26'),(194,77,1,'Programa impedit','2025-04-25 06:42:26','2025-04-25 06:42:26'),(195,77,2,'Programa quos','2025-04-25 06:42:26','2025-04-25 06:42:26'),(196,78,1,'Programa corrupti','2025-04-25 06:42:26','2025-04-25 06:42:26'),(197,78,2,'Programa voluptatem','2025-04-25 06:42:26','2025-04-25 06:42:26'),(198,78,3,'Programa non','2025-04-25 06:42:26','2025-04-25 06:42:26'),(199,79,4,'Programa qui','2025-04-25 06:42:26','2025-04-25 06:42:26'),(200,79,2,'Programa excepturi','2025-04-25 06:42:26','2025-04-25 06:42:26'),(201,79,3,'Programa architecto','2025-04-25 06:42:26','2025-04-25 06:42:26'),(202,80,2,'Programa repudiandae','2025-04-25 06:42:26','2025-04-25 06:42:26'),(203,80,3,'Programa deserunt','2025-04-25 06:42:26','2025-04-25 06:42:26'),(204,81,1,'Programa rem','2025-04-25 06:42:26','2025-04-25 06:42:26'),(205,81,4,'Programa adipisci','2025-04-25 06:42:26','2025-04-25 06:42:26'),(206,82,1,'Programa error','2025-04-25 06:42:26','2025-04-25 06:42:26'),(207,82,4,'Programa aliquid','2025-04-25 06:42:26','2025-04-25 06:42:26'),(208,83,3,'Programa perferendis','2025-04-25 06:42:26','2025-04-25 06:42:26'),(209,83,2,'Programa quia','2025-04-25 06:42:26','2025-04-25 06:42:26'),(210,83,3,'Programa cumque','2025-04-25 06:42:26','2025-04-25 06:42:26'),(211,84,4,'Programa odit','2025-04-25 06:42:26','2025-04-25 06:42:26'),(212,84,4,'Programa omnis','2025-04-25 06:42:26','2025-04-25 06:42:26'),(213,84,3,'Programa unde','2025-04-25 06:42:26','2025-04-25 06:42:26'),(214,85,3,'Programa enim','2025-04-25 06:42:26','2025-04-25 06:42:26'),(215,85,4,'Programa et','2025-04-25 06:42:26','2025-04-25 06:42:26'),(216,86,3,'Programa rerum','2025-04-25 06:42:26','2025-04-25 06:42:26'),(217,86,4,'Programa cum','2025-04-25 06:42:26','2025-04-25 06:42:26'),(218,87,2,'Programa ut','2025-04-25 06:42:26','2025-04-25 06:42:26'),(219,87,1,'Programa officiis','2025-04-25 06:42:26','2025-04-25 06:42:26'),(220,88,1,'Programa sed','2025-04-25 06:42:26','2025-04-25 06:42:26'),(221,88,2,'Programa qui','2025-04-25 06:42:26','2025-04-25 06:42:26'),(222,89,3,'Programa sint','2025-04-25 06:42:26','2025-04-25 06:42:26'),(223,89,4,'Programa ut','2025-04-25 06:42:26','2025-04-25 06:42:26'),(224,89,4,'Programa velit','2025-04-25 06:42:26','2025-04-25 06:42:26'),(225,90,2,'Programa sint','2025-04-25 06:42:26','2025-04-25 06:42:26'),(226,90,3,'Programa possimus','2025-04-25 06:42:26','2025-04-25 06:42:26'),(227,91,2,'Programa blanditiis','2025-04-25 06:42:26','2025-04-25 06:42:26'),(228,91,2,'Programa temporibus','2025-04-25 06:42:26','2025-04-25 06:42:26'),(229,92,2,'Programa ratione','2025-04-25 06:42:26','2025-04-25 06:42:26'),(230,92,4,'Programa autem','2025-04-25 06:42:26','2025-04-25 06:42:26'),(231,93,2,'Programa qui','2025-04-25 06:42:26','2025-04-25 06:42:26'),(232,93,1,'Programa tenetur','2025-04-25 06:42:26','2025-04-25 06:42:26'),(233,93,1,'Programa dolorum','2025-04-25 06:42:26','2025-04-25 06:42:26'),(234,94,2,'Programa omnis','2025-04-25 06:42:26','2025-04-25 06:42:26'),(235,94,3,'Programa amet','2025-04-25 06:42:26','2025-04-25 06:42:26'),(236,94,3,'Programa est','2025-04-25 06:42:26','2025-04-25 06:42:26'),(237,95,4,'Programa placeat','2025-04-25 06:42:26','2025-04-25 06:42:26'),(238,95,3,'Programa debitis','2025-04-25 06:42:26','2025-04-25 06:42:26'),(239,96,3,'Programa enim','2025-04-25 06:42:26','2025-04-25 06:42:26'),(240,96,2,'Programa laudantium','2025-04-25 06:42:26','2025-04-25 06:42:26'),(241,97,3,'Programa sed','2025-04-25 06:42:26','2025-04-25 06:42:26'),(242,97,4,'Programa sed','2025-04-25 06:42:26','2025-04-25 06:42:26'),(243,97,4,'Programa quia','2025-04-25 06:42:26','2025-04-25 06:42:26'),(244,98,1,'Programa doloremque','2025-04-25 06:42:26','2025-04-25 06:42:26'),(245,98,1,'Programa ipsam','2025-04-25 06:42:26','2025-04-25 06:42:26'),(246,99,2,'Programa perferendis','2025-04-25 06:42:26','2025-04-25 06:42:26'),(247,99,4,'Programa culpa','2025-04-25 06:42:26','2025-04-25 06:42:26'),(248,99,2,'Programa occaecati','2025-04-25 06:42:26','2025-04-25 06:42:26'),(249,100,1,'Programa deleniti','2025-04-25 06:42:26','2025-04-25 06:42:26'),(250,100,1,'Programa voluptatem','2025-04-25 06:42:26','2025-04-25 06:42:26'),(251,101,4,'Programa ullam','2025-04-25 06:42:26','2025-04-25 06:42:26'),(252,101,4,'Programa et','2025-04-25 06:42:26','2025-04-25 06:42:26'),(253,102,2,'Programa molestiae','2025-04-25 06:42:26','2025-04-25 06:42:26'),(254,102,4,'Programa quis','2025-04-25 06:42:26','2025-04-25 06:42:26'),(255,103,2,'Programa doloremque','2025-04-25 06:42:26','2025-04-25 06:42:26'),(256,103,4,'Programa eos','2025-04-25 06:42:26','2025-04-25 06:42:26'),(257,104,2,'Programa dolores','2025-04-25 06:42:26','2025-04-25 06:42:26'),(258,104,1,'Programa dignissimos','2025-04-25 06:42:26','2025-04-25 06:42:26'),(259,104,4,'Programa distinctio','2025-04-25 06:42:26','2025-04-25 06:42:26'),(260,105,1,'Programa quis','2025-04-25 06:42:26','2025-04-25 06:42:26'),(261,105,2,'Programa harum','2025-04-25 06:42:26','2025-04-25 06:42:26'),(262,106,3,'Programa impedit','2025-04-25 06:42:26','2025-04-25 06:42:26'),(263,106,2,'Programa iusto','2025-04-25 06:42:26','2025-04-25 06:42:26'),(264,107,2,'Programa rerum','2025-04-25 06:42:26','2025-04-25 06:42:26'),(265,107,2,'Programa distinctio','2025-04-25 06:42:26','2025-04-25 06:42:26'),(266,108,3,'Programa aut','2025-04-25 06:42:26','2025-04-25 06:42:26'),(267,108,2,'Programa iusto','2025-04-25 06:42:26','2025-04-25 06:42:26'),(268,108,3,'Programa et','2025-04-25 06:42:26','2025-04-25 06:42:26'),(269,109,2,'Programa est','2025-04-25 06:42:26','2025-04-25 06:42:26'),(270,109,4,'Programa ut','2025-04-25 06:42:26','2025-04-25 06:42:26'),(271,110,1,'Programa nostrum','2025-04-25 06:42:26','2025-04-25 06:42:26'),(272,110,4,'Programa hic','2025-04-25 06:42:26','2025-04-25 06:42:26'),(273,110,3,'Programa dolorem','2025-04-25 06:42:26','2025-04-25 06:42:26'),(274,111,2,'Programa eaque','2025-04-25 06:42:26','2025-04-25 06:42:26'),(275,111,3,'Programa est','2025-04-25 06:42:26','2025-04-25 06:42:26'),(276,111,4,'Programa incidunt','2025-04-25 06:42:26','2025-04-25 06:42:26'),(277,112,3,'Programa rerum','2025-04-25 06:42:26','2025-04-25 06:42:26'),(278,112,1,'Programa autem','2025-04-25 06:42:26','2025-04-25 06:42:26'),(279,113,3,'Programa libero','2025-04-25 06:42:26','2025-04-25 06:42:26'),(280,113,2,'Programa hic','2025-04-25 06:42:26','2025-04-25 06:42:26'),(281,114,2,'Programa illo','2025-04-25 06:42:26','2025-04-25 06:42:26'),(282,114,1,'Programa quia','2025-04-25 06:42:26','2025-04-25 06:42:26'),(283,114,2,'Programa dolorem','2025-04-25 06:42:26','2025-04-25 06:42:26'),(284,115,4,'Programa reprehenderit','2025-04-25 06:42:26','2025-04-25 06:42:26'),(285,115,3,'Programa quasi','2025-04-25 06:42:26','2025-04-25 06:42:26'),(286,115,1,'Programa et','2025-04-25 06:42:26','2025-04-25 06:42:26'),(287,116,1,'Programa dolorum','2025-04-25 06:42:26','2025-04-25 06:42:26'),(288,116,4,'Programa neque','2025-04-25 06:42:26','2025-04-25 06:42:26'),(289,116,3,'Programa et','2025-04-25 06:42:26','2025-04-25 06:42:26'),(290,117,2,'Programa quod','2025-04-25 06:42:26','2025-04-25 06:42:26'),(291,117,1,'Programa maiores','2025-04-25 06:42:26','2025-04-25 06:42:26'),(292,118,1,'Programa quisquam','2025-04-25 06:42:26','2025-04-25 06:42:26'),(293,118,3,'Programa sint','2025-04-25 06:42:26','2025-04-25 06:42:26'),(294,119,3,'Programa et','2025-04-25 06:42:27','2025-04-25 06:42:27'),(295,119,4,'Programa et','2025-04-25 06:42:27','2025-04-25 06:42:27'),(296,120,1,'Programa ullam','2025-04-25 06:42:27','2025-04-25 06:42:27'),(297,120,1,'Programa placeat','2025-04-25 06:42:27','2025-04-25 06:42:27'),(298,120,1,'Programa placeat','2025-04-25 06:42:27','2025-04-25 06:42:27'),(299,121,2,'Programa aut','2025-04-25 06:42:27','2025-04-25 06:42:27'),(300,121,4,'Programa repellat','2025-04-25 06:42:27','2025-04-25 06:42:27'),(301,122,2,'Programa harum','2025-04-25 06:42:27','2025-04-25 06:42:27'),(302,122,2,'Programa impedit','2025-04-25 06:42:27','2025-04-25 06:42:27'),(303,122,3,'Programa non','2025-04-25 06:42:27','2025-04-25 06:42:27'),(304,123,2,'Programa et','2025-04-25 06:42:27','2025-04-25 06:42:27'),(305,123,2,'Programa possimus','2025-04-25 06:42:27','2025-04-25 06:42:27'),(306,123,4,'Programa nobis','2025-04-25 06:42:27','2025-04-25 06:42:27'),(307,124,1,'Programa minus','2025-04-25 06:42:27','2025-04-25 06:42:27'),(308,124,3,'Programa recusandae','2025-04-25 06:42:27','2025-04-25 06:42:27'),(309,125,3,'Programa est','2025-04-25 06:42:27','2025-04-25 06:42:27'),(310,125,1,'Programa in','2025-04-25 06:42:27','2025-04-25 06:42:27'),(311,125,4,'Programa repellat','2025-04-25 06:42:27','2025-04-25 06:42:27'),(312,126,2,'Programa velit','2025-04-25 06:42:27','2025-04-25 06:42:27'),(313,126,2,'Programa aut','2025-04-25 06:42:27','2025-04-25 06:42:27'),(314,126,1,'Programa quia','2025-04-25 06:42:27','2025-04-25 06:42:27'),(315,127,2,'Programa tenetur','2025-04-25 06:42:27','2025-04-25 06:42:27'),(316,127,4,'Programa voluptates','2025-04-25 06:42:27','2025-04-25 06:42:27'),(317,128,2,'Programa et','2025-04-25 06:42:27','2025-04-25 06:42:27'),(318,128,2,'Programa consequatur','2025-04-25 06:42:27','2025-04-25 06:42:27'),(319,129,1,'Programa iste','2025-04-25 06:42:27','2025-04-25 06:42:27'),(320,129,2,'Programa ab','2025-04-25 06:42:27','2025-04-25 06:42:27'),(321,130,2,'Programa omnis','2025-04-25 06:42:27','2025-04-25 06:42:27'),(322,130,1,'Programa suscipit','2025-04-25 06:42:27','2025-04-25 06:42:27'),(323,131,4,'Programa numquam','2025-04-25 06:42:27','2025-04-25 06:42:27'),(324,131,1,'Programa nostrum','2025-04-25 06:42:27','2025-04-25 06:42:27'),(325,132,3,'Programa ullam','2025-04-25 06:42:27','2025-04-25 06:42:27'),(326,132,3,'Programa similique','2025-04-25 06:42:27','2025-04-25 06:42:27'),(327,133,2,'Programa ut','2025-04-25 06:42:27','2025-04-25 06:42:27'),(328,133,4,'Programa eum','2025-04-25 06:42:27','2025-04-25 06:42:27'),(329,133,1,'Programa temporibus','2025-04-25 06:42:27','2025-04-25 06:42:27'),(330,134,2,'Programa ratione','2025-04-25 06:42:27','2025-04-25 06:42:27'),(331,134,2,'Programa similique','2025-04-25 06:42:27','2025-04-25 06:42:27'),(332,135,2,'Programa nihil','2025-04-25 06:42:27','2025-04-25 06:42:27'),(333,135,4,'Programa nam','2025-04-25 06:42:27','2025-04-25 06:42:27'),(334,136,4,'Programa et','2025-04-25 06:42:27','2025-04-25 06:42:27'),(335,136,1,'Programa quas','2025-04-25 06:42:27','2025-04-25 06:42:27'),(336,137,2,'Programa ex','2025-04-25 06:42:27','2025-04-25 06:42:27'),(337,137,4,'Programa delectus','2025-04-25 06:42:27','2025-04-25 06:42:27'),(338,138,1,'Programa repellat','2025-04-25 06:42:27','2025-04-25 06:42:27'),(339,138,2,'Programa corporis','2025-04-25 06:42:27','2025-04-25 06:42:27'),(340,139,2,'Programa sint','2025-04-25 06:42:27','2025-04-25 06:42:27'),(341,139,4,'Programa est','2025-04-25 06:42:27','2025-04-25 06:42:27'),(342,140,3,'Programa commodi','2025-04-25 06:42:27','2025-04-25 06:42:27'),(343,140,4,'Programa adipisci','2025-04-25 06:42:27','2025-04-25 06:42:27'),(344,140,1,'Programa ullam','2025-04-25 06:42:27','2025-04-25 06:42:27'),(345,141,1,'Programa dolores','2025-04-25 06:42:27','2025-04-25 06:42:27'),(346,141,3,'Programa nihil','2025-04-25 06:42:27','2025-04-25 06:42:27'),(347,141,4,'Programa doloribus','2025-04-25 06:42:27','2025-04-25 06:42:27'),(348,142,3,'Programa ullam','2025-04-25 06:42:27','2025-04-25 06:42:27'),(349,142,3,'Programa consequatur','2025-04-25 06:42:27','2025-04-25 06:42:27'),(350,143,1,'Programa similique','2025-04-25 06:42:27','2025-04-25 06:42:27'),(351,143,3,'Programa quasi','2025-04-25 06:42:27','2025-04-25 06:42:27'),(352,144,2,'Programa numquam','2025-04-25 06:42:27','2025-04-25 06:42:27'),(353,144,4,'Programa sit','2025-04-25 06:42:27','2025-04-25 06:42:27'),(354,144,1,'Programa quae','2025-04-25 06:42:27','2025-04-25 06:42:27'),(355,145,2,'Programa necessitatibus','2025-04-25 06:42:27','2025-04-25 06:42:27'),(356,145,1,'Programa et','2025-04-25 06:42:27','2025-04-25 06:42:27'),(357,146,1,'Programa ullam','2025-04-25 06:42:27','2025-04-25 06:42:27'),(358,146,2,'Programa quis','2025-04-25 06:42:27','2025-04-25 06:42:27'),(359,146,1,'Programa culpa','2025-04-25 06:42:27','2025-04-25 06:42:27'),(360,147,3,'Programa odit','2025-04-25 06:42:27','2025-04-25 06:42:27'),(361,147,2,'Programa quis','2025-04-25 06:42:27','2025-04-25 06:42:27'),(362,148,4,'Programa est','2025-04-25 06:42:27','2025-04-25 06:42:27'),(363,148,1,'Programa accusantium','2025-04-25 06:42:27','2025-04-25 06:42:27'),(364,148,2,'Programa impedit','2025-04-25 06:42:27','2025-04-25 06:42:27'),(365,149,1,'Programa reprehenderit','2025-04-25 06:42:27','2025-04-25 06:42:27'),(366,149,4,'Programa quo','2025-04-25 06:42:27','2025-04-25 06:42:27'),(367,149,1,'Programa illum','2025-04-25 06:42:27','2025-04-25 06:42:27'),(368,150,2,'Programa harum','2025-04-25 06:42:27','2025-04-25 06:42:27'),(369,150,1,'Programa impedit','2025-04-25 06:42:27','2025-04-25 06:42:27'),(370,151,3,'Programa ducimus','2025-04-25 06:42:27','2025-04-25 06:42:27'),(371,151,1,'Programa placeat','2025-04-25 06:42:27','2025-04-25 06:42:27'),(372,151,4,'Programa quam','2025-04-25 06:42:27','2025-04-25 06:42:27'),(373,152,3,'Programa et','2025-04-25 06:42:27','2025-04-25 06:42:27'),(374,152,2,'Programa id','2025-04-25 06:42:27','2025-04-25 06:42:27'),(375,152,4,'Programa qui','2025-04-25 06:42:27','2025-04-25 06:42:27'),(376,153,3,'Programa adipisci','2025-04-25 06:42:27','2025-04-25 06:42:27'),(377,153,3,'Programa suscipit','2025-04-25 06:42:27','2025-04-25 06:42:27'),(378,154,3,'Programa dignissimos','2025-04-25 06:42:27','2025-04-25 06:42:27'),(379,154,4,'Programa rem','2025-04-25 06:42:27','2025-04-25 06:42:27'),(380,154,2,'Programa tenetur','2025-04-25 06:42:27','2025-04-25 06:42:27'),(381,155,1,'Programa est','2025-04-25 06:42:27','2025-04-25 06:42:27'),(382,155,2,'Programa sit','2025-04-25 06:42:27','2025-04-25 06:42:27'),(383,155,4,'Programa et','2025-04-25 06:42:27','2025-04-25 06:42:27'),(384,156,3,'Programa illo','2025-04-25 06:42:27','2025-04-25 06:42:27'),(385,156,4,'Programa eveniet','2025-04-25 06:42:27','2025-04-25 06:42:27'),(386,157,1,'Programa voluptates','2025-04-25 06:42:27','2025-04-25 06:42:27'),(387,157,1,'Programa minima','2025-04-25 06:42:27','2025-04-25 06:42:27'),(388,158,4,'Programa blanditiis','2025-04-25 06:42:27','2025-04-25 06:42:27'),(389,158,1,'Programa consectetur','2025-04-25 06:42:27','2025-04-25 06:42:27'),(390,158,3,'Programa eveniet','2025-04-25 06:42:27','2025-04-25 06:42:27'),(391,159,1,'Programa eum','2025-04-25 06:42:27','2025-04-25 06:42:27'),(392,159,2,'Programa repellat','2025-04-25 06:42:27','2025-04-25 06:42:27'),(393,159,4,'Programa non','2025-04-25 06:42:27','2025-04-25 06:42:27'),(394,160,2,'Programa nam','2025-04-25 06:42:27','2025-04-25 06:42:27'),(395,160,4,'Programa aperiam','2025-04-25 06:42:27','2025-04-25 06:42:27'),(396,161,2,'Programa occaecati','2025-04-25 06:42:27','2025-04-25 06:42:27'),(397,161,3,'Programa qui','2025-04-25 06:42:27','2025-04-25 06:42:27'),(398,161,3,'Programa sit','2025-04-25 06:42:27','2025-04-25 06:42:27'),(399,162,4,'Programa consequuntur','2025-04-25 06:42:27','2025-04-25 06:42:27'),(400,162,1,'Programa ut','2025-04-25 06:42:27','2025-04-25 06:42:27'),(401,163,2,'Programa voluptas','2025-04-25 06:42:27','2025-04-25 06:42:27'),(402,163,2,'Programa illo','2025-04-25 06:42:27','2025-04-25 06:42:27'),(403,163,2,'Programa rerum','2025-04-25 06:42:27','2025-04-25 06:42:27'),(404,164,2,'Programa non','2025-04-25 06:42:27','2025-04-25 06:42:27'),(405,164,4,'Programa non','2025-04-25 06:42:27','2025-04-25 06:42:27'),(406,164,3,'Programa facilis','2025-04-25 06:42:27','2025-04-25 06:42:27'),(407,165,3,'Programa consequatur','2025-04-25 06:42:27','2025-04-25 06:42:27'),(408,165,1,'Programa natus','2025-04-25 06:42:27','2025-04-25 06:42:27'),(409,165,2,'Programa maiores','2025-04-25 06:42:28','2025-04-25 06:42:28'),(410,166,1,'Programa porro','2025-04-25 06:42:28','2025-04-25 06:42:28'),(411,166,2,'Programa eius','2025-04-25 06:42:28','2025-04-25 06:42:28'),(412,167,2,'Programa aperiam','2025-04-25 06:42:28','2025-04-25 06:42:28'),(413,167,3,'Programa aut','2025-04-25 06:42:28','2025-04-25 06:42:28'),(414,167,2,'Programa ut','2025-04-25 06:42:28','2025-04-25 06:42:28'),(415,168,1,'Programa assumenda','2025-04-25 06:42:28','2025-04-25 06:42:28'),(416,168,4,'Programa ut','2025-04-25 06:42:28','2025-04-25 06:42:28'),(417,168,4,'Programa consequuntur','2025-04-25 06:42:28','2025-04-25 06:42:28'),(418,169,3,'Programa excepturi','2025-04-25 06:42:28','2025-04-25 06:42:28'),(419,169,2,'Programa qui','2025-04-25 06:42:28','2025-04-25 06:42:28'),(420,170,1,'Programa officia','2025-04-25 06:42:28','2025-04-25 06:42:28'),(421,170,2,'Programa natus','2025-04-25 06:42:28','2025-04-25 06:42:28'),(422,171,4,'Programa odit','2025-04-25 06:42:28','2025-04-25 06:42:28'),(423,171,3,'Programa ipsum','2025-04-25 06:42:28','2025-04-25 06:42:28'),(424,172,1,'Programa impedit','2025-04-25 06:42:28','2025-04-25 06:42:28'),(425,172,1,'Programa nisi','2025-04-25 06:42:28','2025-04-25 06:42:28'),(426,173,1,'Programa assumenda','2025-04-25 06:42:28','2025-04-25 06:42:28'),(427,173,3,'Programa velit','2025-04-25 06:42:28','2025-04-25 06:42:28'),(428,173,3,'Programa a','2025-04-25 06:42:28','2025-04-25 06:42:28'),(429,174,4,'Programa rerum','2025-04-25 06:42:28','2025-04-25 06:42:28'),(430,174,1,'Programa dolorum','2025-04-25 06:42:28','2025-04-25 06:42:28'),(431,174,2,'Programa enim','2025-04-25 06:42:28','2025-04-25 06:42:28'),(432,175,2,'Programa sint','2025-04-25 06:42:28','2025-04-25 06:42:28'),(433,175,4,'Programa omnis','2025-04-25 06:42:28','2025-04-25 06:42:28'),(434,176,3,'Programa fuga','2025-04-25 06:42:28','2025-04-25 06:42:28'),(435,176,1,'Programa nostrum','2025-04-25 06:42:28','2025-04-25 06:42:28'),(436,177,2,'Programa ut','2025-04-25 06:42:28','2025-04-25 06:42:28'),(437,177,3,'Programa qui','2025-04-25 06:42:28','2025-04-25 06:42:28'),(438,178,1,'Programa et','2025-04-25 06:42:28','2025-04-25 06:42:28'),(439,178,1,'Programa et','2025-04-25 06:42:28','2025-04-25 06:42:28'),(440,179,3,'Programa quasi','2025-04-25 06:42:28','2025-04-25 06:42:28'),(441,179,4,'Programa cupiditate','2025-04-25 06:42:28','2025-04-25 06:42:28'),(442,180,4,'Programa fugit','2025-04-25 06:42:28','2025-04-25 06:42:28'),(443,180,3,'Programa aliquid','2025-04-25 06:42:28','2025-04-25 06:42:28'),(444,180,4,'Programa molestiae','2025-04-25 06:42:28','2025-04-25 06:42:28'),(445,181,2,'Programa suscipit','2025-04-25 06:42:28','2025-04-25 06:42:28'),(446,181,3,'Programa voluptatibus','2025-04-25 06:42:28','2025-04-25 06:42:28'),(447,182,4,'Programa enim','2025-04-25 06:42:28','2025-04-25 06:42:28'),(448,182,2,'Programa eaque','2025-04-25 06:42:28','2025-04-25 06:42:28'),(449,182,4,'Programa ullam','2025-04-25 06:42:28','2025-04-25 06:42:28'),(450,183,1,'Programa non','2025-04-25 06:42:28','2025-04-25 06:42:28'),(451,183,2,'Programa laborum','2025-04-25 06:42:28','2025-04-25 06:42:28'),(452,183,4,'Programa nostrum','2025-04-25 06:42:28','2025-04-25 06:42:28'),(453,184,4,'Programa quasi','2025-04-25 06:42:28','2025-04-25 06:42:28'),(454,184,2,'Programa totam','2025-04-25 06:42:28','2025-04-25 06:42:28'),(455,185,2,'Programa atque','2025-04-25 06:42:28','2025-04-25 06:42:28'),(456,185,3,'Programa tenetur','2025-04-25 06:42:28','2025-04-25 06:42:28'),(457,186,1,'Programa et','2025-04-25 06:42:28','2025-04-25 06:42:28'),(458,186,3,'Programa provident','2025-04-25 06:42:28','2025-04-25 06:42:28'),(459,186,4,'Programa nostrum','2025-04-25 06:42:28','2025-04-25 06:42:28'),(460,187,2,'Programa nihil','2025-04-25 06:42:28','2025-04-25 06:42:28'),(461,187,4,'Programa et','2025-04-25 06:42:28','2025-04-25 06:42:28'),(462,188,4,'Programa ipsum','2025-04-25 06:42:28','2025-04-25 06:42:28'),(463,188,3,'Programa nihil','2025-04-25 06:42:28','2025-04-25 06:42:28'),(464,188,3,'Programa molestias','2025-04-25 06:42:28','2025-04-25 06:42:28'),(465,189,1,'Programa voluptatem','2025-04-25 06:42:28','2025-04-25 06:42:28'),(466,189,2,'Programa asperiores','2025-04-25 06:42:28','2025-04-25 06:42:28'),(467,190,1,'Programa quo','2025-04-25 06:42:28','2025-04-25 06:42:28'),(468,190,2,'Programa assumenda','2025-04-25 06:42:28','2025-04-25 06:42:28'),(469,190,4,'Programa exercitationem','2025-04-25 06:42:28','2025-04-25 06:42:28'),(470,191,4,'Programa rerum','2025-04-25 06:42:28','2025-04-25 06:42:28'),(471,191,4,'Programa explicabo','2025-04-25 06:42:28','2025-04-25 06:42:28'),(472,191,1,'Programa excepturi','2025-04-25 06:42:28','2025-04-25 06:42:28'),(473,192,3,'Programa quidem','2025-04-25 06:42:28','2025-04-25 06:42:28'),(474,192,4,'Programa voluptate','2025-04-25 06:42:28','2025-04-25 06:42:28'),(475,193,1,'Programa provident','2025-04-25 06:42:28','2025-04-25 06:42:28'),(476,193,3,'Programa id','2025-04-25 06:42:28','2025-04-25 06:42:28'),(477,194,2,'Programa cum','2025-04-25 06:42:28','2025-04-25 06:42:28'),(478,194,2,'Programa tempore','2025-04-25 06:42:28','2025-04-25 06:42:28'),(479,195,2,'Programa laborum','2025-04-25 06:42:28','2025-04-25 06:42:28'),(480,195,3,'Programa expedita','2025-04-25 06:42:28','2025-04-25 06:42:28'),(481,196,3,'Programa ipsam','2025-04-25 06:42:28','2025-04-25 06:42:28'),(482,196,2,'Programa earum','2025-04-25 06:42:28','2025-04-25 06:42:28'),(483,197,2,'Programa nesciunt','2025-04-25 06:42:28','2025-04-25 06:42:28'),(484,197,2,'Programa sit','2025-04-25 06:42:28','2025-04-25 06:42:28'),(485,197,1,'Programa similique','2025-04-25 06:42:28','2025-04-25 06:42:28'),(486,198,3,'Programa corrupti','2025-04-25 06:42:28','2025-04-25 06:42:28'),(487,198,2,'Programa repellat','2025-04-25 06:42:28','2025-04-25 06:42:28'),(488,199,2,'Programa vero','2025-04-25 06:42:28','2025-04-25 06:42:28'),(489,199,3,'Programa ut','2025-04-25 06:42:28','2025-04-25 06:42:28'),(490,200,3,'Programa exercitationem','2025-04-25 06:42:28','2025-04-25 06:42:28'),(491,200,3,'Programa labore','2025-04-25 06:42:28','2025-04-25 06:42:28'),(492,201,3,'Programa quo','2025-04-25 06:42:28','2025-04-25 06:42:28'),(493,201,4,'Programa debitis','2025-04-25 06:42:28','2025-04-25 06:42:28'),(494,201,2,'Programa qui','2025-04-25 06:42:28','2025-04-25 06:42:28'),(495,202,1,'Programa iure','2025-04-25 06:42:28','2025-04-25 06:42:28'),(496,202,2,'Programa amet','2025-04-25 06:42:28','2025-04-25 06:42:28'),(497,203,3,'Programa et','2025-04-25 06:42:28','2025-04-25 06:42:28'),(498,203,2,'Programa deserunt','2025-04-25 06:42:28','2025-04-25 06:42:28'),(499,203,3,'Programa vero','2025-04-25 06:42:28','2025-04-25 06:42:28'),(500,204,3,'Programa natus','2025-04-25 06:42:28','2025-04-25 06:42:28'),(501,204,1,'Programa placeat','2025-04-25 06:42:28','2025-04-25 06:42:28'),(502,204,4,'Programa nihil','2025-04-25 06:42:28','2025-04-25 06:42:28'),(503,205,1,'Programa ut','2025-04-25 06:42:28','2025-04-25 06:42:28'),(504,205,1,'Programa minima','2025-04-25 06:42:28','2025-04-25 06:42:28'),(505,206,4,'Programa reprehenderit','2025-04-25 06:42:28','2025-04-25 06:42:28'),(506,206,4,'Programa nostrum','2025-04-25 06:42:28','2025-04-25 06:42:28'),(507,207,2,'Programa labore','2025-04-25 06:42:28','2025-04-25 06:42:28'),(508,207,1,'Programa voluptatem','2025-04-25 06:42:28','2025-04-25 06:42:28'),(509,207,3,'Programa autem','2025-04-25 06:42:28','2025-04-25 06:42:28'),(510,208,3,'Programa et','2025-04-25 06:42:28','2025-04-25 06:42:28'),(511,208,3,'Programa sit','2025-04-25 06:42:28','2025-04-25 06:42:28'),(512,208,1,'Programa non','2025-04-25 06:42:28','2025-04-25 06:42:28'),(513,209,4,'Programa placeat','2025-04-25 06:42:28','2025-04-25 06:42:28'),(514,209,1,'Programa quae','2025-04-25 06:42:28','2025-04-25 06:42:28'),(515,210,2,'Programa culpa','2025-04-25 06:42:28','2025-04-25 06:42:28'),(516,210,3,'Programa exercitationem','2025-04-25 06:42:28','2025-04-25 06:42:28'),(517,211,1,'Programa qui','2025-04-25 06:42:28','2025-04-25 06:42:28'),(518,211,3,'Programa debitis','2025-04-25 06:42:28','2025-04-25 06:42:28'),(519,212,2,'Programa aut','2025-04-25 06:42:28','2025-04-25 06:42:28'),(520,212,2,'Programa veritatis','2025-04-25 06:42:28','2025-04-25 06:42:28'),(521,212,4,'Programa amet','2025-04-25 06:42:28','2025-04-25 06:42:28'),(522,213,2,'Programa est','2025-04-25 06:42:28','2025-04-25 06:42:28'),(523,213,3,'Programa est','2025-04-25 06:42:28','2025-04-25 06:42:28'),(524,213,1,'Programa praesentium','2025-04-25 06:42:28','2025-04-25 06:42:28'),(525,214,2,'Programa beatae','2025-04-25 06:42:28','2025-04-25 06:42:28'),(526,214,1,'Programa non','2025-04-25 06:42:28','2025-04-25 06:42:28'),(527,214,4,'Programa tempora','2025-04-25 06:42:28','2025-04-25 06:42:28'),(528,215,4,'Programa laborum','2025-04-25 06:42:28','2025-04-25 06:42:28'),(529,215,3,'Programa vitae','2025-04-25 06:42:28','2025-04-25 06:42:28'),(530,215,1,'Programa rerum','2025-04-25 06:42:28','2025-04-25 06:42:28'),(531,216,2,'Programa ut','2025-04-25 06:42:28','2025-04-25 06:42:28'),(532,216,3,'Programa et','2025-04-25 06:42:28','2025-04-25 06:42:28'),(533,216,3,'Programa impedit','2025-04-25 06:42:28','2025-04-25 06:42:28'),(534,217,3,'Programa id','2025-04-25 06:42:28','2025-04-25 06:42:28'),(535,217,1,'Programa odit','2025-04-25 06:42:28','2025-04-25 06:42:28'),(536,218,4,'Programa aut','2025-04-25 06:42:28','2025-04-25 06:42:28'),(537,218,3,'Programa ab','2025-04-25 06:42:28','2025-04-25 06:42:28'),(538,219,1,'Programa eius','2025-04-25 06:42:28','2025-04-25 06:42:28'),(539,219,3,'Programa doloribus','2025-04-25 06:42:28','2025-04-25 06:42:28'),(540,219,2,'Programa excepturi','2025-04-25 06:42:28','2025-04-25 06:42:28'),(541,220,3,'Programa illum','2025-04-25 06:42:29','2025-04-25 06:42:29'),(542,220,4,'Programa sed','2025-04-25 06:42:29','2025-04-25 06:42:29'),(543,220,4,'Programa sed','2025-04-25 06:42:29','2025-04-25 06:42:29'),(544,221,4,'Programa cumque','2025-04-25 06:42:29','2025-04-25 06:42:29'),(545,221,3,'Programa nostrum','2025-04-25 06:42:29','2025-04-25 06:42:29'),(546,222,2,'Programa qui','2025-04-25 06:42:29','2025-04-25 06:42:29'),(547,222,3,'Programa culpa','2025-04-25 06:42:29','2025-04-25 06:42:29'),(548,222,3,'Programa consectetur','2025-04-25 06:42:29','2025-04-25 06:42:29'),(549,223,1,'Programa suscipit','2025-04-25 06:42:29','2025-04-25 06:42:29'),(550,223,1,'Programa quia','2025-04-25 06:42:29','2025-04-25 06:42:29'),(551,223,2,'Programa modi','2025-04-25 06:42:29','2025-04-25 06:42:29'),(552,224,4,'Programa suscipit','2025-04-25 06:42:29','2025-04-25 06:42:29'),(553,224,3,'Programa dolorum','2025-04-25 06:42:29','2025-04-25 06:42:29'),(554,225,4,'Programa cum','2025-04-25 06:42:29','2025-04-25 06:42:29'),(555,225,4,'Programa minima','2025-04-25 06:42:29','2025-04-25 06:42:29'),(556,225,4,'Programa fugit','2025-04-25 06:42:29','2025-04-25 06:42:29'),(557,226,2,'Programa ex','2025-04-25 06:42:29','2025-04-25 06:42:29'),(558,226,4,'Programa cupiditate','2025-04-25 06:42:29','2025-04-25 06:42:29'),(559,226,2,'Programa voluptate','2025-04-25 06:42:29','2025-04-25 06:42:29'),(560,227,1,'Programa commodi','2025-04-25 06:42:29','2025-04-25 06:42:29'),(561,227,1,'Programa hic','2025-04-25 06:42:29','2025-04-25 06:42:29'),(562,228,4,'Programa nemo','2025-04-25 06:42:29','2025-04-25 06:42:29'),(563,228,3,'Programa consequatur','2025-04-25 06:42:29','2025-04-25 06:42:29'),(564,229,4,'Programa architecto','2025-04-25 06:42:29','2025-04-25 06:42:29'),(565,229,2,'Programa reprehenderit','2025-04-25 06:42:29','2025-04-25 06:42:29'),(566,229,3,'Programa nihil','2025-04-25 06:42:29','2025-04-25 06:42:29'),(567,230,1,'Programa perferendis','2025-04-25 06:42:29','2025-04-25 06:42:29'),(568,230,4,'Programa velit','2025-04-25 06:42:29','2025-04-25 06:42:29'),(569,230,4,'Programa consequatur','2025-04-25 06:42:29','2025-04-25 06:42:29'),(570,231,3,'Programa illum','2025-04-25 06:42:29','2025-04-25 06:42:29'),(571,231,2,'Programa occaecati','2025-04-25 06:42:29','2025-04-25 06:42:29'),(572,232,1,'Programa sint','2025-04-25 06:42:29','2025-04-25 06:42:29'),(573,232,1,'Programa aliquid','2025-04-25 06:42:29','2025-04-25 06:42:29'),(574,232,2,'Programa nam','2025-04-25 06:42:29','2025-04-25 06:42:29'),(575,233,1,'Programa ea','2025-04-25 06:42:29','2025-04-25 06:42:29'),(576,233,3,'Programa pariatur','2025-04-25 06:42:29','2025-04-25 06:42:29'),(577,233,3,'Programa enim','2025-04-25 06:42:29','2025-04-25 06:42:29'),(578,234,4,'Programa aspernatur','2025-04-25 06:42:29','2025-04-25 06:42:29'),(579,234,1,'Programa id','2025-04-25 06:42:29','2025-04-25 06:42:29'),(580,235,3,'Programa ipsum','2025-04-25 06:42:29','2025-04-25 06:42:29'),(581,235,1,'Programa earum','2025-04-25 06:42:29','2025-04-25 06:42:29'),(582,236,2,'Programa deserunt','2025-04-25 06:42:29','2025-04-25 06:42:29'),(583,236,4,'Programa placeat','2025-04-25 06:42:29','2025-04-25 06:42:29'),(584,236,2,'Programa et','2025-04-25 06:42:29','2025-04-25 06:42:29'),(585,237,3,'Programa nisi','2025-04-25 06:42:29','2025-04-25 06:42:29'),(586,237,3,'Programa sunt','2025-04-25 06:42:29','2025-04-25 06:42:29'),(587,237,4,'Programa nihil','2025-04-25 06:42:29','2025-04-25 06:42:29'),(588,238,2,'Programa vitae','2025-04-25 06:42:29','2025-04-25 06:42:29'),(589,238,2,'Programa non','2025-04-25 06:42:29','2025-04-25 06:42:29'),(590,238,3,'Programa quia','2025-04-25 06:42:29','2025-04-25 06:42:29'),(591,239,2,'Programa facilis','2025-04-25 06:42:29','2025-04-25 06:42:29'),(592,239,4,'Programa quia','2025-04-25 06:42:29','2025-04-25 06:42:29'),(593,240,4,'Programa laboriosam','2025-04-25 06:42:29','2025-04-25 06:42:29'),(594,240,2,'Programa nam','2025-04-25 06:42:29','2025-04-25 06:42:29'),(595,241,4,'Programa optio','2025-04-25 06:42:29','2025-04-25 06:42:29'),(596,241,1,'Programa cupiditate','2025-04-25 06:42:29','2025-04-25 06:42:29'),(597,242,4,'Programa commodi','2025-04-25 06:42:29','2025-04-25 06:42:29'),(598,242,1,'Programa ea','2025-04-25 06:42:29','2025-04-25 06:42:29'),(599,243,2,'Programa occaecati','2025-04-25 06:42:29','2025-04-25 06:42:29'),(600,243,1,'Programa quisquam','2025-04-25 06:42:29','2025-04-25 06:42:29'),(601,243,1,'Programa laboriosam','2025-04-25 06:42:29','2025-04-25 06:42:29'),(602,244,2,'Programa iste','2025-04-25 06:42:29','2025-04-25 06:42:29'),(603,244,2,'Programa et','2025-04-25 06:42:29','2025-04-25 06:42:29'),(604,245,2,'Programa error','2025-04-25 06:42:29','2025-04-25 06:42:29'),(605,245,3,'Programa expedita','2025-04-25 06:42:29','2025-04-25 06:42:29'),(606,245,2,'Programa sed','2025-04-25 06:42:29','2025-04-25 06:42:29'),(607,246,1,'Programa esse','2025-04-25 06:42:29','2025-04-25 06:42:29'),(608,246,1,'Programa sed','2025-04-25 06:42:29','2025-04-25 06:42:29'),(609,247,4,'Programa eaque','2025-04-25 06:42:29','2025-04-25 06:42:29'),(610,247,2,'Programa quia','2025-04-25 06:42:29','2025-04-25 06:42:29'),(611,248,2,'Programa reprehenderit','2025-04-25 06:42:29','2025-04-25 06:42:29'),(612,248,4,'Programa voluptatem','2025-04-25 06:42:29','2025-04-25 06:42:29'),(613,248,4,'Programa vero','2025-04-25 06:42:29','2025-04-25 06:42:29'),(614,249,1,'Programa eum','2025-04-25 06:42:29','2025-04-25 06:42:29'),(615,249,1,'Programa explicabo','2025-04-25 06:42:29','2025-04-25 06:42:29'),(616,249,4,'Programa et','2025-04-25 06:42:29','2025-04-25 06:42:29'),(617,250,3,'Programa rerum','2025-04-25 06:42:29','2025-04-25 06:42:29'),(618,250,4,'Programa aut','2025-04-25 06:42:29','2025-04-25 06:42:29'),(619,250,2,'Programa earum','2025-04-25 06:42:29','2025-04-25 06:42:29'),(620,251,2,'Programa fuga','2025-04-25 06:42:29','2025-04-25 06:42:29'),(621,251,3,'Programa sed','2025-04-25 06:42:29','2025-04-25 06:42:29'),(622,251,1,'Programa consequatur','2025-04-25 06:42:29','2025-04-25 06:42:29'),(623,252,1,'Programa quia','2025-04-25 06:42:29','2025-04-25 06:42:29'),(624,252,1,'Programa aspernatur','2025-04-25 06:42:29','2025-04-25 06:42:29'),(625,253,2,'Programa rerum','2025-04-25 06:42:29','2025-04-25 06:42:29'),(626,253,2,'Programa molestias','2025-04-25 06:42:29','2025-04-25 06:42:29'),(627,253,2,'Programa et','2025-04-25 06:42:29','2025-04-25 06:42:29'),(628,254,1,'Programa et','2025-04-25 06:42:29','2025-04-25 06:42:29'),(629,254,4,'Programa blanditiis','2025-04-25 06:42:29','2025-04-25 06:42:29'),(630,254,1,'Programa maiores','2025-04-25 06:42:29','2025-04-25 06:42:29'),(631,255,1,'Programa nobis','2025-04-25 06:42:29','2025-04-25 06:42:29'),(632,255,1,'Programa quia','2025-04-25 06:42:29','2025-04-25 06:42:29'),(633,255,2,'Programa illo','2025-04-25 06:42:29','2025-04-25 06:42:29'),(634,256,2,'Programa sed','2025-04-25 06:42:29','2025-04-25 06:42:29'),(635,256,4,'Programa laborum','2025-04-25 06:42:29','2025-04-25 06:42:29'),(636,257,1,'Programa voluptate','2025-04-25 06:42:29','2025-04-25 06:42:29'),(637,257,4,'Programa voluptatem','2025-04-25 06:42:29','2025-04-25 06:42:29'),(638,257,1,'Programa molestias','2025-04-25 06:42:29','2025-04-25 06:42:29'),(639,258,1,'Programa ad','2025-04-25 06:42:29','2025-04-25 06:42:29'),(640,258,1,'Programa nemo','2025-04-25 06:42:29','2025-04-25 06:42:29'),(641,258,1,'Programa nemo','2025-04-25 06:42:29','2025-04-25 06:42:29'),(642,259,3,'Programa ex','2025-04-25 06:42:29','2025-04-25 06:42:29'),(643,259,3,'Programa molestias','2025-04-25 06:42:29','2025-04-25 06:42:29'),(644,260,3,'Programa ut','2025-04-25 06:42:29','2025-04-25 06:42:29'),(645,260,2,'Programa beatae','2025-04-25 06:42:29','2025-04-25 06:42:29'),(646,260,1,'Programa nostrum','2025-04-25 06:42:29','2025-04-25 06:42:29'),(647,261,2,'Programa odio','2025-04-25 06:42:29','2025-04-25 06:42:29'),(648,261,3,'Programa consequatur','2025-04-25 06:42:29','2025-04-25 06:42:29'),(649,262,2,'Programa voluptatem','2025-04-25 06:42:29','2025-04-25 06:42:29'),(650,262,2,'Programa nisi','2025-04-25 06:42:29','2025-04-25 06:42:29'),(651,262,3,'Programa sit','2025-04-25 06:42:29','2025-04-25 06:42:29'),(652,263,2,'Programa quae','2025-04-25 06:42:29','2025-04-25 06:42:29'),(653,263,4,'Programa sapiente','2025-04-25 06:42:29','2025-04-25 06:42:29'),(654,264,4,'Programa rerum','2025-04-25 06:42:29','2025-04-25 06:42:29'),(655,264,2,'Programa neque','2025-04-25 06:42:29','2025-04-25 06:42:29'),(656,264,4,'Programa dicta','2025-04-25 06:42:29','2025-04-25 06:42:29'),(657,265,1,'Programa culpa','2025-04-25 06:42:29','2025-04-25 06:42:29'),(658,265,3,'Programa veritatis','2025-04-25 06:42:29','2025-04-25 06:42:29'),(659,266,4,'Programa maiores','2025-04-25 06:42:30','2025-04-25 06:42:30'),(660,266,4,'Programa est','2025-04-25 06:42:30','2025-04-25 06:42:30'),(661,266,3,'Programa enim','2025-04-25 06:42:30','2025-04-25 06:42:30'),(662,267,3,'Programa vel','2025-04-25 06:42:30','2025-04-25 06:42:30'),(663,267,2,'Programa provident','2025-04-25 06:42:30','2025-04-25 06:42:30'),(664,267,2,'Programa iure','2025-04-25 06:42:30','2025-04-25 06:42:30'),(665,268,4,'Programa sequi','2025-04-25 06:42:30','2025-04-25 06:42:30'),(666,268,2,'Programa voluptatibus','2025-04-25 06:42:30','2025-04-25 06:42:30'),(667,269,1,'Programa aliquid','2025-04-25 06:42:30','2025-04-25 06:42:30'),(668,269,1,'Programa nostrum','2025-04-25 06:42:30','2025-04-25 06:42:30'),(669,270,2,'Programa sit','2025-04-25 06:42:30','2025-04-25 06:42:30'),(670,270,4,'Programa quos','2025-04-25 06:42:30','2025-04-25 06:42:30'),(671,271,4,'Programa fugiat','2025-04-25 06:42:30','2025-04-25 06:42:30'),(672,271,4,'Programa et','2025-04-25 06:42:30','2025-04-25 06:42:30'),(673,271,4,'Programa quam','2025-04-25 06:42:30','2025-04-25 06:42:30'),(674,272,1,'Programa voluptatem','2025-04-25 06:42:30','2025-04-25 06:42:30'),(675,272,1,'Programa necessitatibus','2025-04-25 06:42:30','2025-04-25 06:42:30'),(676,273,2,'Programa impedit','2025-04-25 06:42:30','2025-04-25 06:42:30'),(677,273,2,'Programa omnis','2025-04-25 06:42:30','2025-04-25 06:42:30'),(678,274,2,'Programa numquam','2025-04-25 06:42:30','2025-04-25 06:42:30'),(679,274,1,'Programa dignissimos','2025-04-25 06:42:30','2025-04-25 06:42:30'),(680,275,4,'Programa minima','2025-04-25 06:42:30','2025-04-25 06:42:30'),(681,275,2,'Programa quidem','2025-04-25 06:42:30','2025-04-25 06:42:30'),(682,276,4,'Programa amet','2025-04-25 06:42:30','2025-04-25 06:42:30'),(683,276,3,'Programa magni','2025-04-25 06:42:30','2025-04-25 06:42:30'),(684,277,3,'Programa iste','2025-04-25 06:42:30','2025-04-25 06:42:30'),(685,277,2,'Programa laborum','2025-04-25 06:42:30','2025-04-25 06:42:30'),(686,277,4,'Programa voluptatibus','2025-04-25 06:42:30','2025-04-25 06:42:30'),(687,278,4,'Programa qui','2025-04-25 06:42:30','2025-04-25 06:42:30'),(688,278,3,'Programa aut','2025-04-25 06:42:30','2025-04-25 06:42:30'),(689,278,1,'Programa velit','2025-04-25 06:42:30','2025-04-25 06:42:30'),(690,279,3,'Programa enim','2025-04-25 06:42:30','2025-04-25 06:42:30'),(691,279,4,'Programa sequi','2025-04-25 06:42:30','2025-04-25 06:42:30'),(692,280,1,'Programa aliquid','2025-04-25 06:42:30','2025-04-25 06:42:30'),(693,280,2,'Programa eius','2025-04-25 06:42:30','2025-04-25 06:42:30'),(694,280,2,'Programa qui','2025-04-25 06:42:30','2025-04-25 06:42:30'),(695,281,3,'Programa rerum','2025-04-25 06:42:30','2025-04-25 06:42:30'),(696,281,1,'Programa aliquam','2025-04-25 06:42:30','2025-04-25 06:42:30'),(697,282,3,'Programa suscipit','2025-04-25 06:42:30','2025-04-25 06:42:30'),(698,282,4,'Programa illum','2025-04-25 06:42:30','2025-04-25 06:42:30'),(699,282,3,'Programa porro','2025-04-25 06:42:30','2025-04-25 06:42:30'),(700,283,4,'Programa non','2025-04-25 06:42:30','2025-04-25 06:42:30'),(701,283,1,'Programa hic','2025-04-25 06:42:30','2025-04-25 06:42:30'),(702,283,2,'Programa odit','2025-04-25 06:42:30','2025-04-25 06:42:30'),(703,284,2,'Programa ut','2025-04-25 06:42:30','2025-04-25 06:42:30'),(704,284,1,'Programa quisquam','2025-04-25 06:42:30','2025-04-25 06:42:30'),(705,284,1,'Programa dolorem','2025-04-25 06:42:30','2025-04-25 06:42:30'),(706,285,2,'Programa voluptas','2025-04-25 06:42:30','2025-04-25 06:42:30'),(707,285,4,'Programa doloremque','2025-04-25 06:42:30','2025-04-25 06:42:30'),(708,285,2,'Programa nihil','2025-04-25 06:42:30','2025-04-25 06:42:30'),(709,286,2,'Programa debitis','2025-04-25 06:42:30','2025-04-25 06:42:30'),(710,286,1,'Programa molestias','2025-04-25 06:42:30','2025-04-25 06:42:30'),(711,286,4,'Programa a','2025-04-25 06:42:30','2025-04-25 06:42:30'),(712,287,1,'Programa aliquam','2025-04-25 06:42:30','2025-04-25 06:42:30'),(713,287,1,'Programa et','2025-04-25 06:42:30','2025-04-25 06:42:30'),(714,287,3,'Programa ratione','2025-04-25 06:42:30','2025-04-25 06:42:30'),(715,288,2,'Programa facere','2025-04-25 06:42:30','2025-04-25 06:42:30'),(716,288,1,'Programa modi','2025-04-25 06:42:30','2025-04-25 06:42:30'),(717,288,2,'Programa ut','2025-04-25 06:42:30','2025-04-25 06:42:30'),(718,289,3,'Programa numquam','2025-04-25 06:42:30','2025-04-25 06:42:30'),(719,289,1,'Programa laborum','2025-04-25 06:42:30','2025-04-25 06:42:30'),(720,290,2,'Programa non','2025-04-25 06:42:30','2025-04-25 06:42:30'),(721,290,4,'Programa vel','2025-04-25 06:42:30','2025-04-25 06:42:30'),(722,291,1,'Programa eos','2025-04-25 06:42:30','2025-04-25 06:42:30'),(723,291,3,'Programa veritatis','2025-04-25 06:42:30','2025-04-25 06:42:30'),(724,292,1,'Programa qui','2025-04-25 06:42:30','2025-04-25 06:42:30'),(725,292,3,'Programa et','2025-04-25 06:42:30','2025-04-25 06:42:30'),(726,293,1,'Programa velit','2025-04-25 06:42:30','2025-04-25 06:42:30'),(727,293,3,'Programa animi','2025-04-25 06:42:30','2025-04-25 06:42:30'),(728,293,2,'Programa aut','2025-04-25 06:42:30','2025-04-25 06:42:30'),(729,294,3,'Programa eum','2025-04-25 06:42:30','2025-04-25 06:42:30'),(730,294,1,'Programa incidunt','2025-04-25 06:42:30','2025-04-25 06:42:30'),(731,295,1,'Programa eligendi','2025-04-25 06:42:30','2025-04-25 06:42:30'),(732,295,2,'Programa eos','2025-04-25 06:42:30','2025-04-25 06:42:30'),(733,295,1,'Programa eius','2025-04-25 06:42:30','2025-04-25 06:42:30'),(734,296,2,'Programa perferendis','2025-04-25 06:42:30','2025-04-25 06:42:30'),(735,296,1,'Programa eveniet','2025-04-25 06:42:30','2025-04-25 06:42:30'),(736,297,2,'Programa fugit','2025-04-25 06:42:30','2025-04-25 06:42:30'),(737,297,3,'Programa deleniti','2025-04-25 06:42:30','2025-04-25 06:42:30'),(738,298,4,'Programa beatae','2025-04-25 06:42:30','2025-04-25 06:42:30'),(739,298,3,'Programa ea','2025-04-25 06:42:30','2025-04-25 06:42:30'),(740,298,4,'Programa beatae','2025-04-25 06:42:30','2025-04-25 06:42:30'),(741,299,2,'Programa molestiae','2025-04-25 06:42:30','2025-04-25 06:42:30'),(742,299,3,'Programa modi','2025-04-25 06:42:30','2025-04-25 06:42:30'),(743,300,3,'Programa asperiores','2025-04-25 06:42:30','2025-04-25 06:42:30'),(744,300,2,'Programa veniam','2025-04-25 06:42:30','2025-04-25 06:42:30'),(745,300,1,'Programa amet','2025-04-25 06:42:30','2025-04-25 06:42:30'),(746,301,3,'Programa laborum','2025-04-25 06:42:30','2025-04-25 06:42:30'),(747,301,3,'Programa molestiae','2025-04-25 06:42:30','2025-04-25 06:42:30'),(748,301,3,'Programa provident','2025-04-25 06:42:30','2025-04-25 06:42:30'),(749,302,1,'Programa voluptas','2025-04-25 06:42:30','2025-04-25 06:42:30'),(750,302,2,'Programa ipsam','2025-04-25 06:42:30','2025-04-25 06:42:30'),(751,303,4,'Programa commodi','2025-04-25 06:42:30','2025-04-25 06:42:30'),(752,303,3,'Programa facilis','2025-04-25 06:42:30','2025-04-25 06:42:30'),(753,304,2,'Programa rerum','2025-04-25 06:42:30','2025-04-25 06:42:30'),(754,304,4,'Programa reiciendis','2025-04-25 06:42:30','2025-04-25 06:42:30'),(755,304,3,'Programa est','2025-04-25 06:42:30','2025-04-25 06:42:30'),(756,305,1,'Programa atque','2025-04-25 06:42:30','2025-04-25 06:42:30'),(757,305,1,'Programa voluptate','2025-04-25 06:42:30','2025-04-25 06:42:30'),(758,305,2,'Programa sint','2025-04-25 06:42:30','2025-04-25 06:42:30'),(759,306,2,'Programa aut','2025-04-25 06:42:30','2025-04-25 06:42:30'),(760,306,1,'Programa est','2025-04-25 06:42:30','2025-04-25 06:42:30'),(761,306,2,'Programa debitis','2025-04-25 06:42:30','2025-04-25 06:42:30'),(762,307,2,'Programa voluptatum','2025-04-25 06:42:30','2025-04-25 06:42:30'),(763,307,3,'Programa modi','2025-04-25 06:42:30','2025-04-25 06:42:30'),(764,308,2,'Programa reiciendis','2025-04-25 06:42:30','2025-04-25 06:42:30'),(765,308,2,'Programa sit','2025-04-25 06:42:30','2025-04-25 06:42:30'),(766,308,4,'Programa ea','2025-04-25 06:42:30','2025-04-25 06:42:30'),(767,309,3,'Programa facere','2025-04-25 06:42:30','2025-04-25 06:42:30'),(768,309,1,'Programa esse','2025-04-25 06:42:30','2025-04-25 06:42:30'),(769,309,1,'Programa consequatur','2025-04-25 06:42:30','2025-04-25 06:42:30'),(770,310,2,'Programa tempore','2025-04-25 06:42:30','2025-04-25 06:42:30'),(771,310,3,'Programa neque','2025-04-25 06:42:30','2025-04-25 06:42:30'),(772,310,3,'Programa sequi','2025-04-25 06:42:31','2025-04-25 06:42:31'),(773,311,2,'Programa consectetur','2025-04-25 06:42:31','2025-04-25 06:42:31'),(774,311,1,'Programa aut','2025-04-25 06:42:31','2025-04-25 06:42:31'),(775,312,4,'Programa qui','2025-04-25 06:42:31','2025-04-25 06:42:31'),(776,312,4,'Programa et','2025-04-25 06:42:31','2025-04-25 06:42:31'),(777,313,3,'Programa ut','2025-04-25 06:42:31','2025-04-25 06:42:31'),(778,313,3,'Programa et','2025-04-25 06:42:31','2025-04-25 06:42:31'),(779,314,2,'Programa dolores','2025-04-25 06:42:31','2025-04-25 06:42:31'),(780,314,1,'Programa voluptas','2025-04-25 06:42:31','2025-04-25 06:42:31'),(781,314,1,'Programa necessitatibus','2025-04-25 06:42:31','2025-04-25 06:42:31'),(782,315,1,'Programa modi','2025-04-25 06:42:31','2025-04-25 06:42:31'),(783,315,3,'Programa rerum','2025-04-25 06:42:31','2025-04-25 06:42:31'),(784,316,3,'Programa porro','2025-04-25 06:42:31','2025-04-25 06:42:31'),(785,316,4,'Programa ex','2025-04-25 06:42:31','2025-04-25 06:42:31'),(786,317,4,'Programa officia','2025-04-25 06:42:31','2025-04-25 06:42:31'),(787,317,3,'Programa magnam','2025-04-25 06:42:31','2025-04-25 06:42:31'),(788,318,2,'Programa sed','2025-04-25 06:42:31','2025-04-25 06:42:31'),(789,318,1,'Programa soluta','2025-04-25 06:42:31','2025-04-25 06:42:31'),(790,318,4,'Programa perferendis','2025-04-25 06:42:31','2025-04-25 06:42:31'),(791,319,3,'Programa veritatis','2025-04-25 06:42:31','2025-04-25 06:42:31'),(792,319,1,'Programa sapiente','2025-04-25 06:42:31','2025-04-25 06:42:31'),(793,320,1,'Programa iste','2025-04-25 06:42:31','2025-04-25 06:42:31'),(794,320,4,'Programa ut','2025-04-25 06:42:31','2025-04-25 06:42:31'),(795,321,2,'Programa ut','2025-04-25 06:42:31','2025-04-25 06:42:31'),(796,321,2,'Programa odit','2025-04-25 06:42:31','2025-04-25 06:42:31'),(797,322,3,'Programa sunt','2025-04-25 06:42:31','2025-04-25 06:42:31'),(798,322,3,'Programa at','2025-04-25 06:42:31','2025-04-25 06:42:31'),(799,322,1,'Programa voluptatem','2025-04-25 06:42:31','2025-04-25 06:42:31'),(800,323,3,'Programa dolorem','2025-04-25 06:42:31','2025-04-25 06:42:31'),(801,323,3,'Programa possimus','2025-04-25 06:42:31','2025-04-25 06:42:31'),(802,323,2,'Programa ipsa','2025-04-25 06:42:31','2025-04-25 06:42:31'),(803,324,4,'Programa aspernatur','2025-04-25 06:42:31','2025-04-25 06:42:31'),(804,324,1,'Programa id','2025-04-25 06:42:31','2025-04-25 06:42:31'),(805,325,1,'Programa eaque','2025-04-25 06:42:31','2025-04-25 06:42:31'),(806,325,2,'Programa quia','2025-04-25 06:42:31','2025-04-25 06:42:31'),(807,325,4,'Programa numquam','2025-04-25 06:42:31','2025-04-25 06:42:31'),(808,326,2,'Programa aperiam','2025-04-25 06:42:31','2025-04-25 06:42:31'),(809,326,4,'Programa saepe','2025-04-25 06:42:31','2025-04-25 06:42:31'),(810,326,3,'Programa et','2025-04-25 06:42:31','2025-04-25 06:42:31'),(811,327,3,'Programa quae','2025-04-25 06:42:31','2025-04-25 06:42:31'),(812,327,2,'Programa quasi','2025-04-25 06:42:31','2025-04-25 06:42:31'),(813,327,2,'Programa aspernatur','2025-04-25 06:42:31','2025-04-25 06:42:31'),(814,328,3,'Programa debitis','2025-04-25 06:42:31','2025-04-25 06:42:31'),(815,328,4,'Programa incidunt','2025-04-25 06:42:31','2025-04-25 06:42:31'),(816,328,3,'Programa accusantium','2025-04-25 06:42:31','2025-04-25 06:42:31'),(817,329,4,'Programa illo','2025-04-25 06:42:31','2025-04-25 06:42:31'),(818,329,4,'Programa unde','2025-04-25 06:42:31','2025-04-25 06:42:31'),(819,329,2,'Programa distinctio','2025-04-25 06:42:31','2025-04-25 06:42:31'),(820,330,3,'Programa tempore','2025-04-25 06:42:31','2025-04-25 06:42:31'),(821,330,1,'Programa possimus','2025-04-25 06:42:31','2025-04-25 06:42:31'),(822,330,1,'Programa facere','2025-04-25 06:42:31','2025-04-25 06:42:31'),(823,331,3,'Programa enim','2025-04-25 06:42:31','2025-04-25 06:42:31'),(824,331,3,'Programa fugiat','2025-04-25 06:42:31','2025-04-25 06:42:31'),(825,331,4,'Programa consectetur','2025-04-25 06:42:31','2025-04-25 06:42:31'),(826,332,4,'Programa facilis','2025-04-25 06:42:31','2025-04-25 06:42:31'),(827,332,1,'Programa velit','2025-04-25 06:42:31','2025-04-25 06:42:31'),(828,333,3,'Programa voluptatem','2025-04-25 06:42:31','2025-04-25 06:42:31'),(829,333,3,'Programa placeat','2025-04-25 06:42:31','2025-04-25 06:42:31'),(830,333,3,'Programa aliquid','2025-04-25 06:42:31','2025-04-25 06:42:31'),(831,334,1,'Programa et','2025-04-25 06:42:31','2025-04-25 06:42:31'),(832,334,4,'Programa qui','2025-04-25 06:42:31','2025-04-25 06:42:31'),(833,335,3,'Programa ea','2025-04-25 06:42:31','2025-04-25 06:42:31'),(834,335,4,'Programa exercitationem','2025-04-25 06:42:31','2025-04-25 06:42:31'),(835,335,4,'Programa ut','2025-04-25 06:42:31','2025-04-25 06:42:31'),(836,336,4,'Programa modi','2025-04-25 06:42:31','2025-04-25 06:42:31'),(837,336,1,'Programa harum','2025-04-25 06:42:31','2025-04-25 06:42:31'),(838,336,3,'Programa et','2025-04-25 06:42:31','2025-04-25 06:42:31'),(839,337,4,'Programa sit','2025-04-25 06:42:31','2025-04-25 06:42:31'),(840,337,1,'Programa incidunt','2025-04-25 06:42:31','2025-04-25 06:42:31'),(841,337,4,'Programa non','2025-04-25 06:42:31','2025-04-25 06:42:31'),(842,338,4,'Programa ab','2025-04-25 06:42:31','2025-04-25 06:42:31'),(843,338,2,'Programa omnis','2025-04-25 06:42:31','2025-04-25 06:42:31'),(844,338,3,'Programa laudantium','2025-04-25 06:42:31','2025-04-25 06:42:31'),(845,339,1,'Programa soluta','2025-04-25 06:42:31','2025-04-25 06:42:31'),(846,339,1,'Programa aut','2025-04-25 06:42:31','2025-04-25 06:42:31'),(847,340,4,'Programa dolores','2025-04-25 06:42:31','2025-04-25 06:42:31'),(848,340,1,'Programa est','2025-04-25 06:42:31','2025-04-25 06:42:31'),(849,340,1,'Programa qui','2025-04-25 06:42:31','2025-04-25 06:42:31');
/*!40000 ALTER TABLE `programs` ENABLE KEYS */;
UNLOCK TABLES;

--
-- Table structure for table `role_has_permissions`
--

DROP TABLE IF EXISTS `role_has_permissions`;
/*!40101 SET @saved_cs_client     = @@character_set_client */;
/*!50503 SET character_set_client = utf8mb4 */;
CREATE TABLE `role_has_permissions` (
  `permission_id` bigint unsigned NOT NULL,
  `role_id` bigint unsigned NOT NULL,
  PRIMARY KEY (`permission_id`,`role_id`),
  KEY `role_has_permissions_role_id_foreign` (`role_id`),
  CONSTRAINT `role_has_permissions_permission_id_foreign` FOREIGN KEY (`permission_id`) REFERENCES `permissions` (`id`) ON DELETE CASCADE,
  CONSTRAINT `role_has_permissions_role_id_foreign` FOREIGN KEY (`role_id`) REFERENCES `roles` (`id`) ON DELETE CASCADE
) ENGINE=InnoDB DEFAULT CHARSET=utf8mb4 COLLATE=utf8mb4_unicode_ci;
/*!40101 SET character_set_client = @saved_cs_client */;

--
-- Dumping data for table `role_has_permissions`
--

LOCK TABLES `role_has_permissions` WRITE;
/*!40000 ALTER TABLE `role_has_permissions` DISABLE KEYS */;
/*!40000 ALTER TABLE `role_has_permissions` ENABLE KEYS */;
UNLOCK TABLES;

--
-- Table structure for table `roles`
--

DROP TABLE IF EXISTS `roles`;
/*!40101 SET @saved_cs_client     = @@character_set_client */;
/*!50503 SET character_set_client = utf8mb4 */;
CREATE TABLE `roles` (
  `id` bigint unsigned NOT NULL AUTO_INCREMENT,
  `name` varchar(191) COLLATE utf8mb4_unicode_ci NOT NULL,
  `fullname` varchar(191) COLLATE utf8mb4_unicode_ci NOT NULL,
  `guard_name` varchar(191) COLLATE utf8mb4_unicode_ci NOT NULL,
  `created_at` timestamp NULL DEFAULT NULL,
  `updated_at` timestamp NULL DEFAULT NULL,
  PRIMARY KEY (`id`),
  UNIQUE KEY `roles_name_guard_name_unique` (`name`,`guard_name`)
) ENGINE=InnoDB AUTO_INCREMENT=3 DEFAULT CHARSET=utf8mb4 COLLATE=utf8mb4_unicode_ci;
/*!40101 SET character_set_client = @saved_cs_client */;

--
-- Dumping data for table `roles`
--

LOCK TABLES `roles` WRITE;
/*!40000 ALTER TABLE `roles` DISABLE KEYS */;
INSERT INTO `roles` VALUES (1,'superadmin','Administrador del Sistema','admin','2025-04-25 06:42:36','2025-04-25 06:42:36'),(2,'graduate','Estudiante Graduado','web','2025-04-25 06:42:36','2025-04-25 06:42:36');
/*!40000 ALTER TABLE `roles` ENABLE KEYS */;
UNLOCK TABLES;

--
-- Table structure for table `states`
--

DROP TABLE IF EXISTS `states`;
/*!40101 SET @saved_cs_client     = @@character_set_client */;
/*!50503 SET character_set_client = utf8mb4 */;
CREATE TABLE `states` (
  `id` int unsigned NOT NULL AUTO_INCREMENT,
  `country_id` mediumint unsigned DEFAULT NULL,
  `name` varchar(80) COLLATE utf8mb4_unicode_ci NOT NULL,
  `slug` varchar(191) COLLATE utf8mb4_unicode_ci NOT NULL,
  `created_at` timestamp NULL DEFAULT NULL,
  `updated_at` timestamp NULL DEFAULT NULL,
  PRIMARY KEY (`id`),
  UNIQUE KEY `unique_countries` (`country_id`,`name`),
  CONSTRAINT `states_country_id_foreign` FOREIGN KEY (`country_id`) REFERENCES `countries` (`id`) ON DELETE SET NULL ON UPDATE CASCADE
) ENGINE=InnoDB AUTO_INCREMENT=79 DEFAULT CHARSET=utf8mb4 COLLATE=utf8mb4_unicode_ci;
/*!40101 SET character_set_client = @saved_cs_client */;

--
-- Dumping data for table `states`
--

LOCK TABLES `states` WRITE;
/*!40000 ALTER TABLE `states` DISABLE KEYS */;
INSERT INTO `states` VALUES (1,30,'Norte de Santander','nsa','2025-04-25 06:42:17','2025-04-25 06:42:17'),(2,1,'quia quas','accusantium','2025-04-25 06:42:17','2025-04-25 06:42:17'),(3,1,'tenetur qui','quia-ipsa','2025-04-25 06:42:17','2025-04-25 06:42:17'),(4,2,'quo dolorem','harum-et','2025-04-25 06:42:17','2025-04-25 06:42:17'),(5,2,'itaque omnis','dolore-nemo','2025-04-25 06:42:17','2025-04-25 06:42:17'),(6,2,'eveniet vero','quibusdam','2025-04-25 06:42:17','2025-04-25 06:42:17'),(7,3,'facere voluptatibus','voluptas-hic','2025-04-25 06:42:17','2025-04-25 06:42:17'),(8,3,'sequi ea','delectus-non','2025-04-25 06:42:17','2025-04-25 06:42:17'),(9,3,'quis at','temporibus-sint','2025-04-25 06:42:17','2025-04-25 06:42:17'),(10,4,'perspiciatis temporibus','expedita','2025-04-25 06:42:17','2025-04-25 06:42:17'),(11,4,'ipsam voluptatibus','voluptas','2025-04-25 06:42:17','2025-04-25 06:42:17'),(12,4,'natus consectetur','ut','2025-04-25 06:42:17','2025-04-25 06:42:17'),(13,5,'nisi et','praesentium','2025-04-25 06:42:17','2025-04-25 06:42:17'),(14,5,'non unde','incidunt-ab','2025-04-25 06:42:17','2025-04-25 06:42:17'),(15,5,'corrupti ipsa','rerum','2025-04-25 06:42:17','2025-04-25 06:42:17'),(16,6,'quia rerum','nobis-omnis','2025-04-25 06:42:17','2025-04-25 06:42:17'),(17,6,'deserunt laboriosam','excepturi','2025-04-25 06:42:17','2025-04-25 06:42:17'),(18,7,'sed dolor','accusantium-et','2025-04-25 06:42:17','2025-04-25 06:42:17'),(19,7,'omnis aspernatur','quaerat','2025-04-25 06:42:17','2025-04-25 06:42:17'),(20,7,'asperiores dicta','dolor-quis','2025-04-25 06:42:17','2025-04-25 06:42:17'),(21,8,'nobis quia','iusto-quasi','2025-04-25 06:42:17','2025-04-25 06:42:17'),(22,8,'aut ut','excepturi-corporis','2025-04-25 06:42:17','2025-04-25 06:42:17'),(23,8,'voluptates deleniti','dolorum','2025-04-25 06:42:17','2025-04-25 06:42:17'),(24,9,'ut quibusdam','odit-necessitatibus','2025-04-25 06:42:17','2025-04-25 06:42:17'),(25,9,'labore impedit','nobis-et','2025-04-25 06:42:17','2025-04-25 06:42:17'),(26,10,'velit praesentium','molestiae','2025-04-25 06:42:17','2025-04-25 06:42:17'),(27,10,'itaque aliquid','molestiae-voluptas','2025-04-25 06:42:17','2025-04-25 06:42:17'),(28,11,'sequi omnis','harum','2025-04-25 06:42:17','2025-04-25 06:42:17'),(29,11,'sapiente iste','deleniti-itaque','2025-04-25 06:42:17','2025-04-25 06:42:17'),(30,12,'itaque amet','aperiam-veritatis','2025-04-25 06:42:17','2025-04-25 06:42:17'),(31,12,'est facilis','architecto-ut','2025-04-25 06:42:17','2025-04-25 06:42:17'),(32,13,'doloribus ipsa','consequuntur-quia','2025-04-25 06:42:17','2025-04-25 06:42:17'),(33,13,'eaque voluptate','voluptates-qui','2025-04-25 06:42:17','2025-04-25 06:42:17'),(34,14,'quod optio','ea','2025-04-25 06:42:17','2025-04-25 06:42:17'),(35,14,'excepturi enim','aliquid','2025-04-25 06:42:17','2025-04-25 06:42:17'),(36,14,'autem qui','quisquam','2025-04-25 06:42:17','2025-04-25 06:42:17'),(37,15,'et eum','veritatis-repellat','2025-04-25 06:42:17','2025-04-25 06:42:17'),(38,15,'facere et','nostrum-sit','2025-04-25 06:42:17','2025-04-25 06:42:17'),(39,15,'molestiae aut','reprehenderit','2025-04-25 06:42:17','2025-04-25 06:42:17'),(40,16,'et quod','velit-officiis','2025-04-25 06:42:17','2025-04-25 06:42:17'),(41,16,'ipsum at','doloribus-iste','2025-04-25 06:42:17','2025-04-25 06:42:17'),(42,16,'iste illo','neque','2025-04-25 06:42:17','2025-04-25 06:42:17'),(43,17,'facere laboriosam','aliquam-velit','2025-04-25 06:42:17','2025-04-25 06:42:17'),(44,17,'non eaque','delectus','2025-04-25 06:42:17','2025-04-25 06:42:17'),(45,18,'illo inventore','dolorem','2025-04-25 06:42:17','2025-04-25 06:42:17'),(46,18,'est nihil','vel-perferendis','2025-04-25 06:42:17','2025-04-25 06:42:17'),(47,18,'dolorem dolores','ad-quia','2025-04-25 06:42:17','2025-04-25 06:42:17'),(48,19,'omnis odit','quaerat-sit','2025-04-25 06:42:17','2025-04-25 06:42:17'),(49,19,'est eius','tenetur','2025-04-25 06:42:17','2025-04-25 06:42:17'),(50,20,'repellendus velit','cum','2025-04-25 06:42:17','2025-04-25 06:42:17'),(51,20,'velit eveniet','aperiam-at','2025-04-25 06:42:17','2025-04-25 06:42:17'),(52,21,'eum ex','culpa-itaque','2025-04-25 06:42:17','2025-04-25 06:42:17'),(53,21,'ut aut','animi','2025-04-25 06:42:17','2025-04-25 06:42:17'),(54,22,'accusamus facere','ipsa-ea','2025-04-25 06:42:17','2025-04-25 06:42:17'),(55,22,'eum impedit','quisquam-ex','2025-04-25 06:42:17','2025-04-25 06:42:17'),(56,22,'quia eum','dolores','2025-04-25 06:42:17','2025-04-25 06:42:17'),(57,23,'iure ut','nisi-omnis','2025-04-25 06:42:17','2025-04-25 06:42:17'),(58,23,'ut maxime','soluta','2025-04-25 06:42:17','2025-04-25 06:42:17'),(59,24,'voluptate blanditiis','error-qui','2025-04-25 06:42:17','2025-04-25 06:42:17'),(60,24,'quam quia','fuga','2025-04-25 06:42:17','2025-04-25 06:42:17'),(61,24,'inventore sint','sed-recusandae','2025-04-25 06:42:17','2025-04-25 06:42:17'),(62,25,'amet cumque','itaque','2025-04-25 06:42:17','2025-04-25 06:42:17'),(63,25,'sunt est','quibusdam-saepe','2025-04-25 06:42:17','2025-04-25 06:42:17'),(64,25,'aliquid quis','distinctio-deleniti','2025-04-25 06:42:17','2025-04-25 06:42:17'),(65,26,'accusamus perferendis','eaque-nihil','2025-04-25 06:42:17','2025-04-25 06:42:17'),(66,26,'corporis nemo','et-quia','2025-04-25 06:42:17','2025-04-25 06:42:17'),(67,26,'voluptatem illum','delectus-dignissimos','2025-04-25 06:42:17','2025-04-25 06:42:17'),(68,27,'esse qui','aut-minima','2025-04-25 06:42:17','2025-04-25 06:42:17'),(69,27,'aut aliquam','vitae','2025-04-25 06:42:17','2025-04-25 06:42:17'),(70,27,'dolor enim','fuga-neque','2025-04-25 06:42:17','2025-04-25 06:42:17'),(71,28,'molestiae voluptatem','ratione-qui','2025-04-25 06:42:18','2025-04-25 06:42:18'),(72,28,'odio maxime','maiores-minima','2025-04-25 06:42:18','2025-04-25 06:42:18'),(73,28,'dolore aperiam','est-consequuntur','2025-04-25 06:42:18','2025-04-25 06:42:18'),(74,29,'nostrum nihil','qui-numquam','2025-04-25 06:42:18','2025-04-25 06:42:18'),(75,29,'dolorem cupiditate','accusamus','2025-04-25 06:42:18','2025-04-25 06:42:18'),(76,29,'similique aut','id','2025-04-25 06:42:18','2025-04-25 06:42:18'),(77,30,'ipsa ut','ut-sunt','2025-04-25 06:42:18','2025-04-25 06:42:18'),(78,30,'id quia','perspiciatis-non','2025-04-25 06:42:18','2025-04-25 06:42:18');
/*!40000 ALTER TABLE `states` ENABLE KEYS */;
UNLOCK TABLES;

--
-- Table structure for table `universities`
--

DROP TABLE IF EXISTS `universities`;
/*!40101 SET @saved_cs_client     = @@character_set_client */;
/*!50503 SET character_set_client = utf8mb4 */;
CREATE TABLE `universities` (
  `id` bigint unsigned NOT NULL AUTO_INCREMENT,
  `city_id` bigint unsigned DEFAULT NULL,
  `name` varchar(191) COLLATE utf8mb4_unicode_ci NOT NULL,
  `address` varchar(191) COLLATE utf8mb4_unicode_ci NOT NULL,
  `created_at` timestamp NULL DEFAULT NULL,
  `updated_at` timestamp NULL DEFAULT NULL,
  PRIMARY KEY (`id`),
  UNIQUE KEY `unique_universities` (`city_id`,`name`),
  CONSTRAINT `universities_city_id_foreign` FOREIGN KEY (`city_id`) REFERENCES `cities` (`id`) ON DELETE SET NULL ON UPDATE CASCADE
) ENGINE=InnoDB AUTO_INCREMENT=232 DEFAULT CHARSET=utf8mb4 COLLATE=utf8mb4_unicode_ci;
/*!40101 SET character_set_client = @saved_cs_client */;

--
-- Dumping data for table `universities`
--

LOCK TABLES `universities` WRITE;
/*!40000 ALTER TABLE `universities` DISABLE KEYS */;
INSERT INTO `universities` VALUES (1,1,'Universidad Francisco de Paula Santander','#0- a Avenida Gran Colombia No. 12E-96','2025-04-25 06:42:19','2025-04-25 06:42:19'),(2,1,'Universidad Sauer-Reilly','527 Adell Street\nNorth Pearline, WV 05366-1257','2025-04-25 06:42:19','2025-04-25 06:42:19'),(3,1,'Universidad Brakus-Olson','33477 Noemie Extension Suite 999\nNorth Lurline, VA 09272','2025-04-25 06:42:20','2025-04-25 06:42:20'),(4,2,'Universidad Satterfield, Auer and Mraz','486 Melyssa Island\nPort Austinberg, NJ 67695-3886','2025-04-25 06:42:20','2025-04-25 06:42:20'),(5,2,'Universidad Rosenbaum-Spinka','80569 Arvid Knoll Apt. 209\nZellachester, SD 02708-5067','2025-04-25 06:42:20','2025-04-25 06:42:20'),(6,3,'Universidad Pacocha-Anderson','2000 Aiden Junction Apt. 147\nLake Arielle, WI 69760','2025-04-25 06:42:20','2025-04-25 06:42:20'),(7,3,'Universidad Cronin Ltd','803 Eloy Knolls Apt. 222\nLangoshside, WY 66148-3931','2025-04-25 06:42:20','2025-04-25 06:42:20'),(8,4,'Universidad Stamm-Runolfsdottir','5469 Sporer Cove\nRutherfordborough, NV 71712-5490','2025-04-25 06:42:20','2025-04-25 06:42:20'),(9,4,'Universidad Nienow-Cormier','6435 Buster Mission\nRahultown, NM 42510','2025-04-25 06:42:20','2025-04-25 06:42:20'),(10,5,'Universidad Tillman Ltd','420 Ibrahim Fields\nShadside, NE 62466','2025-04-25 06:42:20','2025-04-25 06:42:20'),(11,5,'Universidad Tromp-Paucek','2167 Jazmin Crescent Suite 100\nPort Hiram, AL 58235-7950','2025-04-25 06:42:20','2025-04-25 06:42:20'),(12,6,'Universidad Bode Group','62581 Schuster Estate\nWest Rosinabury, IN 76366','2025-04-25 06:42:20','2025-04-25 06:42:20'),(13,6,'Universidad Hayes, Brown and Bednar','97739 Luettgen Trail\nNorth Antwonburgh, ME 40644','2025-04-25 06:42:20','2025-04-25 06:42:20'),(14,7,'Universidad Bernhard, Abshire and Bruen','56747 Bernice Ranch\nEast Haskell, RI 19139','2025-04-25 06:42:20','2025-04-25 06:42:20'),(15,7,'Universidad Gislason and Sons','3841 Mylene Squares\nWalshside, AK 12163','2025-04-25 06:42:20','2025-04-25 06:42:20'),(16,8,'Universidad Quitzon PLC','882 Pagac Mill Apt. 124\nLake Aaronbury, VA 41391','2025-04-25 06:42:20','2025-04-25 06:42:20'),(17,8,'Universidad Pouros-Dickinson','575 Ferry Well Suite 885\nMayertmouth, TN 69581','2025-04-25 06:42:20','2025-04-25 06:42:20'),(18,9,'Universidad Heidenreich-Tillman','247 Chadrick Mews Apt. 910\nLuisastad, IN 50889','2025-04-25 06:42:20','2025-04-25 06:42:20'),(19,9,'Universidad Feest-Wisoky','515 Hackett Groves\nFriedabury, ME 46274','2025-04-25 06:42:20','2025-04-25 06:42:20'),(20,10,'Universidad Koch, Schoen and McClure','983 Morissette Parks\nBoehmborough, TX 90415','2025-04-25 06:42:20','2025-04-25 06:42:20'),(21,10,'Universidad Towne and Sons','245 Gordon Squares Suite 584\nMichaelmouth, MO 51065','2025-04-25 06:42:20','2025-04-25 06:42:20'),(22,11,'Universidad Quitzon LLC','430 Josiah Plains Apt. 180\nPort Dustyview, NC 67711-1802','2025-04-25 06:42:20','2025-04-25 06:42:20'),(23,11,'Universidad Purdy LLC','854 Earl Loop\nNorth Marcellusland, TX 29745-6122','2025-04-25 06:42:20','2025-04-25 06:42:20'),(24,12,'Universidad Champlin and Sons','8655 Brekke Valleys Suite 652\nLake Kayleebury, ME 55914-2312','2025-04-25 06:42:20','2025-04-25 06:42:20'),(25,12,'Universidad Little and Sons','4330 Predovic Flats\nGrahamton, GA 30132','2025-04-25 06:42:20','2025-04-25 06:42:20'),(26,13,'Universidad Treutel-Crooks','252 Gislason Green Apt. 632\nEast Rafaelabury, MO 02332-8503','2025-04-25 06:42:20','2025-04-25 06:42:20'),(27,13,'Universidad Rath-Funk','97656 Mraz Forest\nEast Benedictfurt, MS 25144','2025-04-25 06:42:20','2025-04-25 06:42:20'),(28,14,'Universidad Gleichner LLC','357 Sally Brook\nSouth Rosamond, AK 46241','2025-04-25 06:42:20','2025-04-25 06:42:20'),(29,14,'Universidad Lockman Ltd','5009 Bins Turnpike\nNicolaston, ND 07798','2025-04-25 06:42:20','2025-04-25 06:42:20'),(30,15,'Universidad McKenzie and Sons','30411 Bernhard Center Apt. 462\nEast Jacky, MI 25034','2025-04-25 06:42:20','2025-04-25 06:42:20'),(31,15,'Universidad Cassin PLC','5634 Schaefer Place\nWest Wiley, OR 43623','2025-04-25 06:42:20','2025-04-25 06:42:20'),(32,16,'Universidad Osinski PLC','2041 Pascale Corner\nNew Margieburgh, PA 75711','2025-04-25 06:42:20','2025-04-25 06:42:20'),(33,16,'Universidad Glover, Gusikowski and Friesen','77868 Casey Meadows Apt. 673\nMcDermottchester, AK 86404-1444','2025-04-25 06:42:20','2025-04-25 06:42:20'),(34,17,'Universidad Jast Group','777 Bonnie Summit\nEast Julio, PA 87620-9329','2025-04-25 06:42:20','2025-04-25 06:42:20'),(35,17,'Universidad Gottlieb, Roberts and Luettgen','9044 Schimmel Crossing\nEast Rebecaborough, IN 88675','2025-04-25 06:42:20','2025-04-25 06:42:20'),(36,18,'Universidad McClure-Pollich','75211 Little Plaza Apt. 081\nNorth Alexandrea, ME 34713-4542','2025-04-25 06:42:20','2025-04-25 06:42:20'),(37,18,'Universidad Cronin, Batz and Sipes','496 Emmanuelle Lodge\nLuettgenburgh, OK 71889-9444','2025-04-25 06:42:20','2025-04-25 06:42:20'),(38,19,'Universidad Swaniawski-McGlynn','9130 Lance Mountain Apt. 004\nEast Virgilfurt, PA 18411','2025-04-25 06:42:20','2025-04-25 06:42:20'),(39,19,'Universidad Becker-Upton','6991 Annamarie Freeway Apt. 039\nGroverport, AZ 04034-6632','2025-04-25 06:42:20','2025-04-25 06:42:20'),(40,20,'Universidad Schimmel, Beier and Witting','817 Okuneva Summit\nNorth Moses, NY 54881-1205','2025-04-25 06:42:20','2025-04-25 06:42:20'),(41,20,'Universidad Strosin, Schimmel and Schroeder','403 Wilford Station Suite 918\nSmithamstad, IA 50080','2025-04-25 06:42:20','2025-04-25 06:42:20'),(42,21,'Universidad Durgan-Becker','102 Dicki Walks Suite 216\nNorth Blancheburgh, MI 18035-5206','2025-04-25 06:42:20','2025-04-25 06:42:20'),(43,21,'Universidad Kovacek, Bayer and Conn','8437 Conor Fall Apt. 748\nSouth Ubaldoville, VT 80275','2025-04-25 06:42:20','2025-04-25 06:42:20'),(44,22,'Universidad Harvey-Kessler','70541 Sallie Courts\nBetsyview, GA 41297-1013','2025-04-25 06:42:20','2025-04-25 06:42:20'),(45,22,'Universidad Koss Ltd','13311 Streich Ports Suite 962\nPacochashire, ME 68663','2025-04-25 06:42:20','2025-04-25 06:42:20'),(46,23,'Universidad Crona-Stanton','6838 Weimann Expressway Suite 903\nKarlieburgh, MI 23761-8536','2025-04-25 06:42:20','2025-04-25 06:42:20'),(47,23,'Universidad Stamm LLC','3758 Yost Dale\nNorth Camille, SD 79297','2025-04-25 06:42:20','2025-04-25 06:42:20'),(48,24,'Universidad Daniel-Kutch','6100 Boyer Prairie Suite 532\nGlennieton, NE 36805','2025-04-25 06:42:20','2025-04-25 06:42:20'),(49,24,'Universidad Doyle, Kunde and Metz','1199 Kobe Mountains Apt. 096\nHeaneyfurt, WA 42436-0085','2025-04-25 06:42:20','2025-04-25 06:42:20'),(50,25,'Universidad Spencer Inc','7478 Melvin Wall\nPort Elvisstad, VA 01996-5925','2025-04-25 06:42:20','2025-04-25 06:42:20'),(51,25,'Universidad Reynolds-Glover','17709 Veum Point\nRaynorberg, AK 54480-5059','2025-04-25 06:42:20','2025-04-25 06:42:20'),(52,26,'Universidad Lehner-Rolfson','68890 Estella Flats Suite 891\nLedastad, KY 02638-5150','2025-04-25 06:42:20','2025-04-25 06:42:20'),(53,26,'Universidad McLaughlin-Glover','190 Jaclyn Mill\nNew Barry, AK 84526','2025-04-25 06:42:20','2025-04-25 06:42:20'),(54,27,'Universidad Ritchie Ltd','311 Fadel Via Apt. 776\nHellerstad, WA 48783','2025-04-25 06:42:20','2025-04-25 06:42:20'),(55,27,'Universidad Gerhold, Grant and Kub','8143 Easter Stream Suite 496\nNew Adityachester, CO 67058','2025-04-25 06:42:20','2025-04-25 06:42:20'),(56,28,'Universidad Franecki-Spencer','1864 Sauer Neck\nPort Margie, NC 66998','2025-04-25 06:42:20','2025-04-25 06:42:20'),(57,28,'Universidad Williamson Group','7930 Windler Path Suite 306\nPort Lillie, MD 97584','2025-04-25 06:42:20','2025-04-25 06:42:20'),(58,29,'Universidad Robel, Metz and Abernathy','313 Stehr Unions\nZiemannton, IL 80663-6280','2025-04-25 06:42:20','2025-04-25 06:42:20'),(59,29,'Universidad Stiedemann Inc','43175 Moen Stream Suite 034\nNew Dawn, KY 57178','2025-04-25 06:42:20','2025-04-25 06:42:20'),(60,30,'Universidad Bartell LLC','24191 Dustin Cliff Suite 501\nHartmannstad, OH 59817','2025-04-25 06:42:20','2025-04-25 06:42:20'),(61,30,'Universidad Ledner and Sons','230 Tremblay Wall Suite 489\nEast Marinabury, MI 91153','2025-04-25 06:42:20','2025-04-25 06:42:20'),(62,31,'Universidad Boehm, Balistreri and Gislason','57162 Smith Wells\nAbigaleview, DC 58171','2025-04-25 06:42:20','2025-04-25 06:42:20'),(63,31,'Universidad Kemmer-Jacobi','11624 Hauck Shoals\nPort Clairville, TN 37064-1032','2025-04-25 06:42:20','2025-04-25 06:42:20'),(64,32,'Universidad Funk, Smith and Kessler','452 Henriette Extension Apt. 083\nEast Stonestad, UT 68464','2025-04-25 06:42:20','2025-04-25 06:42:20'),(65,32,'Universidad Keeling, Howell and Bogisich','3166 Lily Mountain\nWest Charity, MS 72724','2025-04-25 06:42:20','2025-04-25 06:42:20'),(66,33,'Universidad Beahan PLC','9024 Brennan Haven\nNorth Cathrineport, FL 77945-7123','2025-04-25 06:42:20','2025-04-25 06:42:20'),(67,33,'Universidad Bogisich, Hoppe and Littel','936 Joe Ranch\nBreitenbergland, MO 71487','2025-04-25 06:42:20','2025-04-25 06:42:20'),(68,34,'Universidad Durgan, Kessler and Connelly','247 Hahn Park\nLake Melodyberg, ID 17870-5338','2025-04-25 06:42:20','2025-04-25 06:42:20'),(69,34,'Universidad Glover, Schmeler and Heidenreich','94002 Marlene Isle Apt. 257\nLake Tannerbury, UT 61361-2107','2025-04-25 06:42:20','2025-04-25 06:42:20'),(70,35,'Universidad Okuneva, Pagac and Macejkovic','33604 Gutmann Points Apt. 024\nWehnerberg, SC 33204-5250','2025-04-25 06:42:20','2025-04-25 06:42:20'),(71,35,'Universidad Quitzon Ltd','7863 Kuhic Spur Suite 532\nWest Zechariah, SD 92537-7236','2025-04-25 06:42:20','2025-04-25 06:42:20'),(72,36,'Universidad Howell-Dickens','730 Sawayn Pass Apt. 403\nPort Nettie, AR 04853','2025-04-25 06:42:20','2025-04-25 06:42:20'),(73,36,'Universidad Reynolds Inc','5581 Roob Station Apt. 392\nLake Austyn, IN 00619-4676','2025-04-25 06:42:20','2025-04-25 06:42:20'),(74,37,'Universidad Weimann-Swift','224 Elinore Skyway Suite 114\nNew Rubyechester, CA 17123-3486','2025-04-25 06:42:20','2025-04-25 06:42:20'),(75,37,'Universidad Rosenbaum-Gaylord','71073 Hammes Rue Apt. 319\nElwynfort, KS 88142-9760','2025-04-25 06:42:20','2025-04-25 06:42:20'),(76,38,'Universidad Cremin LLC','6076 Block Divide\nMargretfort, KY 20858','2025-04-25 06:42:20','2025-04-25 06:42:20'),(77,38,'Universidad Jaskolski Inc','8292 Alford Freeway Apt. 719\nNorth Abigale, PA 13549','2025-04-25 06:42:20','2025-04-25 06:42:20'),(78,39,'Universidad Lockman, Bailey and Wolff','6926 Quitzon Crossing\nNorth Ikeshire, MT 69045-3795','2025-04-25 06:42:20','2025-04-25 06:42:20'),(79,39,'Universidad Leuschke LLC','59688 Tanner Avenue\nEast Matilda, MI 40045-0885','2025-04-25 06:42:20','2025-04-25 06:42:20'),(80,40,'Universidad Kovacek-Tromp','5195 Nader Stravenue Apt. 830\nPort Evan, OK 63297','2025-04-25 06:42:20','2025-04-25 06:42:20'),(81,40,'Universidad Monahan, Collier and Pagac','50642 Tillman Views Suite 852\nNew Gladys, SD 64608','2025-04-25 06:42:20','2025-04-25 06:42:20'),(82,41,'Universidad Morissette, Conroy and Macejkovic','927 Welch Tunnel Apt. 916\nKulaston, OH 80501-6890','2025-04-25 06:42:20','2025-04-25 06:42:20'),(83,41,'Universidad Prosacco-Parker','61919 Jeffry Lane\nEduardoburgh, RI 58434-8866','2025-04-25 06:42:20','2025-04-25 06:42:20'),(84,42,'Universidad Mitchell-Gusikowski','45056 Matteo Locks Suite 979\nLondonville, SD 83099','2025-04-25 06:42:20','2025-04-25 06:42:20'),(85,42,'Universidad Kuhic, Jaskolski and Stoltenberg','5798 Dickinson Wall Apt. 708\nHartmannchester, AR 52476','2025-04-25 06:42:20','2025-04-25 06:42:20'),(86,43,'Universidad Hermann Ltd','98616 Lura Circle Apt. 888\nLake Aldenfurt, OR 90622-2155','2025-04-25 06:42:20','2025-04-25 06:42:20'),(87,43,'Universidad Lebsack and Sons','31058 Haley Drives Suite 420\nNew Marcelina, PA 94024','2025-04-25 06:42:20','2025-04-25 06:42:20'),(88,44,'Universidad Bartoletti Group','555 Raven Radial\nLake Birdiestad, SD 95570','2025-04-25 06:42:20','2025-04-25 06:42:20'),(89,44,'Universidad Douglas, Rutherford and Reinger','978 Lexus Terrace Suite 464\nNolanshire, GA 66647','2025-04-25 06:42:20','2025-04-25 06:42:20'),(90,45,'Universidad Doyle-Gaylord','8718 Cassie Lodge Apt. 392\nHerzogville, IN 71561','2025-04-25 06:42:20','2025-04-25 06:42:20'),(91,45,'Universidad Bogan-Anderson','7426 Carroll Highway Apt. 438\nSouth Marlonland, KS 49901-6432','2025-04-25 06:42:20','2025-04-25 06:42:20'),(92,46,'Universidad Monahan Inc','3134 Lisandro Hills\nConroyview, MD 03321-9785','2025-04-25 06:42:20','2025-04-25 06:42:20'),(93,46,'Universidad Schaden and Sons','19871 Elinor Manor\nSouth Shyannmouth, OK 00848-7450','2025-04-25 06:42:20','2025-04-25 06:42:20'),(94,47,'Universidad Treutel LLC','94467 Fisher Shoal Apt. 466\nAuroreport, MD 37112-8434','2025-04-25 06:42:20','2025-04-25 06:42:20'),(95,47,'Universidad Kirlin-Witting','4897 Woodrow Walks\nWest Phyllismouth, VT 12684','2025-04-25 06:42:20','2025-04-25 06:42:20'),(96,48,'Universidad Rogahn, Ferry and Larkin','7863 Schimmel Squares Suite 349\nSouth Sallieside, DC 84600','2025-04-25 06:42:20','2025-04-25 06:42:20'),(97,48,'Universidad Considine Ltd','4245 Haven Falls Apt. 058\nLyricton, AK 10024','2025-04-25 06:42:20','2025-04-25 06:42:20'),(98,49,'Universidad Huel, Wisoky and Strosin','809 Carlee Causeway\nGreysonchester, WV 30293','2025-04-25 06:42:20','2025-04-25 06:42:20'),(99,49,'Universidad Russel Ltd','6897 Gleichner Haven\nRohanshire, MI 01498-3495','2025-04-25 06:42:20','2025-04-25 06:42:20'),(100,50,'Universidad Windler-Mueller','5055 Mina Keys\nBaumbachtown, UT 93249-1411','2025-04-25 06:42:20','2025-04-25 06:42:20'),(101,50,'Universidad Zieme LLC','8420 Kevon Creek Suite 405\nWillistown, IA 95401','2025-04-25 06:42:20','2025-04-25 06:42:20'),(102,51,'Universidad Turcotte-Gerhold','85448 Leonor Gateway Apt. 501\nLake Ari, CO 25273-0868','2025-04-25 06:42:20','2025-04-25 06:42:20'),(103,51,'Universidad Carter, Sipes and Sauer','585 Yadira Mews\nHettingerbury, NV 25516-7165','2025-04-25 06:42:20','2025-04-25 06:42:20'),(104,52,'Universidad Wilderman and Sons','752 O\'Conner Canyon Suite 526\nNorth Sandra, KY 61141-7689','2025-04-25 06:42:20','2025-04-25 06:42:20'),(105,52,'Universidad Hansen PLC','2175 Candice Isle\nJuddbury, FL 44997-1803','2025-04-25 06:42:20','2025-04-25 06:42:20'),(106,53,'Universidad Hodkiewicz Group','4733 Harvey Run Apt. 813\nRogahnmouth, HI 43571','2025-04-25 06:42:20','2025-04-25 06:42:20'),(107,53,'Universidad Connelly-Will','8947 Shyann Mountain\nLake Tobin, DC 42639','2025-04-25 06:42:20','2025-04-25 06:42:20'),(108,54,'Universidad Kuhlman-Hermiston','847 Collins Prairie Apt. 073\nWest Anais, MT 01074-2985','2025-04-25 06:42:20','2025-04-25 06:42:20'),(109,54,'Universidad Rutherford Group','18804 Angela Isle Suite 693\nRunolfsdottirbury, AR 98131-0729','2025-04-25 06:42:20','2025-04-25 06:42:20'),(110,55,'Universidad Jaskolski and Sons','5258 Katelynn Lakes\nLynnfurt, OK 21415','2025-04-25 06:42:20','2025-04-25 06:42:20'),(111,55,'Universidad Senger PLC','3289 Rosenbaum Station\nNorth Emmettfurt, AK 37636','2025-04-25 06:42:20','2025-04-25 06:42:20'),(112,56,'Universidad Cormier-Okuneva','73616 Orin Rapids Suite 524\nNorth Edachester, VA 40065-9957','2025-04-25 06:42:20','2025-04-25 06:42:20'),(113,56,'Universidad Jacobi-Greenholt','273 Bridie Point Suite 160\nNorth Reinhold, MI 59370-0014','2025-04-25 06:42:20','2025-04-25 06:42:20'),(114,57,'Universidad Feil Inc','46465 Johnston Mill\nPort Jessikaborough, CA 08119','2025-04-25 06:42:20','2025-04-25 06:42:20'),(115,57,'Universidad Zulauf Inc','833 West Inlet\nMoorefurt, SD 43695-7287','2025-04-25 06:42:20','2025-04-25 06:42:20'),(116,58,'Universidad Kutch-Blanda','2075 Breana Circle Apt. 287\nWest Isidroland, NM 40367-5073','2025-04-25 06:42:20','2025-04-25 06:42:20'),(117,58,'Universidad Wehner-Torphy','31199 Kaycee Skyway Apt. 308\nNew Mitchell, AR 43283-2595','2025-04-25 06:42:20','2025-04-25 06:42:20'),(118,59,'Universidad Schuster and Sons','43277 Reilly Loop\nWest Alexys, MD 01923-1567','2025-04-25 06:42:20','2025-04-25 06:42:20'),(119,59,'Universidad Herzog, Schmidt and Gislason','48225 Nader Walks\nEloisaberg, OR 91557-6219','2025-04-25 06:42:20','2025-04-25 06:42:20'),(120,60,'Universidad Barton, Jast and Cormier','75431 Christiansen Fort Apt. 751\nSashaburgh, LA 76022-0875','2025-04-25 06:42:20','2025-04-25 06:42:20'),(121,60,'Universidad Bahringer-Feil','35276 Altenwerth Rapid Suite 487\nMosciskiburgh, SC 76127-2940','2025-04-25 06:42:20','2025-04-25 06:42:20'),(122,61,'Universidad Ziemann PLC','4061 Sienna Lane Apt. 011\nBoganville, GA 95822-1712','2025-04-25 06:42:20','2025-04-25 06:42:20'),(123,61,'Universidad Ankunding LLC','58706 Margarita Cliff\nEast Tate, WI 18656','2025-04-25 06:42:20','2025-04-25 06:42:20'),(124,62,'Universidad Kunde-Strosin','78494 Rozella Plains Apt. 083\nLake Lazarochester, ND 03142-8922','2025-04-25 06:42:20','2025-04-25 06:42:20'),(125,62,'Universidad Metz-Pfeffer','4536 Corkery Station Suite 224\nDooleystad, WI 12557','2025-04-25 06:42:20','2025-04-25 06:42:20'),(126,63,'Universidad Gibson Inc','19276 Emard Manors Suite 001\nLake Zion, LA 47949','2025-04-25 06:42:20','2025-04-25 06:42:20'),(127,63,'Universidad Kirlin, Farrell and Grant','620 Kraig Place\nNew Caesarberg, HI 49466-7006','2025-04-25 06:42:20','2025-04-25 06:42:20'),(128,64,'Universidad Haag-Roberts','45718 Watsica Landing Suite 462\nLake Lolabury, MA 72597','2025-04-25 06:42:20','2025-04-25 06:42:20'),(129,64,'Universidad Brown, Osinski and Bruen','625 Graham Spring Apt. 455\nMcCluretown, NH 41176-2823','2025-04-25 06:42:20','2025-04-25 06:42:20'),(130,65,'Universidad Schneider, Gerhold and Braun','86201 Maia Mount Suite 111\nPort Alexzander, WV 75587','2025-04-25 06:42:20','2025-04-25 06:42:20'),(131,65,'Universidad Graham-Bogan','20956 Will Glen\nLake Emilio, OK 77656-6255','2025-04-25 06:42:20','2025-04-25 06:42:20'),(132,66,'Universidad Mitchell Group','392 Jane Stream Apt. 657\nNew Sisterfort, MT 12961-2230','2025-04-25 06:42:21','2025-04-25 06:42:21'),(133,66,'Universidad Satterfield-Schoen','504 Sydni Ridge Apt. 055\nKathrynview, CA 48796-1186','2025-04-25 06:42:21','2025-04-25 06:42:21'),(134,67,'Universidad Leannon, Jones and Kozey','70039 Sim Ridge Apt. 764\nWest Conrad, CT 28658-4338','2025-04-25 06:42:21','2025-04-25 06:42:21'),(135,67,'Universidad Halvorson Group','586 Evelyn Court Suite 979\nBergstromshire, TN 24662','2025-04-25 06:42:21','2025-04-25 06:42:21'),(136,68,'Universidad Wolf LLC','79050 Schamberger Crest\nSouth Rickystad, CO 53679-0266','2025-04-25 06:42:21','2025-04-25 06:42:21'),(137,68,'Universidad Feest-Roberts','55603 Reilly Loaf Apt. 510\nNew Aliciachester, WY 73039','2025-04-25 06:42:21','2025-04-25 06:42:21'),(138,69,'Universidad Schoen-Stiedemann','6968 Volkman Plaza Suite 789\nWest Agustina, DC 92861-1562','2025-04-25 06:42:21','2025-04-25 06:42:21'),(139,69,'Universidad Upton-Von','416 DuBuque Mills\nEast Favianchester, SD 15319-5347','2025-04-25 06:42:21','2025-04-25 06:42:21'),(140,70,'Universidad Reichel LLC','53382 Roberts Mill\nKosschester, SC 84931-0627','2025-04-25 06:42:21','2025-04-25 06:42:21'),(141,70,'Universidad Stiedemann and Sons','6618 Braeden Field Apt. 963\nJailynport, VT 73703','2025-04-25 06:42:21','2025-04-25 06:42:21'),(142,71,'Universidad Bailey, Ferry and Brakus','1268 Hintz Overpass Suite 644\nSouth Sarina, IA 47723-3728','2025-04-25 06:42:21','2025-04-25 06:42:21'),(143,71,'Universidad Ritchie LLC','6709 Corwin Trace\nYostton, AK 15911','2025-04-25 06:42:21','2025-04-25 06:42:21'),(144,72,'Universidad Schuppe and Sons','612 Jewell Divide Suite 859\nEast Warren, DE 90151-1896','2025-04-25 06:42:21','2025-04-25 06:42:21'),(145,72,'Universidad Beatty Ltd','992 Borer Mount Apt. 207\nSouth Eugene, NE 20916','2025-04-25 06:42:21','2025-04-25 06:42:21'),(146,73,'Universidad Rath-Durgan','3086 Abe Mountains Suite 190\nSouth Berthaport, IL 45171-8623','2025-04-25 06:42:21','2025-04-25 06:42:21'),(147,73,'Universidad Ferry Inc','7026 Blanche Ways\nSventown, NE 89119-5607','2025-04-25 06:42:21','2025-04-25 06:42:21'),(148,74,'Universidad Heller-Wyman','590 Mafalda Cliff Suite 850\nAdelinebury, HI 87600','2025-04-25 06:42:21','2025-04-25 06:42:21'),(149,74,'Universidad Hackett Ltd','81126 Rachel Plaza Suite 379\nLemketon, MD 43294-6329','2025-04-25 06:42:21','2025-04-25 06:42:21'),(150,75,'Universidad Pollich LLC','7723 Hill Drive Suite 232\nSouth Presleybury, NH 42613','2025-04-25 06:42:21','2025-04-25 06:42:21'),(151,75,'Universidad Russel PLC','411 Jacquelyn Route\nSchneiderburgh, NC 93639','2025-04-25 06:42:21','2025-04-25 06:42:21'),(152,76,'Universidad Stoltenberg LLC','390 Lowe Land\nConstancemouth, CO 34412','2025-04-25 06:42:21','2025-04-25 06:42:21'),(153,76,'Universidad Runolfsson and Sons','937 Purdy Cliff Apt. 200\nNorth Annaliseshire, FL 38938','2025-04-25 06:42:21','2025-04-25 06:42:21'),(154,77,'Universidad Padberg-Hyatt','851 Marcella Meadows\nBradtkechester, NV 21211-1437','2025-04-25 06:42:21','2025-04-25 06:42:21'),(155,77,'Universidad Kunze-Ratke','533 Aliya Springs\nVeumport, AR 45056','2025-04-25 06:42:21','2025-04-25 06:42:21'),(156,78,'Universidad Green, Watsica and Homenick','305 Bartoletti Stream Apt. 209\nHicklefurt, MA 66527','2025-04-25 06:42:21','2025-04-25 06:42:21'),(157,78,'Universidad Hudson-Stehr','22661 Metz Club\nHettieport, ID 26114','2025-04-25 06:42:21','2025-04-25 06:42:21'),(158,79,'Universidad Koelpin-Legros','997 Emmerich Corners Apt. 396\nReillyborough, FL 38650-3885','2025-04-25 06:42:21','2025-04-25 06:42:21'),(159,79,'Universidad Weber, Denesik and Welch','1587 DuBuque Square\nNew Emmittshire, CA 77171','2025-04-25 06:42:21','2025-04-25 06:42:21'),(160,80,'Universidad Eichmann Inc','977 Salvatore Creek\nHoweview, AL 99481-7760','2025-04-25 06:42:21','2025-04-25 06:42:21'),(161,80,'Universidad Toy-Osinski','8319 Trantow Trail Suite 422\nSouth Laurelland, GA 89219','2025-04-25 06:42:21','2025-04-25 06:42:21'),(162,81,'Universidad Reilly and Sons','16723 West Route\nLake Terrill, LA 98695-6650','2025-04-25 06:42:21','2025-04-25 06:42:21'),(163,81,'Universidad Welch, Haley and Bernier','37897 Von Locks Suite 500\nMicheleborough, MT 59018-5779','2025-04-25 06:42:21','2025-04-25 06:42:21'),(164,82,'Universidad Botsford Ltd','77998 Labadie Stravenue Apt. 645\nNorth Roscoefurt, TN 78099-1987','2025-04-25 06:42:21','2025-04-25 06:42:21'),(165,82,'Universidad Lesch-Baumbach','72773 Schinner Tunnel Apt. 957\nLake Valeriefurt, NY 65026','2025-04-25 06:42:21','2025-04-25 06:42:21'),(166,83,'Universidad Oberbrunner-Nader','610 Langosh Curve\nWest Jayneberg, TX 56154','2025-04-25 06:42:21','2025-04-25 06:42:21'),(167,83,'Universidad Becker, Ullrich and Gibson','62868 Terrence Key\nVitomouth, DC 41022','2025-04-25 06:42:21','2025-04-25 06:42:21'),(168,84,'Universidad Goldner-Veum','2575 Darwin Junctions Apt. 966\nWest Maurice, WA 42364-8550','2025-04-25 06:42:21','2025-04-25 06:42:21'),(169,84,'Universidad Dickinson PLC','456 Antonette Grove Apt. 233\nPort Ariannaborough, VA 22346-7764','2025-04-25 06:42:21','2025-04-25 06:42:21'),(170,85,'Universidad Spinka and Sons','20314 Beahan Forest Apt. 315\nWest Lillieport, MD 43549','2025-04-25 06:42:21','2025-04-25 06:42:21'),(171,85,'Universidad Marks-Bauch','284 Buckridge Roads\nCormierview, TX 97039-3644','2025-04-25 06:42:21','2025-04-25 06:42:21'),(172,86,'Universidad Cremin, Denesik and Huel','7366 Reilly Field Apt. 771\nNew Theodora, RI 69665','2025-04-25 06:42:21','2025-04-25 06:42:21'),(173,86,'Universidad Bailey, Schaden and Sipes','1158 Emile Corners\nNew Ezraland, NJ 82789','2025-04-25 06:42:21','2025-04-25 06:42:21'),(174,87,'Universidad Funk, Collier and Leffler','960 Garrick Spur Suite 639\nEast Jessica, VT 26465-7544','2025-04-25 06:42:21','2025-04-25 06:42:21'),(175,87,'Universidad Huels, Gleichner and Hoppe','3746 Sanford Ridges Apt. 602\nZiemannside, KY 98382','2025-04-25 06:42:21','2025-04-25 06:42:21'),(176,88,'Universidad Homenick-Macejkovic','8302 Hassan Tunnel\nOnaville, WY 47118','2025-04-25 06:42:21','2025-04-25 06:42:21'),(177,88,'Universidad Pouros, Stracke and Purdy','189 Harmony Motorway Apt. 393\nOrrinburgh, RI 36305-7103','2025-04-25 06:42:21','2025-04-25 06:42:21'),(178,89,'Universidad Kulas, Turner and Ritchie','821 Cierra Islands\nChesleyfurt, UT 09108-9682','2025-04-25 06:42:21','2025-04-25 06:42:21'),(179,89,'Universidad Rippin-Tremblay','13730 Lenore Walks\nMullerstad, MI 40157','2025-04-25 06:42:21','2025-04-25 06:42:21'),(180,90,'Universidad Glover, Nienow and Walker','3868 Barton Club Suite 728\nWest Vicentemouth, ID 80485-1270','2025-04-25 06:42:21','2025-04-25 06:42:21'),(181,90,'Universidad Bruen Group','138 Kiehn Mountains\nRobertsmouth, IN 60494','2025-04-25 06:42:21','2025-04-25 06:42:21'),(182,91,'Universidad Deckow-Sanford','669 Bernard Ramp\nLoraineland, WI 25594-6785','2025-04-25 06:42:21','2025-04-25 06:42:21'),(183,91,'Universidad Littel, Klocko and Wilderman','871 Abraham Inlet\nPort Audraburgh, TN 85536-1339','2025-04-25 06:42:21','2025-04-25 06:42:21'),(184,92,'Universidad Mohr, Gusikowski and Hermann','61189 Shields Expressway\nNew Alexandro, WY 35114','2025-04-25 06:42:21','2025-04-25 06:42:21'),(185,92,'Universidad Leuschke, Wiza and Bruen','905 Ruben Canyon Apt. 867\nGildaville, VA 59701','2025-04-25 06:42:21','2025-04-25 06:42:21'),(186,93,'Universidad Moen, Schmeler and Smitham','9977 Cartwright Summit\nGradyshire, NV 09428-4773','2025-04-25 06:42:21','2025-04-25 06:42:21'),(187,93,'Universidad Gibson-Von','14334 Graham Forest Apt. 146\nPort Reilly, MO 97384','2025-04-25 06:42:21','2025-04-25 06:42:21'),(188,94,'Universidad Rice and Sons','6339 Fay Union Suite 957\nWest Weldonborough, SC 28028-9104','2025-04-25 06:42:21','2025-04-25 06:42:21'),(189,94,'Universidad Romaguera PLC','147 Shany Skyway\nAbdullahberg, MS 48957-1260','2025-04-25 06:42:21','2025-04-25 06:42:21'),(190,95,'Universidad Beier, Block and DuBuque','4040 Bernadette Throughway\nDedrickborough, MD 27966-2622','2025-04-25 06:42:21','2025-04-25 06:42:21'),(191,95,'Universidad Cormier and Sons','965 Larson Walk Suite 722\nAlycechester, OR 50300-2284','2025-04-25 06:42:21','2025-04-25 06:42:21'),(192,96,'Universidad Herzog LLC','3351 Torp Centers Suite 024\nLeannonfort, ME 36747','2025-04-25 06:42:21','2025-04-25 06:42:21'),(193,96,'Universidad Moen-Steuber','7144 Afton Viaduct Apt. 062\nHaagshire, MN 49081-8029','2025-04-25 06:42:21','2025-04-25 06:42:21'),(194,97,'Universidad Eichmann, Raynor and Schneider','239 Douglas Overpass Suite 041\nSouth Raulchester, KS 32373-3050','2025-04-25 06:42:21','2025-04-25 06:42:21'),(195,97,'Universidad Jast Inc','63722 McKenzie Road Suite 462\nLegrostown, SC 41411','2025-04-25 06:42:21','2025-04-25 06:42:21'),(196,98,'Universidad Veum-Bahringer','335 Runte View Suite 684\nSporerhaven, IA 27781','2025-04-25 06:42:21','2025-04-25 06:42:21'),(197,98,'Universidad Lindgren, Beier and Mills','74809 Coty Underpass\nHandside, AK 84469','2025-04-25 06:42:21','2025-04-25 06:42:21'),(198,99,'Universidad Erdman, Hand and Bechtelar','72312 Jeanie Inlet\nAnissaland, AL 32034','2025-04-25 06:42:21','2025-04-25 06:42:21'),(199,99,'Universidad Pfannerstill-Jacobs','891 Nikolaus Valleys Apt. 798\nValeriebury, GA 76497','2025-04-25 06:42:21','2025-04-25 06:42:21'),(200,100,'Universidad Boehm, Connelly and Bauch','85646 Armstrong Turnpike\nJoneschester, ME 63945','2025-04-25 06:42:21','2025-04-25 06:42:21'),(201,100,'Universidad Collier, Vandervort and Jenkins','7904 Waino Groves Apt. 280\nSouth Krystina, TX 88740','2025-04-25 06:42:21','2025-04-25 06:42:21'),(202,101,'Universidad Kirlin-Herman','690 Rosenbaum Circles\nModestoview, PA 89498-9144','2025-04-25 06:42:21','2025-04-25 06:42:21'),(203,101,'Universidad Spinka, Larson and Anderson','422 Langosh Falls Apt. 549\nElbertton, WV 19854','2025-04-25 06:42:21','2025-04-25 06:42:21'),(204,102,'Universidad O\'Reilly-Witting','78027 Jaclyn Neck Apt. 018\nLake Frankieville, NV 60065-4940','2025-04-25 06:42:21','2025-04-25 06:42:21'),(205,102,'Universidad Crist, Muller and Swaniawski','60204 Gerardo Prairie Suite 198\nWest Arjun, NM 37804-1623','2025-04-25 06:42:21','2025-04-25 06:42:21'),(206,103,'Universidad Wiza-Jones','427 Cindy Ramp\nKimborough, MT 46343-4886','2025-04-25 06:42:21','2025-04-25 06:42:21'),(207,103,'Universidad Gerhold PLC','862 Jenkins Mountain\nChristiansenmouth, HI 55970-8371','2025-04-25 06:42:21','2025-04-25 06:42:21'),(208,104,'Universidad Gorczany Group','391 Hills Tunnel\nJerrodton, AZ 93623-0799','2025-04-25 06:42:21','2025-04-25 06:42:21'),(209,104,'Universidad Kris-Graham','77314 Blick Glens\nHammesview, WV 51589-5039','2025-04-25 06:42:21','2025-04-25 06:42:21'),(210,105,'Universidad Farrell, Stanton and Okuneva','3923 Marisol Villages Suite 725\nSchimmelport, ND 58460-8914','2025-04-25 06:42:21','2025-04-25 06:42:21'),(211,105,'Universidad Green and Sons','12054 Leland Hill\nO\'Haraland, GA 83901-6504','2025-04-25 06:42:21','2025-04-25 06:42:21'),(212,106,'Universidad Rippin, Farrell and Stark','63823 Casper Heights Suite 996\nSouth Dylanborough, NE 49318','2025-04-25 06:42:21','2025-04-25 06:42:21'),(213,106,'Universidad Murray, Zboncak and Kutch','16181 Schaefer Shores Suite 225\nSouth Flaviotown, SC 82840','2025-04-25 06:42:21','2025-04-25 06:42:21'),(214,107,'Universidad Will Ltd','787 Syble Crest\nSouth Dawnmouth, IL 64687','2025-04-25 06:42:21','2025-04-25 06:42:21'),(215,107,'Universidad Davis PLC','6705 Una Station\nYostport, CA 58127-0919','2025-04-25 06:42:21','2025-04-25 06:42:21'),(216,108,'Universidad Wunsch, Stroman and Wehner','8529 Corine Walks Suite 424\nJaskolskimouth, MT 03861','2025-04-25 06:42:21','2025-04-25 06:42:21'),(217,108,'Universidad Kuvalis-Dare','40605 VonRueden Turnpike Apt. 810\nWhitestad, MS 82315','2025-04-25 06:42:21','2025-04-25 06:42:21'),(218,109,'Universidad Moen LLC','556 Hills Knolls Apt. 792\nPort Ilamouth, MD 65754-0746','2025-04-25 06:42:21','2025-04-25 06:42:21'),(219,109,'Universidad Wisoky-Schneider','681 Benjamin Crossing\nTowneborough, AR 35539','2025-04-25 06:42:21','2025-04-25 06:42:21'),(220,110,'Universidad Maggio-Schmeler','4228 Elias Causeway Apt. 512\nAriannamouth, OR 47669','2025-04-25 06:42:21','2025-04-25 06:42:21'),(221,110,'Universidad Bergnaum, Kuhic and Kassulke','886 Ericka Canyon\nEast Antoniohaven, KS 27595-2106','2025-04-25 06:42:21','2025-04-25 06:42:21'),(222,111,'Universidad Tromp, Barrows and Will','67113 Daugherty Burg\nGradyborough, IL 75414','2025-04-25 06:42:21','2025-04-25 06:42:21'),(223,111,'Universidad Huels, Hickle and Crist','72945 Mackenzie Row Apt. 289\nHillardhaven, MO 55894-4801','2025-04-25 06:42:21','2025-04-25 06:42:21'),(224,112,'Universidad Grant Group','763 Brenda Plains Suite 934\nNew Melvinfort, MN 67929','2025-04-25 06:42:21','2025-04-25 06:42:21'),(225,112,'Universidad Thompson Inc','28824 Jermey Prairie\nPort Lilliechester, IL 81712-8790','2025-04-25 06:42:21','2025-04-25 06:42:21'),(226,113,'Universidad Wehner-Mitchell','6741 Becker Row Suite 992\nDouglashaven, NV 58833','2025-04-25 06:42:21','2025-04-25 06:42:21'),(227,113,'Universidad McClure LLC','8002 Kuhn Road Suite 258\nTremaineland, NM 70555','2025-04-25 06:42:21','2025-04-25 06:42:21'),(228,114,'Universidad Kilback-Boyer','2684 Kaya Dale\nSouth Jack, CT 36635','2025-04-25 06:42:21','2025-04-25 06:42:21'),(229,114,'Universidad Gulgowski, Miller and Pouros','573 Nader Viaduct\nLake Daisyberg, MT 92523','2025-04-25 06:42:21','2025-04-25 06:42:21'),(230,115,'Universidad Ryan, Jaskolski and Erdman','2263 Theresa Mountain Suite 525\nKuhlmanmouth, MS 77377-4878','2025-04-25 06:42:21','2025-04-25 06:42:21'),(231,115,'Universidad Predovic, Brekke and Schumm','60415 Cartwright Greens Suite 574\nSouth Dorothy, MO 74855','2025-04-25 06:42:21','2025-04-25 06:42:21');
/*!40000 ALTER TABLE `universities` ENABLE KEYS */;
UNLOCK TABLES;

--
-- Table structure for table `users`
--

DROP TABLE IF EXISTS `users`;
/*!40101 SET @saved_cs_client     = @@character_set_client */;
/*!50503 SET character_set_client = utf8mb4 */;
CREATE TABLE `users` (
  `id` bigint unsigned NOT NULL AUTO_INCREMENT,
  `person_id` bigint unsigned NOT NULL,
  `code` varchar(10) COLLATE utf8mb4_unicode_ci NOT NULL,
  `email` varchar(191) COLLATE utf8mb4_unicode_ci NOT NULL,
  `password` varchar(191) COLLATE utf8mb4_unicode_ci NOT NULL,
  `created_at` timestamp NULL DEFAULT NULL,
  `updated_at` timestamp NULL DEFAULT NULL,
  PRIMARY KEY (`id`),
  UNIQUE KEY `users_person_id_unique` (`person_id`),
  UNIQUE KEY `users_email_unique` (`email`),
  CONSTRAINT `users_person_id_foreign` FOREIGN KEY (`person_id`) REFERENCES `people` (`id`) ON DELETE CASCADE ON UPDATE CASCADE
) ENGINE=InnoDB AUTO_INCREMENT=76 DEFAULT CHARSET=utf8mb4 COLLATE=utf8mb4_unicode_ci;
/*!40101 SET character_set_client = @saved_cs_client */;

--
-- Dumping data for table `users`
--

LOCK TABLES `users` WRITE;
/*!40000 ALTER TABLE `users` DISABLE KEYS */;
INSERT INTO `users` VALUES (1,3,'590371','medhurst.yvette@ufps.edu.co','$2y$10$cenfzz6rIH0uAnD.HaZI..9jfqEwKvlQ8fPW54sxlZnb09gaRLu0C','2025-04-25 06:42:36','2025-04-25 06:57:22'),(2,4,'809021','raymond73@example.net','$2y$10$F7rQY8r8nRbrxyqkvOojTOGRwnZSCSy0IoHEIJyyM6G9hxY0yCqtO','2025-04-25 06:42:36','2025-04-25 06:42:36'),(3,5,'202158','durward86@example.com','$2y$10$npwac9yTT3LcvNvtDAuFfeZVL2DVveHCDkM9jguMVPDZFzujrWkh6','2025-04-25 06:42:36','2025-04-25 06:42:36'),(4,6,'122223','aaron.bahringer@example.net','$2y$10$MFuC2XxizqJRITppYQRwNuxHozMQrIstfBbBA/Jq/NCheMqQ0aiiy','2025-04-25 06:42:36','2025-04-25 06:42:36'),(5,7,'733959','ebba.heaney@example.net','$2y$10$UvnKznNyuYkOHv.1qI7GnuewnnpK5ArdpACIcOSW.DFqR6RAcz4oW','2025-04-25 06:42:36','2025-04-25 06:42:36'),(6,8,'453153','runolfsson.bailey@example.net','$2y$10$kkJ9QzhTmUTP.QpuVzpz3OEHO.Mjdtl75OJ11LqwqShSKb/1kGwa6','2025-04-25 06:42:36','2025-04-25 06:42:36'),(7,9,'792297','kunze.bernita@example.org','$2y$10$ZfdNTM9MO2BQacxr8tB8deS5v3I9r1aZSg72QteN2HLdcK24RC5tG','2025-04-25 06:42:37','2025-04-25 06:42:37'),(8,10,'770254','unique62@example.com','$2y$10$9/Y6/oYonLFuzfbosqf4gu3YE7/ZoEBOxSt/zLuEgOu81JqkuybSq','2025-04-25 06:42:37','2025-04-25 06:42:37'),(9,11,'195230','jasmin82@example.org','$2y$10$2.mPUgrgTTMyiwScFZnB5ePB3imQxdtZ4T./YeLJSduc1DNHTNWkO','2025-04-25 06:42:37','2025-04-25 06:42:37'),(10,12,'299623','pfisher@example.com','$2y$10$dA7RnCtTb39DYDT3CLywXul8pXo7QLVJEPj8Hoyj.CkGXajT6l9X6','2025-04-25 06:42:37','2025-04-25 06:42:37'),(11,13,'263955','darrell59@example.com','$2y$10$f2cTG.kZMUtt/.cMTr5kHezBAqTZso3uplArLdHFu2iRwmLB.dH5O','2025-04-25 06:42:37','2025-04-25 06:42:37'),(12,14,'13064','ieichmann@example.net','$2y$10$Z0i3ztIKPrCKys7uUp.Zl.BY17RlsZwG5gunhnIrL0bLmjIDVDCsG','2025-04-25 06:42:37','2025-04-25 06:42:37'),(13,15,'645875','cbeier@example.net','$2y$10$.mTKDIB9Oun0FJmXN8YKIu.Nc7nLNGYXwU0RJZRDNlxUzTkMGn/u.','2025-04-25 06:42:37','2025-04-25 06:42:37'),(14,16,'346550','hirthe.orlo@example.com','$2y$10$YfkVHBf07UaT0sscOjKwseqMhNnCb79DVGXObva5dO9d1wZ7T/6Z2','2025-04-25 06:42:37','2025-04-25 06:42:37'),(15,17,'824264','osinski.marcelina@example.org','$2y$10$ZR5AzBxYytmTD6pyrV/aJe02Bian5MmEOxvF9iMVGRJqxzq5rO0OS','2025-04-25 06:42:37','2025-04-25 06:42:37'),(16,18,'785279','kiehn.delores@example.net','$2y$10$oIV.x5vipG8FxRKLw7Vg2ODEg7e9qhOGoqOx.hTRCM557/7Vxz4wK','2025-04-25 06:42:37','2025-04-25 06:42:37'),(17,19,'751914','vklocko@example.com','$2y$10$KqkbxTNK4noBsf4LbZFtvu/hHpFKNgpRYrz4HDkkOMhCbE3K7rW9y','2025-04-25 06:42:37','2025-04-25 06:42:37'),(18,20,'531475','verda.rogahn@example.com','$2y$10$gWP.lAdO9sAkAaI9.zNkd.AFvXFZmqcu3Rrwrt84sxeK4X7sHSCUu','2025-04-25 06:42:38','2025-04-25 06:42:38'),(19,21,'675296','wisoky.judson@example.net','$2y$10$jUM4c9eguja5vVUQwT7FeOdbHqSeGhue2BgqP1qalCNOVsMQVSDVC','2025-04-25 06:42:38','2025-04-25 06:42:38'),(20,22,'917720','ricardo.damore@example.net','$2y$10$.E0i7z54kVThqQWn7bFVeeW2Pr0xpAnyhxh7THnGtBh9AgK9PaFUa','2025-04-25 06:42:38','2025-04-25 06:42:38'),(21,23,'61634','qbartell@example.com','$2y$10$SjoM7wCz2/orPb588.drDucmoO55KAtBw9ywHJEiohoGUZsd0ziBe','2025-04-25 06:42:38','2025-04-25 06:42:38'),(22,24,'392733','dana58@example.com','$2y$10$WHjPV2/sFYL3cQjfPQHXNeyE0jyJ5IpbVS0VVSyhOCj.1pWOcK4nq','2025-04-25 06:42:38','2025-04-25 06:42:38'),(23,25,'49759','marian95@example.org','$2y$10$S0zxw6dVf8HTNKjfHkrBgOvlKMwV5fnn.046ygDyqkQf.ndyFjkzG','2025-04-25 06:42:38','2025-04-25 06:42:38'),(24,26,'221248','leanne.walker@example.net','$2y$10$2Zhb9Gm/ztxnpkn8I3WM0OH9tdu7COC2sEUTZU.gVYmSCX/wf5Jk.','2025-04-25 06:42:38','2025-04-25 06:42:38'),(25,27,'587667','augusta.jacobs@example.com','$2y$10$F4e6nqpI2hDjmO4cAWuIferb9dOXF6xRTiVkNg/CHOKsdfS4hky8G','2025-04-25 06:42:38','2025-04-25 06:42:38'),(26,28,'6579','kiley.jacobi@example.com','$2y$10$8rXTxNwUuraQtXfkW6Addu8Qg8fBwYxDGGwmXzeYufCqptwdmwTVi','2025-04-25 06:42:38','2025-04-25 06:42:38'),(27,29,'616877','blueilwitz@example.net','$2y$10$2kqaHzr8eOXOBQ8DHu4wKuUVlg8sFv9ubXYrCK64QFB9/k0L3Ium.','2025-04-25 06:42:38','2025-04-25 06:42:38'),(28,30,'145801','maggio.aurelia@example.com','$2y$10$Ti.czp3YHBblZOVUUT3anOSsJqKpPY6R6R5bwkKZJV//C.z7nzAti','2025-04-25 06:42:38','2025-04-25 06:42:38'),(29,31,'717544','marjory42@example.net','$2y$10$5aKwZUbk/hJsTsFjfA4Bguruehs9SdUi5n0zhyNVvxWL5sduI4bvq','2025-04-25 06:42:39','2025-04-25 06:42:39'),(30,32,'168396','britney.langworth@example.org','$2y$10$27snYtUVgy5Zk5546sSaDuUM3rYV/4Vs1YUpXnn.CENEpZXRXo1ay','2025-04-25 06:42:39','2025-04-25 06:42:39'),(31,33,'661427','kilback.fredrick@example.com','$2y$10$QpWQ7dajNyFNwda/VmEjbOQDT3aYt8cNIiTUABMcONzXz7sAlM8da','2025-04-25 06:42:39','2025-04-25 06:42:39'),(32,34,'202522','gust.ullrich@example.com','$2y$10$FhaFv7XdjTOHoOWlCcp/teRMZuRAgYwQPqKTDTSPp/5Cgo6zkruKK','2025-04-25 06:42:39','2025-04-25 06:42:39'),(33,35,'815081','doug.parisian@example.org','$2y$10$jLV47aWpQ6Dvns6thRbmyOEBYQ40e5Mcdqb7LknAKdix/w79PFp5q','2025-04-25 06:42:39','2025-04-25 06:42:39'),(34,36,'424332','toy.darby@example.net','$2y$10$iv6U2H.shaL6ZnlbLYJIne41xO2mQhz3FNUXfjchk8/lFo4QTbJTS','2025-04-25 06:42:39','2025-04-25 06:42:39'),(35,37,'654456','leif05@example.net','$2y$10$SZN91TEuRMyKA3QD5DT4bOzvjZjpmX2DFrht1HMgnkWIS0Css8CNG','2025-04-25 06:42:39','2025-04-25 06:42:39'),(36,38,'70014','yschultz@example.com','$2y$10$ZBbBlwLIhm2AtlyfI2b4MeBGVmst2vLjOO5PHYd3bW4FEWj6nafGm','2025-04-25 06:42:39','2025-04-25 06:42:39'),(37,39,'321332','may19@example.com','$2y$10$ahtakAQfBOtNTbv5unotkOHY0bZ48ehUaLQ/cDIf7yDRe3MCbgPey','2025-04-25 06:42:39','2025-04-25 06:42:39'),(38,40,'192461','qhermann@example.org','$2y$10$qnopHLFt34lxERZsNLvlYOYSilz1eblukTpDAIN7bt9sOJIOi5JmO','2025-04-25 06:42:39','2025-04-25 06:42:39'),(39,41,'821549','lori.blanda@example.net','$2y$10$dm9aPwma.bJQMWi3OrxGe.2uSw9qlCN62Ra0gWAJu5pYTvaDUfvCC','2025-04-25 06:42:39','2025-04-25 06:42:39'),(40,42,'698255','andreane.waelchi@example.org','$2y$10$KZaxrCCIWV7aA4ozZdR2JOoksQ26iH3AXbwaPGFTdtjMLg7dqukqG','2025-04-25 06:42:40','2025-04-25 06:42:40'),(41,43,'403325','yasmeen86@example.com','$2y$10$yI5HXalwJYPv.Op7m0HBKezuOHXjr.itx6LK87b8QRw..fHcWdKj.','2025-04-25 06:42:40','2025-04-25 06:42:40'),(42,44,'674233','vheaney@example.org','$2y$10$/6MExsBCPugTHM2IR4NKSeg3Y8Ha3VsG7BgyQk3GmO.0eZ6dU6PZ6','2025-04-25 06:42:40','2025-04-25 06:42:40'),(43,45,'945637','jacobson.shyann@example.net','$2y$10$6I146.xNzaoI8LEY8XXRj.VqbhpE.pjwG4iaQ0AvwpEvIlbtHXvAC','2025-04-25 06:42:40','2025-04-25 06:42:40'),(44,46,'68833','naomi.boyer@example.net','$2y$10$oRr.HwlIQf4rqWX1PQvZ4eR/6XoWKYNR3ws116c.GgBIjaDpmOhnu','2025-04-25 06:42:40','2025-04-25 06:42:40'),(45,47,'770568','pedro45@example.com','$2y$10$iSXsKwQpQh58/T.y/mk6tucbIPR.3QlbTlCnKsT9ZK5bVu9qR3RBW','2025-04-25 06:42:40','2025-04-25 06:42:40'),(46,48,'697661','ugusikowski@example.net','$2y$10$7BVaAvI8RD5ThPSrD7ehQeh.iGRgQDRvfOKsPqMl8FblSIdJfx5/e','2025-04-25 06:42:40','2025-04-25 06:42:40'),(47,49,'198765','arlie.johnston@example.net','$2y$10$k3HCMJLstfr2r8pR1rL2weu.fOZrehfCubUnoqOGmIZIEF2b8GVAS','2025-04-25 06:42:40','2025-04-25 06:42:40'),(48,50,'343897','berniece57@example.org','$2y$10$RlK7nE9wNBPf0NxqZjyNf.UKNcmNK0NKyGSgvOJXRPtWec4H9zTcK','2025-04-25 06:42:40','2025-04-25 06:42:40'),(49,51,'383948','hope03@example.org','$2y$10$yKusepaffxX3yJBOFH3.1.M.u7PG4lnl.JYmDQq2BXXg0zIlLh8G.','2025-04-25 06:42:40','2025-04-25 06:42:40'),(50,52,'955657','aileen.rolfson@example.org','$2y$10$DNzci91sVRmA0htJsbz4pe2cR2IY9BTeYu6S0tKg53CfXouKeq35i','2025-04-25 06:42:40','2025-04-25 06:42:40'),(51,53,'980629','donavon.jones@example.com','$2y$10$MKlig64Z0ojpjpNUnpKrB.8oUfZlKIXAGx0jiP1BwJN0.5rrna9vm','2025-04-25 06:42:41','2025-04-25 06:42:41'),(52,54,'132214','emelia58@example.net','$2y$10$n3Yk.Yr6JJsyDi7DIT18.eZjbm1o1E7pC6NmQw5doDhKxRZ13.IQm','2025-04-25 06:42:41','2025-04-25 06:42:41'),(53,55,'110725','amiya.pollich@example.net','$2y$10$29/Y9TUUhX6rB/oaMLgKq.KCoKQk73N9e4uNRO0F/SiU2FOFn9ojm','2025-04-25 06:42:41','2025-04-25 06:42:41'),(54,56,'475110','wisozk.amparo@example.com','$2y$10$Z8LZwHZrdqhyWZ6wpxL7NevANlviLTpmbArnVX5tXBQ/s.dxIYKq2','2025-04-25 06:42:41','2025-04-25 06:42:41'),(55,57,'136655','stromp@example.org','$2y$10$nkco/roRg2Q1IsQE.aQSJesngdtQ0XAyJXgf0QU.Ca.YAtY0xqxGi','2025-04-25 06:42:41','2025-04-25 06:42:41'),(56,58,'662029','davion.okuneva@example.org','$2y$10$C3PqJX1WPTfTBWOQ213fGOvenOPqG8cddEOCRaYNpGNQUhCNelVRK','2025-04-25 06:42:41','2025-04-25 06:42:41'),(57,59,'669892','frau@example.org','$2y$10$WFgWR5bV80KAzA7niuWJuesPTWzrfZ7GBuOrujnKOm5wf8sG8cmBW','2025-04-25 06:42:41','2025-04-25 06:42:41'),(58,60,'912242','kunde.ila@example.com','$2y$10$62.mSs4sXTZaENZEWdzoDOfXemzo6j6r4/vss571jz3JQhCSfOtFa','2025-04-25 06:42:41','2025-04-25 06:42:41'),(59,61,'630949','zweber@example.net','$2y$10$ovQshInxBdBXw2se1f0Mwe2RNeZFqyvleqawyZ5ZGoK7JmwYpsC46','2025-04-25 06:42:41','2025-04-25 06:42:41'),(60,62,'303829','ozella.becker@example.org','$2y$10$eX7ZEFpcwnNQT6ZhrvbEluXlLy9DtV8GrPT0//8BuR9zSpEmWBKOu','2025-04-25 06:42:41','2025-04-25 06:42:41'),(61,63,'435825','howell.terrell@example.org','$2y$10$ElIsVP/1iDV4m825vSOi7eEBctZ2Jb0CLHE8njMmt0F/oV7oOOD7y','2025-04-25 06:42:41','2025-04-25 06:42:41'),(62,64,'459862','ojacobs@example.org','$2y$10$ueW4NOZZFt90lfK7O.g3wu7ezupXosK5eBQSdvWJXcElLDnfXArFS','2025-04-25 06:42:42','2025-04-25 06:42:42'),(63,65,'537881','mcclure.cooper@example.net','$2y$10$hVehstXT1BYRZ8WCB9d9OOaPVgnfSEJaGm7j/o45GtTrBfPPyrbOC','2025-04-25 06:42:42','2025-04-25 06:42:42'),(64,66,'386903','fschroeder@example.net','$2y$10$pmvm4bcwx3gIWVrJpNcl8OYIst6qjUiLEBTRwpO4QOvlOAb2anokS','2025-04-25 06:42:42','2025-04-25 06:42:42'),(65,67,'430671','monte.kassulke@example.com','$2y$10$yOUx9rBo37Tr1KtABHFbGuZXabyryLofqMzS4NTUq19hpYv5FDqfG','2025-04-25 06:42:42','2025-04-25 06:42:42'),(66,68,'983891','velma.dickinson@example.net','$2y$10$MGw1caCBMx/iwM.r4Exh4.IWz7hD1HQ/F9Lun47Am4KmCLURpBw/G','2025-04-25 06:42:42','2025-04-25 06:42:42'),(67,69,'378614','xheidenreich@example.net','$2y$10$P6awdV7xLdwAaatjdhkpeuY1OKOfSslOCi59wqG.k1jgeodIz.vdS','2025-04-25 06:42:42','2025-04-25 06:42:42'),(68,70,'483528','hershel.schultz@example.net','$2y$10$0LLe69gzqFItLUSqvOt9BumVOdr4/gMou4IPP46s8VT3n2fdOyWf6','2025-04-25 06:42:42','2025-04-25 06:42:42'),(69,71,'846157','reggie.gaylord@example.org','$2y$10$EPC3bpbOGohsQngOblj86ePElb6zfmqU1yGUyiB2GuODcW0GY/FnW','2025-04-25 06:42:42','2025-04-25 06:42:42'),(70,72,'134473','kkoch@example.org','$2y$10$lMT31JexJ2O4CAElaaV3x.f3C3yVGzUi2gwWGIMY5UKCd.FsR2TPO','2025-04-25 06:42:42','2025-04-25 06:42:42'),(71,73,'687608','kkovacek@example.net','$2y$10$eJho3n0Ibn/XdV8/2Y9LYOrbDTxrRjrl6m9rvpBYzgqk4.JR1wKCe','2025-04-25 06:42:42','2025-04-25 06:42:42'),(72,74,'272762','ankunding.meagan@example.org','$2y$10$anKxq5fxktO012islO5UJOeBXl1pGJeT1V9gH2uo9KiXyorEjnouS','2025-04-25 06:42:42','2025-04-25 06:42:42'),(73,75,'999491','rkrajcik@example.org','$2y$10$vQ6RrPSSVAaXOfVB/.qq0O5JhdFQiKz2pxxiBgRywnop8JFl2oTHK','2025-04-25 06:42:43','2025-04-25 06:42:43'),(74,76,'467512','austen08@example.net','$2y$10$GiOj5.Mdr4TD5Yox5oG.P.gvj3I3OKrV7Rg9AZJVPUiD04sVD.OvS','2025-04-25 06:42:43','2025-04-25 06:42:43'),(75,77,'864365','aruecker@example.com','$2y$10$MdUeqx.OX5GTRQiU/nsqrObmR6r6wp9U4EYfXg1WjYjfoKYhcS9LS','2025-04-25 06:42:43','2025-04-25 06:42:43');
/*!40000 ALTER TABLE `users` ENABLE KEYS */;
UNLOCK TABLES;
/*!40103 SET TIME_ZONE=@OLD_TIME_ZONE */;

/*!40101 SET SQL_MODE=@OLD_SQL_MODE */;
/*!40014 SET FOREIGN_KEY_CHECKS=@OLD_FOREIGN_KEY_CHECKS */;
/*!40014 SET UNIQUE_CHECKS=@OLD_UNIQUE_CHECKS */;
/*!40101 SET CHARACTER_SET_CLIENT=@OLD_CHARACTER_SET_CLIENT */;
/*!40101 SET CHARACTER_SET_RESULTS=@OLD_CHARACTER_SET_RESULTS */;
/*!40101 SET COLLATION_CONNECTION=@OLD_COLLATION_CONNECTION */;
/*!40111 SET SQL_NOTES=@OLD_SQL_NOTES */;

-- Dump completed on 2025-04-25  1:22:37
